signal_id,symbol,timeframe,direction,created_at,source,result,pnl_pct,net_pnl_pct,win,hours_in_trade,sl_source,entry_price,exit_price,rr,ema_strength,ema_spread_pct,ema_slope_ok,adx_value,adx_strength,supertrend_strength,macd_hist_normalized,rsi_value,rsi_strength,volume_ratio,volume_delta,dmi_strength,has_bos,bos_type,has_sweep,sweep_strength,has_ob,ob_valid,structure_trend,structure_breaks,regime,regime_confidence,atr_percentile,ema_spread_trend,signal_score,score_verdict,close,high,low,volume,ema_fast,ema_slow,ema_trend,ema_fast_prev,ema_slow_prev,rsi,macd,macd_signal,macd_hist,macd_hist_prev,adx,dmi_plus,dmi_minus,atr,supertrend,supertrend_direction,volume_sma,volume_delta_pct,ema_bullish_cross,ema_bearish_cross,ema_bullish_alignment,ema_bearish_alignment,macd_bullish_cross,macd_bearish_cross,volume_above_avg,supertrend_bullish,supertrend_bearish,trend_is_strong
BTC_USDT_ec8ed070,BTC/USDT,1h,SELL,2026-01-25 19:00:00+00:00,backtest,SL,-1.0,-1.2,False,13.0,atr,87250.0,88122.5,1.0,-0.6989928115035906,0.699,True,45.4171185157879,0.8472372838595966,0.8472372838595966,-0.223266,13.321314172324975,-1.0,3.4604,,1.0,False,,False,0.0,False,False,bearish,1,expansion,1.0,55.24193548387096,rising,5,moderate,86459.5,87466.4,86143.1,3586.9807,87765.05952119222,88378.5309782572,88953.69967626619,88138.07652724715,88570.43407608292,13.321314172324975,-613.4714570649812,-420.4371746160339,-193.03428244894735,-108.43751544421445,45.4171185157879,5.990173581216037,47.11420708442688,456.48102228770654,88113.64772044319,-1,1036.594745,,False,False,False,True,False,False,True,False,True,True
BTC_USDT_ccebdb8d,BTC/USDT,1h,BUY,2026-01-28 06:00:00+00:00,backtest,SL,-1.0,-1.2,False,20.0,bos,89205.0,88312.95,1.0,0.3386155085161667,0.3386,True,21.210998791022533,0.04036662636741776,0.3,-0.026704,60.511712461087676,0.0,0.4736,,0.36459218848581293,True,bullish,False,0.0,False,False,bullish,1,range,0.3,52.44299674267101,falling,4,moderate,89285.6,89368.1,89043.5,457.5812,89101.51295721455,88800.81961032453,88502.79269793919,89048.91665927586,88752.34157135698,60.511712461087676,300.69334689002426,324.5359121977147,-23.84256530769045,-39.882106932689055,21.210998791022533,22.594463290039595,13.479658577894272,471.22014398310176,88080.37833664678,1,966.1037799999999,,False,False,True,False,False,False,False,True,False,True
BTC_USDT_de3a9a37,BTC/USDT,1h,SELL,2026-01-29 07:00:00+00:00,backtest,TP,1.7685,1.5685,True,8.0,atr,88286.9,86725.52968016,1.77,-0.4186414531103815,0.4186,True,21.0687167423744,0.03562389141247995,0.3,-0.037519,39.84205062386293,0.0,0.3227,,0.3365474299029861,True,bullish,True,0.8,False,False,bearish,2,range,0.3,60.54216867469879,rising,4,moderate,88309.3,88390.5,88208.9,312.736,88413.63398485715,88783.77010691905,88800.0802875722,88443.44369481635,88831.21711761096,39.84205062386293,-370.1361220619001,-337.0032373040771,-33.13288475782298,-67.33662786944012,21.0687167423744,14.785177121867578,23.19886286944223,520.4567732790317,89540.96487720874,-1,969.0791800000002,,False,False,False,True,False,False,False,False,True,True
BTC_USDT_1fcd0ae7,BTC/USDT,1h,SELL,2026-01-29 15:00:00+00:00,backtest,TP,2.2622,2.0622,True,4.0,atr,85291.6,83362.09969209,2.0,-0.9314594727398053,0.9315,True,30.47772747918519,0.34925758263950635,0.34925758263950635,-0.312196,14.160234106628579,-1.0,8.1679,,1.0,False,,True,0.8,False,False,bearish,1,expansion,1.0,92.64705882352942,rising,5,moderate,84892.9,87000.0,84326.1,9723.5689,87167.02394610122,87978.94944775256,88441.3998934172,87816.77364498729,88287.55439252782,14.160234106628579,-811.9255016513343,-546.8936067683927,-265.03189488294163,-56.403088213606054,30.47772747918519,7.505375823172428,52.91021702032861,643.1667693044865,87391.13450914105,-1,1190.46234,,False,False,False,True,False,False,True,False,True,True
BTC_USDT_1388c5c0,BTC/USDT,1h,SELL,2026-02-01 21:00:00+00:00,backtest,SL,-1.6701,-1.8701,False,3.0,atr,76709.5,77990.60483296,1.0,-1.0,1.01,True,57.24730162232004,1.0,1.0,-0.104877,25.971626485129967,-1.0,1.7404,,0.8943365635752895,False,,False,0.0,False,False,ranging,0,trend,1.0,93.0622009569378,rising,5,moderate,76491.9,77140.0,76320.7,1715.3129,77383.40235919587,78164.99675383243,80143.29666862277,77638.1173189661,78332.30642921566,25.971626485129967,-781.5943946365587,-701.3722680156202,-80.22212662093852,-32.927905544406485,57.24730162232004,9.031639512215742,31.390053601597977,854.0698886403615,78877.95563035306,-1,985.5876000000001,,False,False,False,True,False,False,True,False,True,True
BTC_USDT_622cf68c,BTC/USDT,1h,SELL,2026-02-03 16:00:00+00:00,backtest,TP,3.5596,3.3596,True,2.0,structural,77319.4,74567.1,3.51,-0.4229621489878368,0.423,True,24.016480833691617,0.13388269445638723,0.3,-0.243647,34.1514542315093,0.0,3.1461,,0.7100015444191701,False,,True,1.0,False,False,ranging,0,range,0.3,84.1648590021692,rising,5,moderate,76458.4,78099.4,76448.4,3823.2931,77711.32839873477,78040.01790333705,78452.59016184918,78069.3079412304,78198.17969367075,34.1514542315093,-328.6895046022837,-142.40072734776305,-186.28877725452065,-79.6154137198446,24.016480833691617,8.810661070866104,26.560699681345355,815.0183066068977,79335.07632886115,-1,1215.249195,,False,False,False,True,False,False,True,False,True,True
BTC_USDT_a9c4e604,BTC/USDT,1h,SELL,2026-02-03 18:00:00+00:00,backtest,SL,-1.9444,-2.1444,False,2.0,atr,74650.1,76101.60020778,1.0,-1.0,1.4843,True,30.319484392092903,0.3439828130697634,0.3439828130697634,-0.740559,19.90225194099084,-1.0,4.0598,,1.0,False,,True,1.0,False,False,ranging,0,expansion,1.0,94.38444924406048,rising,5,moderate,73116.8,75271.8,73112.5,7133.936,76199.6949572593,77330.69082920415,78138.7391938623,77080.52208790481,77752.07991212458,19.90225194099084,-1130.9958719448477,-589.5229081850142,-541.4729637598335,-352.77139791466874,30.319484392092903,6.398536458301226,43.070358119258515,967.6668051865602,76777.00782637754,-1,1757.1962850000002,,False,False,False,True,False,False,True,False,True,True
BTC_USDT_0cdbd147,BTC/USDT,1h,SELL,2026-02-05 17:00:00+00:00,backtest,TP,5.7875,5.5875,True,3.0,atr,67225.6,63334.89798021,2.0,-1.0,2.6657,True,56.488075330887234,1.0,1.0,-0.429912,20.195423919285542,-1.0,1.6947,,1.0,False,,False,0.0,False,False,ranging,0,expansion,1.0,100.0,rising,5,moderate,66152.6,68357.2,66125.7,5582.6675,68604.75841121412,70433.54455083788,73101.45619960505,69305.37510013244,70861.63900592166,20.195423919285542,-1828.7861396237568,-1544.3878628695134,-284.3982767542434,-154.07518129683126,56.488075330887234,8.74940968597149,35.26123018787686,1296.9006732637868,70727.29997469489,-1,3294.19797,,False,False,False,True,False,False,True,False,True,True
BTC_USDT_7e1b964b,BTC/USDT,1h,BUY,2026-02-08 15:00:00+00:00,backtest,SL,-1.4304,-1.6304,False,1.0,atr,71324.1,70303.91059922,1.0,0.9666939098447581,0.9667,True,23.526889426356504,0.11756298087855015,0.3,0.116585,66.74236851307532,0.0,1.5838,,0.5385034230853337,False,,False,0.0,False,False,ranging,0,range,0.3,58.620689655172406,rising,6,strong,71152.2,71421.8,70744.5,1553.087,70823.41403172204,70145.32346177615,69683.71152514324,70729.47518364263,70044.63580795376,66.74236851307532,678.0905699458963,595.137441294291,82.95312865160531,131.17849872038073,23.526889426356504,27.632567677045433,14.16998209991209,680.1262671857564,69714.328339983,1,980.6200150000001,,False,False,True,False,False,False,True,True,False,True
BTC_USDT_ae5dff58,BTC/USDT,1h,BUY,2026-02-08 22:00:00+00:00,backtest,SL,-1.3709,-1.5709,False,10.0,atr,70802.6,69831.97733992,1.0,0.5488923096984433,0.5489,True,20.881691575353283,0.029389719178442776,0.3,-0.087966,57.36387789659302,0.0,0.5298,,0.16967040336653483,True,bullish,False,0.0,False,False,bullish,1,range,0.3,55.70698466780238,falling,4,moderate,71036.9,71072.1,70622.8,609.0135,70897.47655159932,70510.45011339315,69953.77565469389,70857.6412806277,70457.80512473246,57.36387789659302,387.0264382061723,449.5148114090997,-62.48837320292739,-80.92284211533234,20.881691575353283,22.55972783671193,18.317967752548558,647.081773384102,69730.55716697655,1,1149.4690900000003,,False,False,True,False,False,False,False,True,False,True
BTC_USDT_c53252a3,BTC/USDT,1h,SELL,2026-02-09 13:00:00+00:00,backtest,SL,-1.0,-1.2,False,3.0,structural,69208.4,69900.484,1.0,-0.832796025139332,0.8328,True,24.239673520297202,0.14132245067657342,0.3,-0.263755,30.341186894117282,0.0,0.7973,,0.4230751838766,True,bullish,True,0.8,False,False,bullish,1,range,0.3,61.79401993355482,rising,4,moderate,68557.6,69267.9,68539.8,1210.3293,69354.97812108646,69932.56362211512,69945.39279935646,69582.80044139687,70070.05998432664,30.341186894117282,-577.5855010286614,-396.76128549927097,-180.82421552939041,-180.91036519518957,24.239673520297202,15.854563968701896,26.431443565616895,727.5642152659082,70666.2225875834,-1,1518.0599700000002,,False,False,False,True,False,False,False,False,True,True
BTC_USDT_200ea96a,BTC/USDT,1h,SELL,2026-02-10 08:00:00+00:00,backtest,SL,-1.5297,-1.7297,False,9.0,atr,68800.6,69853.00847388,1.0,-0.5089178782585795,0.5089,True,20.96276804632355,0.032092268210785,-0.3,-0.153879,40.09779538600684,0.0,0.6901,,0.590307707026943,False,,True,0.6,False,False,bearish,1,range,0.3,57.48792270531401,rising,3,weak,69091.4,69187.9,68688.7,871.2461,69385.97359546396,69739.09122009506,69888.27694052085,69470.13747988225,69803.86034210456,40.09779538600684,-353.11762463109335,-246.8003746105967,-106.31725002049666,-140.08111262195632,20.96276804632355,11.337284881034707,26.094977556708283,701.6056492548903,68609.7073227537,1,1262.524005,,False,False,False,True,False,False,False,True,False,True
BTC_USDT_0609d16d,BTC/USDT,1h,SELL,2026-02-11 14:00:00+00:00,backtest,TP,3.3173,3.1173,True,1.0,structural,68419.4,66149.73826706,2.69,-0.9241751389756583,0.9242,True,32.41634668637955,0.41387822287931825,0.41387822287931825,0.048275,33.93857545324821,0.0,4.2866,,-0.10428351108613797,False,,False,0.0,False,False,ranging,0,expansion,1.0,63.133640552995395,falling,3,weak,66553.8,68800.0,66412.3,4537.5524,67057.52626262137,67677.25524915259,68591.11710967374,67201.44805194176,67789.60077406785,33.93857545324821,-619.7289865312196,-651.8577925822143,32.12880605099474,79.76947348162037,32.41634668637955,22.249336808793917,19.642249031640468,756.5539109812721,68108.863153099,-1,1058.532615,,False,False,False,True,False,False,True,False,True,True
BTC_USDT_ebc12a69,BTC/USDT,1h,SELL,2026-02-12 21:00:00+00:00,backtest,SL,-1.7026,-1.9026,False,6.0,atr,65645.1,66762.75440659,1.0,-0.9431649819316059,0.9432,True,20.27901666725158,0.009300555575052627,0.3,-0.178358,38.40312955715792,0.0,0.4438,,0.38251624327562667,True,bullish,True,0.8,False,False,bullish,1,range,0.3,61.14369501466276,rising,4,moderate,65814.2,65874.5,65399.2,478.8711,66067.89875680191,66691.02804217409,67440.85387051958,66140.38411588817,66778.7108463915,38.40312955715792,-623.1292853721825,-505.7440878077111,-117.38519756447141,-191.27524147786153,20.27901666725158,14.4922336038216,24.055139685712266,745.1029377289886,67359.43095504849,-1,1079.1148200000002,,False,False,False,True,False,False,False,False,True,True
BTC_USDT_b11b0d3c,BTC/USDT,1h,BUY,2026-02-13 22:00:00+00:00,backtest,TP,2.5125,2.3125,True,13.0,atr,68706.8,70433.04080206,2.0,1.0,1.0923,True,31.56755675924755,0.38558522530825173,0.38558522530825173,0.019664,73.4974785475894,-1.0,0.3313,,0.7132861376115462,True,bullish,False,0.0,False,False,bearish,2,range,0.3,37.765205091937766,falling,4,moderate,68966.4,68979.7,68697.1,334.1522,68655.69135477369,67913.85337770057,67551.00925703095,68566.91745613761,67808.59871547062,73.4974785475894,741.8379770731262,728.2765314940893,13.5614455790369,36.82293196241858,31.56755675924755,27.62369397598209,9.79154053569343,575.4136006851729,67457.68110909734,1,1008.6494700000001,,False,False,True,False,False,False,False,True,False,True
BTC_USDT_ccc58bfe,BTC/USDT,1h,BUY,2026-02-15 07:00:00+00:00,backtest,SL,-1.0,-1.2,False,5.0,atr,70382.1,69678.279,1.0,0.5034995572335855,0.5035,True,41.15511731933982,0.7051705773113274,0.7051705773113274,0.10241,75.19077006215502,-1.0,1.6362,,0.833904146962536,False,,False,0.0,False,False,ranging,0,trend,0.7692519553223304,22.027027027027028,rising,6,strong,70782.2,70893.7,70270.0,1040.5079,70194.85623029445,69843.19604743781,69086.98633558264,70027.04372466428,69749.2956521816,75.19077006215502,351.6601828566345,279.1723248641157,72.4878579925188,34.8196766148329,41.15511731933982,30.074713017495856,9.227109343432454,451.2313457837415,69449.54666217594,1,635.930145,,False,False,True,False,False,False,True,True,False,True
BTC_USDT_e5bb260a,BTC/USDT,1h,SELL,2026-02-16 02:00:00+00:00,backtest,SL,-1.0829,-1.2829,False,10.0,atr,68539.7,69281.91446636,1.0,-0.5038497281338628,0.5038,True,34.240064339993566,0.4746688113331189,0.4746688113331189,-0.006626,32.43907761724456,0.0,0.5359,,0.6659884642200942,True,bullish,True,0.8,False,False,bearish,2,range,0.3,29.77602108036891,falling,3,weak,68296.2,68702.0,68212.0,402.0045,68663.38460721428,69009.34488388523,69037.85516879133,68768.29449498978,69080.65937227376,32.43907761724456,-345.9602766709577,-341.43471735592993,-4.525559315027749,26.807060414435455,34.240064339993566,13.347196324307122,29.996907929809478,494.8096442431115,69581.73962645794,-1,750.0978700000002,,False,False,False,True,False,True,False,False,True,True
BTC_USDT_ff4441ed,BTC/USDT,1h,SELL,2026-02-16 15:00:00+00:00,backtest,SL,-1.0952,-1.2952,False,11.0,structural,68304.9,69053.0,1.0,-0.3544272057558586,0.3544,True,22.314625855921538,0.07715419519738459,0.3,-0.157932,33.99412774801866,0.0,2.7756,,0.48412195341705117,False,,True,1.0,False,False,ranging,0,expansion,1.0,51.94300518134715,rising,5,moderate,67501.9,68565.5,67253.8,2279.1862,68446.65151835707,68689.24507276704,68867.76442187325,68716.58052360195,68807.97958004374,33.99412774801866,-242.59355440996296,-135.98639050766712,-106.60716390229584,-8.716247885271656,22.314625855921538,18.146343557593227,30.249392393019505,630.8584137925855,69626.44952968278,-1,821.1508200000001,,False,False,False,True,False,False,True,False,True,True
BTC_USDT_5d14c446,BTC/USDT,1h,SELL,2026-02-23 01:00:00+00:00,backtest,SL,-1.0687,-1.2687,False,8.0,atr,65443.7,66143.07014701,1.0,-0.9095926365475407,0.9096,True,26.139915659184478,0.20466385530614925,0.3,-0.432638,10.489375163275385,-1.0,7.1154,,1.0,False,,False,0.0,False,False,bearish,1,expansion,1.0,28.077753779697623,rising,5,moderate,64387.5,66702.8,64256.6,6051.0453,66709.24100238003,67316.02334643443,67611.76503508759,67372.59557448862,67608.87568107787,10.489375163275385,-606.7823440544016,-328.2177337773078,-278.56461027709383,-47.34467795049545,26.139915659184478,8.604998759304703,59.991338825701746,466.2467646709704,66831.861158809,-1,850.4139949999999,,False,False,False,True,False,False,True,False,True,True
BTC_USDT_a02d0cee,BTC/USDT,1h,BUY,2026-02-25 14:00:00+00:00,backtest,TP,2.6407,2.4407,True,2.0,bos,66446.3,68200.92057057,2.64,0.9745762669791299,0.9746,True,22.117680559847173,0.07058935199490576,0.3,0.196758,78.53579348517373,-1.0,2.0074,,0.739091222448291,True,bullish,False,0.0,False,False,bearish,2,range,0.3,52.988855116514685,rising,6,strong,66944.0,66985.2,66171.2,1660.5646,65903.50025134686,65267.419471111694,65132.07749883885,65606.21460887454,65099.761418222864,78.53579348517373,636.0807802351701,504.36291308277856,131.71786715239153,67.94921114508861,22.117680559847173,35.53194944223277,17.0546688810255,584.8735235219498,65106.81340589449,1,827.2164750000001,,False,False,True,False,False,False,True,True,False,True
BTC_USDT_bd63c183,BTC/USDT,1h,SELL,2026-02-28 06:00:00+00:00,backtest,TP,2.7263,2.5263,True,1.0,atr,65464.2,63679.42846775,2.0,-0.9110710294792403,0.9111,True,30.623090079355666,0.3541030026451889,0.3541030026451889,-0.279896,16.337153814236196,-1.0,4.0569,,1.0,False,,False,0.0,False,False,bearish,1,expansion,1.0,55.56612749762131,rising,5,moderate,63178.7,65573.6,62981.4,4201.4192,65144.30671954096,65737.8176254178,66330.12392295836,65705.90863940981,65993.72938795957,16.337153814236196,-593.5109058768357,-416.6765182822536,-176.83438759458215,40.43857593520738,30.623090079355666,8.885673241857287,47.646178014925184,594.9238440825466,65839.41306871244,-1,1035.611995,,False,False,False,True,False,True,True,False,True,True
BTC_USDT_3b61efa0,BTC/USDT,1h,BUY,2026-03-01 13:00:00+00:00,backtest,SL,-1.0,-1.2,False,7.0,structural,66280.8,65617.992,1.0,0.22585418142546718,0.2259,True,20.23343599711306,0.0077811999037686284,0.3,-0.113341,57.090532055729014,0.0,1.5276,,0.18720329877193506,True,bullish,False,0.0,False,False,bullish,1,range,0.3,67.09796672828097,falling,5,moderate,66908.8,67341.2,66105.0,1264.0284,66653.91394692687,66503.7125313716,66268.86988074631,66581.08936033455,66463.20378450876,57.090532055729014,150.20141555527516,226.0365644232831,-75.83514886800793,-146.06856303150198,20.23343599711306,22.77340029384856,18.093317824550184,678.5659516428834,65590.78961853922,1,827.4438400000001,,False,False,True,False,False,False,True,True,False,True
BTC_USDT_87a82560,BTC/USDT,1h,BUY,2026-03-02 18:00:00+00:00,backtest,SL,-1.9058,-2.1058,False,11.0,atr,69160.8,67842.76749873,1.0,1.0,1.3381,True,20.130702556932135,0.004356751897737847,0.3,0.405908,67.57974235313579,0.0,0.5506,,0.8641382829373114,False,,True,1.0,True,True,ranging,0,range,0.3,87.3087308730873,rising,5,moderate,68851.4,69242.3,68700.1,679.5275,68061.21541237313,67162.53326520576,66624.89980439482,67835.44838733687,66993.64659172633,67.57974235313579,898.6821471673757,619.2087939439295,279.4733532234461,362.32967827834034,20.130702556932135,36.35770269543117,14.754245621998386,878.6883341766912,67025.53025635038,1,1234.209465,,False,False,True,False,False,False,False,True,False,True
BTC_USDT_d46e65b0,BTC/USDT,1h,BUY,2026-03-04 15:00:00+00:00,backtest,SL,-1.9139,-2.1139,False,34.0,atr,71958.1,70580.9041902,1.0,1.0,1.9786,True,31.074412058102503,0.3691470686034168,0.3691470686034168,0.305936,85.22868913796307,-1.0,2.4069,,1.0,False,,False,0.0,False,False,ranging,0,trend,0.601240200968375,89.53287197231833,rising,6,strong,73345.0,73426.0,71554.0,3024.2339,71419.00095914645,70033.30668993434,68703.24077775491,70868.71551890258,69702.13735892778,85.22868913796307,1385.6942692121083,1161.3056103052265,224.3886589068818,117.46687912301513,31.074412058102503,41.133893290761,11.046274108437318,918.1305398677108,70078.96128985359,1,1256.4593,,False,False,True,False,False,False,True,True,False,True
BTC_USDT_44976595,BTC/USDT,1h,BUY,2026-03-09 15:00:00+00:00,backtest,TP,3.8283,3.6283,True,81.0,atr,69132.4,71779.0,2.65,0.8681956454498531,0.8682,True,27.94663574667628,0.2648878582225426,0.3,0.19979,66.3674936443629,0.0,0.907,,0.7270900302060048,False,,True,0.8,False,False,bearish,1,trend,0.549110595777938,62.93103448275862,rising,5,moderate,68828.7,69216.6,68700.0,968.4674,68341.44318655405,67753.21274385949,67736.73992865371,68202.22695414093,67645.66401824544,66.3674936443629,588.230442694563,450.7173975926785,137.51304510188447,174.60206085375398,27.94663574667628,30.347649559635965,12.170398804485847,666.7679031574228,67263.2140124069,1,1067.75105,,False,False,True,False,False,False,False,True,False,True
BTC_USDT_b6d91cef,BTC/USDT,1h,BUY,2026-03-13 07:00:00+00:00,backtest,TP,2.3825,2.1825,True,6.0,atr,71395.0,73095.98011014,2.0,0.6538565027970886,0.6539,True,20.0522110274453,0.0017403675815099717,0.3,0.039712,64.54274194283747,0.0,0.6565,,0.3696489454172502,True,bullish,False,0.0,False,False,bullish,1,range,0.3,41.422287390029325,stable,5,moderate,71587.2,71643.8,71202.5,688.6447,71271.86765134508,70808.8791902022,70293.25391953994,71181.77269458653,70731.04710922243,64.54274194283747,462.98846114287153,434.5600363413025,28.428424801569008,30.379761423578373,20.0522110274453,21.47304332166594,12.231819686234687,566.993370045078,70040.30054288942,1,1048.942015,,False,False,True,False,False,False,False,True,False,True
BTC_USDT_cab59ccd,BTC/USDT,1h,BUY,2026-03-13 13:00:00+00:00,backtest,SL,-1.5572,-1.7572,False,3.0,bos,72755.1,71622.1895,1.0,1.0,1.0884,True,30.912268637962235,0.3637422879320745,0.3637422879320745,0.176462,78.68230268419656,-1.0,3.1589,,1.0,True,bullish,False,0.0,False,False,bullish,1,trend,0.598537810632704,48.54014598540146,rising,6,strong,73341.6,73558.0,72639.8,3036.5231,72319.01706137294,71540.34682339599,70713.99069678507,72026.8505074795,71360.22150573558,78.68230268419656,778.6702379769558,649.2500276867036,129.42021029025227,82.08907920233946,30.912268637962235,34.36822892703822,7.496377448123725,593.0748467334396,71610.64808941369,1,961.2579100000002,,False,False,True,False,False,False,True,True,False,True
BTC_USDT_a7f5ba36,BTC/USDT,1h,BUY,2026-03-15 22:00:00+00:00,backtest,TP,1.8078,1.6078,True,1.0,bos,71766.5,73063.90724129,1.81,0.4142812012255705,0.4143,True,29.49485966506618,0.31649532216887266,0.31649532216887266,0.134503,75.83321644490222,-1.0,3.0596,,1.0,True,bullish,False,0.0,False,False,bullish,1,compression,0.09250175192711974,18.149964961457606,rising,6,strong,72715.7,73100.0,71681.1,1771.989,71906.55325810588,71609.8869582191,71262.90595409571,71675.36847470756,71499.305654041,75.83321644490222,296.66629988678324,198.86159438931927,97.80470549746397,26.10357902596968,29.49485966506618,38.049610052542306,8.905179981456113,432.46908043152575,71202.3661720952,1,579.1649600000001,,False,False,True,False,False,False,True,True,False,True
BTC_USDT_775eab01,BTC/USDT,1h,BUY,2026-03-16 01:00:00+00:00,backtest,TP,1.9676,1.7676,True,2.0,bos,72285.4,73707.67493044,1.91,0.6043993329998318,0.6044,True,35.460646754131396,0.5153548918043799,0.5153548918043799,0.116531,70.14017178545001,0.0,0.9449,,0.795732244685653,True,bullish,False,0.0,False,False,bullish,1,trend,0.6743441125688566,25.664335664335663,rising,5,moderate,72721.0,72812.0,72250.0,596.5888,72305.98267150935,71871.59125335769,71407.63282135868,72187.4062919406,71786.65037869346,70.14017178545001,434.3914181516593,349.64895149121094,84.74246666044837,93.47819508614936,35.460646754131396,28.82150402537536,8.928197908234036,474.09164347961394,71500.95955488569,1,631.38922,,False,False,True,False,False,False,False,True,False,True
BTC_USDT_80d9619f,BTC/USDT,1h,BUY,2026-03-16 03:00:00+00:00,backtest,TP,2.3845,2.1845,True,1.0,bos,72486.8,74215.27736349,1.83,0.7445484832512709,0.7445,True,39.215253490321444,0.6405084496773815,0.6405084496773815,0.148909,75.49319998360006,-1.0,3.833,,1.0,True,bullish,False,0.0,False,False,bullish,1,expansion,1.0,45.32122905027933,rising,6,strong,73538.9,74290.0,72395.7,2984.0679,72610.09322103651,72073.47128376669,71520.69085047254,72344.71985561839,71926.92841214336,75.49319998360006,536.6219372698251,427.11605608048603,109.5058811893391,45.42832798921091,39.215253490321444,38.766942389610975,6.334528589454787,576.1591211635448,71708.3491289605,1,778.5284750000001,,False,False,True,False,False,False,True,True,False,True
BTC_USDT_885b0b8a,BTC/USDT,1h,BUY,2026-03-16 10:00:00+00:00,backtest,TP,2.4085,2.2085,True,14.0,atr,73305.0,75070.5637205,2.0,0.7803322267440244,0.7803,True,44.155676178665914,0.8051892059555305,0.8051892059555305,-0.043076,65.0432943439468,0.0,0.8611,,0.6835935230650256,True,bullish,False,0.0,False,False,bullish,1,range,0.3,48.64489228630994,falling,4,moderate,73749.3,73749.5,73165.8,787.9006,73365.63630831227,72797.57338291773,71983.61804647061,73256.0181106872,72702.40072120952,65.0432943439468,568.0629253945372,599.8309126646327,-31.767987270095546,-62.097516821992826,44.155676178665914,29.129523388615407,12.03968531198977,588.5212401661154,72292.59179445801,1,915.01127,,False,False,True,False,False,False,False,True,False,True
BTC_USDT_54ea7087,BTC/USDT,1h,SELL,2026-03-19 12:00:00+00:00,backtest,SL,-1.1582,-1.3582,False,8.0,atr,69770.9,70578.96948683,1.0,-1.0,1.064,True,46.15259304134712,0.8717531013782372,0.8717531013782372,-0.078536,22.082260907617986,-1.0,2.4285,,1.0,False,,False,0.0,False,False,ranging,0,range,0.3,36.08724388631857,stable,5,moderate,69262.5,69922.5,69080.0,2064.3474,70092.95542945414,70838.71410926968,71958.87676114684,70330.22840929819,70996.33552019666,22.082260907617986,-745.7586798155389,-691.3625661409028,-54.396113674636126,-1.942601594891471,46.15259304134712,9.810538158578241,40.846045996362655,538.7129912210763,70847.79085907084,-1,850.0349350000001,,False,False,False,True,False,False,True,False,True,True
BTC_USDT_4b60e69d,BTC/USDT,1h,SELL,2026-03-22 21:00:00+00:00,backtest,SL,-1.0,-1.2,False,2.0,atr,67734.2,68411.542,1.0,-0.6231878006736541,0.6232,True,41.35086567848614,0.7116955226162046,0.7116955226162046,-0.060073,21.958244618371733,-1.0,3.0583,,1.0,False,,True,0.8,False,False,bearish,1,compression,0.1687578419071517,16.624843161856965,rising,5,moderate,67859.4,68191.9,67303.1,1972.7969,68337.49972786757,68763.37068945704,69501.51397650123,68474.09965011546,68853.76775840274,21.958244618371733,-425.87096158946224,-385.1059050899852,-40.765056499477055,-14.944731447035338,41.35086567848614,7.683118298010175,38.342964086052085,417.5746244569621,68827.17896771092,-1,645.0644100000001,,False,False,False,True,False,False,True,False,True,True
BTC_USDT_f738c254,BTC/USDT,1h,SELL,2026-03-22 23:00:00+00:00,backtest,SL,-1.0005,-1.2005,False,12.0,structural,68294.1,68977.4,1.0,-0.6182193162456326,0.6182,True,43.04431949462542,0.7681439831541806,0.7681439831541806,-0.033882,31.28752878294737,0.0,0.7296,,0.8169019302568609,False,,True,1.0,False,False,bearish,1,trend,0.800738658243757,23.43358395989975,rising,4,moderate,67829.3,68433.2,67803.8,481.9058,68218.72452673472,68640.46585905539,69400.54080212934,68329.98867723034,68721.58244496094,31.28752878294737,-421.74133232067106,-398.7594614203487,-22.98187090032235,-4.325241760404424,43.04431949462542,9.558160616054359,29.98070887247588,460.47760986340086,68827.17896771092,-1,660.55042,,False,False,False,True,False,False,False,False,True,True
BTC_USDT_a9dbda54,BTC/USDT,1h,BUY,2026-03-23 16:00:00+00:00,backtest,SL,-1.7192,-1.9192,False,25.0,atr,70491.2,69279.33927115,1.0,1.0,1.0945,True,35.8755322317357,0.5291844077245232,0.5291844077245232,0.174679,61.59116483943426,0.0,0.9091,,0.3899900268841807,False,,True,1.0,False,False,ranging,0,trend,0.6812588705289283,85.98884066955983,rising,5,moderate,70540.2,70738.0,70098.6,1234.7865,70173.78302507027,69414.0726789134,69355.31588039394,70069.09246080462,69301.45994680475,61.59116483943426,759.7103461568622,636.4913803378082,123.218965819054,192.75061657158506,35.8755322317357,30.6551861630906,20.905435490986083,807.9071525680687,69318.59181783829,1,1358.2846949999998,,False,False,True,False,False,False,False,True,False,True
BTC_USDT_7eb8deae,BTC/USDT,1h,SELL,2026-03-27 08:00:00+00:00,backtest,TP,2.1349,1.9349,True,2.0,atr,68433.0,66971.9930347,2.0,-0.5856510082628872,0.5857,True,30.026080084528168,0.33420266948427224,0.33420266948427224,-0.053096,22.273419201283915,-1.0,2.4318,,0.9344942434296445,False,,False,0.0,False,False,ranging,0,range,0.3,28.512639623750736,stable,5,moderate,67877.6,68595.5,67572.1,2164.9425,68490.32787980852,68891.44217559918,69557.46861155442,68665.39298832523,68992.8263931591,22.273419201283915,-401.1142957906559,-365.07432343014375,-36.03997236051214,19.620932416008884,30.026080084528168,11.374446769996249,34.73680285573736,487.00232176810925,69315.08337709102,-1,890.276225,,False,False,False,True,False,True,True,False,True,True
BTC_USDT_d1885d06,BTC/USDT,1h,SELL,2026-03-27 10:00:00+00:00,backtest,TP,2.4563,2.2563,True,4.0,atr,67629.5,65968.29297379,2.0,-0.9917388408232801,0.9917,True,34.09096313750506,0.46969877125016857,0.46969877125016857,-0.272621,11.717817317798723,-1.0,3.2132,,1.0,False,,False,0.0,False,False,ranging,0,expansion,1.0,42.27833235466823,rising,5,moderate,66461.8,67751.1,66263.9,3195.5887,67894.92427297059,68568.26460793319,69381.34211457038,68304.38835096218,68778.91106872652,11.717817317798723,-673.3403349626024,-492.15152601522897,-181.1888089473734,-72.96559622279693,34.09096313750506,8.62560255242449,43.151590443090576,553.735675402095,68470.23953544373,-1,994.5085250000001,,False,False,False,True,False,False,True,False,True,True
BTC_USDT_aacd0daa,BTC/USDT,1h,SELL,2026-03-27 15:00:00+00:00,backtest,SL,-1.2992,-1.4992,False,22.0,atr,66206.6,67066.76478307,1.0,-1.0,1.4786,True,44.6146537700394,0.8204884590013134,0.8204884590013134,-0.161151,14.632704815132781,-1.0,1.6276,,1.0,False,,False,0.0,False,False,ranging,0,expansion,1.0,47.7751756440281,rising,5,moderate,66089.6,66609.9,65932.0,1801.1869,66721.44222011916,67707.9715642456,68871.81845650563,66901.96856872464,67869.80872067016,14.632704815132781,-986.5293441264366,-880.0249687064417,-106.50437541999497,-141.06737094907783,44.6146537700394,8.732122972348039,37.245100068743824,573.4431887142819,67503.51435920462,-1,1106.6672250000001,,False,False,False,True,False,False,True,False,True,True
BTC_USDT_740fea6e,BTC/USDT,1h,BUY,2026-04-01 09:00:00+00:00,backtest,SL,-1.0,-1.2,False,16.0,bos,68466.6,67781.934,1.0,0.5977167020227496,0.5977,True,31.847656076957964,0.3949218692319321,0.3949218692319321,0.015345,60.80163016723596,0.0,0.5788,,0.5838314682345928,True,bullish,True,1.0,False,False,bullish,1,trend,0.6141276012826328,44.45664105378705,rising,4,moderate,68612.8,68706.7,68363.0,648.998,68481.42038103966,68074.52755999051,67597.99325858771,68443.88334705099,68020.70031598957,60.80163016723596,406.8928210491431,396.36437086636437,10.528450182778727,32.082885286441865,31.847656076957964,27.480896313639043,12.885109607774226,552.7044335446041,67500.29268258315,1,1121.311895,,False,False,True,False,False,False,False,True,False,True
BTC_USDT_0c4393c4,BTC/USDT,1h,SELL,2026-04-02 05:00:00+00:00,backtest,SL,-1.212,-1.412,False,11.0,atr,66348.7,67152.86571041,1.0,-0.8443772722165535,0.8444,True,22.249125361144863,0.07497084537149543,0.3,-0.263283,31.7131119697199,0.0,0.8648,,0.6545757977751431,False,,True,0.8,False,False,ranging,0,range,0.3,40.71661237785016,rising,4,moderate,66556.3,66611.0,66273.2,738.3595,67094.884681859,67661.41863893252,67711.8202564599,67248.766019533,67771.93050282578,31.7131119697199,-566.5339570735232,-391.30238059829503,-175.23157647522817,-219.47789093210406,22.249125361144863,13.860281801204806,30.224676745583384,536.1104736090247,67783.57523993967,-1,853.7810350000001,,False,False,False,True,False,False,False,False,True,True
BTC_USDT_0f7b7157,BTC/USDT,1h,BUY,2026-04-06 18:00:00+00:00,backtest,SL,-1.0,-1.2,False,4.0,atr,69711.9,69014.781,1.0,0.6657849711965113,0.6658,True,45.42367743136403,0.8474559143788009,0.8474559143788009,-0.052332,66.1682126057018,0.0,0.8496,,0.7098986734246556,True,bullish,False,0.0,False,False,bullish,1,range,0.3,21.527421834956435,falling,4,moderate,69851.2,69926.2,69441.2,708.7807,69626.94030666852,69166.4405404387,68314.82850211562,69562.86610857381,69097.96459448259,66.1682126057018,460.49976622981194,497.0543386663961,-36.55457243658418,-50.43011079346479,45.42367743136403,35.56411283527809,17.8166459996617,426.7626677290302,68941.61770108964,1,834.2899699999999,,False,False,True,False,False,False,False,True,False,True
BTC_USDT_80d8e282,BTC/USDT,1h,BUY,2026-04-07 22:00:00+00:00,backtest,TP,2.5549,2.3549,True,1.0,atr,70252.8,72047.66852463,2.0,0.7233178754249324,0.7233,True,22.05224404638456,0.06840813487948529,0.3,0.474027,80.40246805381076,-1.0,3.7623,,1.0,False,,True,0.8,False,False,bearish,1,expansion,1.0,60.58615462354725,rising,6,strong,71467.2,71494.4,69899.9,3732.4862,69509.13701279543,69009.97552400394,68670.04854783851,68949.6904450227,68764.25307640433,80.40246805381076,499.16148879149114,160.38767060443192,338.7738181870592,194.4366071074657,22.05224404638456,44.9534020511674,13.402406510042113,598.2895082108458,69054.84376139975,1,992.0677600000001,,False,False,True,False,False,False,True,True,False,True
BTC_USDT_31af960b,BTC/USDT,1h,BUY,2026-04-07 23:00:00+00:00,backtest,SL,-1.4029,-1.6029,False,26.0,atr,71449.9,70447.56104213,1.0,1.0,1.1083,True,25.046790165149883,0.16822633883832944,0.3,0.563152,82.3187428965177,-1.0,2.9138,,1.0,False,,True,0.8,False,False,bearish,1,expansion,1.0,73.53535353535354,rising,6,strong,71900.1,72742.9,71165.5,3344.145,70040.46212106312,69272.71411273086,68785.40752827286,69509.13701279543,69009.97552400394,82.3187428965177,767.7480083322589,362.84111651370756,404.90689181855134,338.7738181870592,25.046790165149883,50.71925563448916,11.142589694683915,668.2259719100707,70081.77438525978,1,1147.7075350000002,,False,False,True,False,False,False,True,True,False,True
BTC_USDT_a5eac21c,BTC/USDT,1h,BUY,2026-04-09 20:00:00+00:00,backtest,TP,2.2426,2.0426,True,47.0,atr,72145.7,73763.63402978,2.0,0.5169481190110679,0.5169,True,22.35600005670587,0.078533335223529,0.3,0.110524,64.92468546119058,0.0,0.7785,,0.34893526419430737,False,,True,1.0,False,False,ranging,0,range,0.3,45.77777777777778,rising,5,moderate,72378.0,72411.0,71942.4,638.3986,71914.61746401686,71544.76813091327,70925.56900272812,71782.22245373597,71461.4449440046,64.92468546119058,369.8493331035861,289.8544869826228,79.9948461209633,70.92044580923047,22.35600005670587,23.95291126682723,15.229529661969545,539.3113432586192,70890.16648902935,1,820.0135600000001,,False,False,True,False,False,False,False,True,False,True
BTC_USDT_5ff01647,BTC/USDT,1h,BUY,2026-04-13 19:00:00+00:00,backtest,TP,2.1306,1.9306,True,3.0,atr,72281.5,73821.55742035,2.0,0.7339900998337183,0.734,True,36.02133325686901,0.5340444418956338,0.5340444418956338,0.253672,77.86259193300221,-1.0,2.594,,1.0,False,,True,1.0,False,False,ranging,0,expansion,1.0,42.735849056603776,rising,6,strong,73279.1,73440.0,72253.3,2156.5358,72177.733534885,71651.8162969146,71637.75628804779,71863.057401995,71489.08792660607,77.86259193300221,525.917237970396,340.0284825084402,185.88875546195572,126.8853706114721,36.02133325686901,34.7697283151794,8.523170434874913,513.3524734486533,71433.54980935955,1,831.3519899999999,,False,False,True,False,False,False,True,True,False,True
BTC_USDT_215d2f3a,BTC/USDT,1h,BUY,2026-04-13 22:00:00+00:00,backtest,TP,2.3146,2.1146,True,15.0,atr,73722.5,75428.87593021,2.0,1.0,1.185,True,41.91529387498081,0.7305097958326937,0.7305097958326937,0.317594,83.45535494929828,-1.0,3.0546,,1.0,False,,True,0.8,False,False,ranging,0,expansion,1.0,55.67593028732926,rising,6,strong,74596.0,74696.0,73127.0,3007.7835,73007.191498581,72152.18579783216,71844.10031512595,72553.2462124613,71907.80437761538,83.45535494929828,855.0057007488358,618.0929103133903,236.91279043544546,145.80531975024724,41.91529387498081,42.099766549318495,6.158987462849942,568.7919767371324,72336.68946102312,1,984.66842,,False,False,True,False,False,False,True,True,False,True
BTC_USDT_9541e7ce,BTC/USDT,1h,BUY,2026-04-14 15:00:00+00:00,backtest,SL,-1.0,-1.2,False,3.0,bos,74712.8,73965.672,1.0,0.8905922755347542,0.8906,True,51.0269122107708,1.0,1.0,0.004514,68.34472980581968,0.0,2.1752,,0.9565903306147905,True,bullish,False,0.0,False,False,bullish,1,expansion,1.0,44.719626168224295,rising,5,moderate,75276.5,75397.5,74530.0,2175.0211,74824.47986866406,74163.9811810367,73106.47917949452,74695.33125971092,74052.72929914037,68.34472980581968,660.4986876273615,657.1006871870477,3.398000440313808,-12.799726396339338,51.0269122107708,36.81638083623362,12.901622570863857,524.6226557578482,74194.19227457487,1,999.9150199999999,,False,False,True,False,True,False,True,True,False,True
BTC_USDT_bd54387b,BTC/USDT,1h,BUY,2026-04-16 05:00:00+00:00,backtest,SL,-1.0,-1.2,False,8.0,atr,74877.2,74128.428,1.0,0.31732470725116807,0.3173,True,26.362527182707794,0.21208423942359314,0.3,0.017091,64.11750014967397,0.0,0.4448,,0.489387364891413,True,bullish,False,0.0,False,False,bullish,1,range,0.3,29.0633608815427,stable,4,moderate,75003.4,75093.6,74857.3,321.9891,74813.99795082177,74577.34560719803,74098.91276814014,74759.883079628,74534.74016791784,64.11750014967397,236.65234362373303,223.83323974878755,12.819103874945483,7.719223898835878,26.362527182707794,24.949996181821874,12.715312059536549,458.4385699453258,73857.83372092145,1,723.9575100000002,,False,False,True,False,False,False,False,True,False,True
BTC_USDT_fae736dd,BTC/USDT,1h,BUY,2026-04-21 06:00:00+00:00,backtest,SL,-1.0,-1.2,False,13.0,atr,75740.3,74982.897,1.0,0.2149172587951636,0.2149,True,20.721422586879008,0.024047419562633603,0.3,-0.042292,57.35519442259035,0.0,1.011,,0.3368892154886663,True,bullish,False,0.0,False,False,bullish,1,range,0.3,23.140495867768596,falling,4,moderate,75929.4,76089.0,75662.0,847.769,75811.89437383955,75649.3109484517,75480.89278814165,75778.32133779369,75621.30204329688,57.35519442259035,162.583425387842,194.6955964639779,-32.112171076135894,-53.732387505230946,20.721422586879008,25.886598600158663,17.464368212942006,425.683822541548,74944.21588023519,1,838.5401599999999,,False,False,True,False,False,False,False,True,False,True
BTC_USDT_dc4e4feb,BTC/USDT,1h,BUY,2026-04-22 17:00:00+00:00,backtest,SL,-1.1474,-1.3474,False,7.0,bos,78933.0,78027.303,1.0,0.9749318075191462,0.9749,True,39.87996200607657,0.6626654002025523,0.6626654002025523,-0.01811,70.20480393231404,0.0,0.4894,,0.8636302267503546,True,bullish,True,0.6,False,False,bearish,2,range,0.3,44.25878320479863,stable,4,moderate,78861.1,78993.0,78655.5,582.8517,78626.04423778072,77866.89510982744,76843.82193672705,78558.88544857521,77767.4746208102,70.20480393231404,759.1491279532784,773.4309639599176,-14.281836006639196,10.838945801771501,39.87996200607657,31.276547942020812,9.685792273261947,510.2761246241868,77850.25506112615,1,1190.88102,,False,False,True,False,False,True,False,True,False,True
BTC_USDT_c4b6ce4a,BTC/USDT,1h,SELL,2026-04-27 15:00:00+00:00,backtest,TP,1.7912,1.5912,True,22.0,atr,77341.6,75956.27493092,1.79,-0.39090446805412793,0.3909,True,25.05673278073514,0.16855775935783796,0.3,-0.130634,24.210306211955192,-1.0,4.0563,,0.6126118487013491,True,bullish,True,0.8,False,False,bearish,2,trend,0.5009455463455856,32.74877650897226,rising,5,moderate,76765.4,77792.1,76526.9,3976.8336,77590.05527306009,77893.35826588815,77905.17246855509,77825.67106536299,78006.15409247697,24.210306211955192,-303.30299282805936,-203.02149896976243,-100.28149385829693,-27.602275073365973,25.05673278073514,17.32773034571492,32.64302656324865,461.7750230250314,78388.91850186247,-1,980.4137,,False,False,False,True,False,False,True,False,True,True
BTC_USDT_171c7fac,BTC/USDT,1h,SELL,2026-04-29 16:00:00+00:00,backtest,SL,-1.0,-1.2,False,35.0,atr,75993.7,76753.637,1.0,-0.2371596517268474,0.2372,True,24.67312051298406,0.15577068376613531,0.3,-0.253369,27.64811144796898,-1.0,1.0714,,0.6600623171696175,True,bullish,True,0.8,False,False,bullish,1,range,0.3,27.34906037584966,falling,4,moderate,75773.0,76098.0,75666.6,920.404,76527.39770737916,76708.8898172576,76889.61636950924,76742.9399094875,76802.47879898337,27.64811144796898,-181.4921098784398,10.493425110484147,-191.98553498892394,-166.02508210082027,24.67312051298406,16.72338460655161,33.224942535792046,435.480517985441,77038.60224606883,-1,859.0466400000001,,False,False,False,True,False,False,False,False,True,True
BTC_USDT_15676a17,BTC/USDT,1h,BUY,2026-05-05 10:00:00+00:00,backtest,TP,1.6152,1.4152,True,22.0,atr,80639.1,81941.58806197,1.62,0.41010260895818984,0.4101,True,31.979601494748717,0.3993200498249572,0.3993200498249572,-0.042726,61.53001174182592,0.0,1.0084,,0.5315918101035625,True,bullish,True,0.8,False,False,bullish,1,range,0.3,28.912466843501328,falling,4,moderate,80789.3,80792.8,80485.9,724.644,80689.55970638321,80360.00124471978,79658.00178754544,80661.06247963556,80317.07136919176,61.53001174182592,329.5584616634296,364.07614447062195,-34.51768280719233,-37.34387543042567,31.979601494748717,28.533920850760687,15.244125598171625,434.1626873231724,79799.24538585235,1,718.6148549999999,,False,False,True,False,False,False,False,True,False,True
BTC_USDT_e3c9575d,BTC/USDT,1h,BUY,2026-05-06 08:00:00+00:00,backtest,SL,-1.0,-1.2,False,20.0,bos,81511.5,80696.385,1.0,0.2551716286765362,0.2552,True,24.012355834532595,0.13374519448441985,0.3,0.036256,67.02460283405206,0.0,1.6166,,0.5207511573380154,True,bullish,False,0.0,False,False,bullish,1,range,0.3,29.1619691845171,stable,6,strong,81902.4,81950.0,81279.4,1340.1804,81454.66008256206,81247.33992202666,80584.90443230302,81326.7343918655,81181.83391422933,67.02460283405206,207.320160535397,177.62579113805123,29.69436939734578,-17.878128803209364,24.012355834532595,27.77376761883525,14.754988685384866,434.5454631893703,80619.27810324558,1,829.0254199999999,,False,False,True,False,True,False,True,True,False,True
BTC_USDT_27fdbe95,BTC/USDT,1h,SELL,2026-05-07 17:00:00+00:00,backtest,SL,-1.0,-1.2,False,47.0,atr,79850.4,80648.904,1.0,-0.5474945535488149,0.5475,True,20.90814573004046,0.03027152433468198,0.3,-0.10463,34.90425803556063,0.0,1.1906,,0.7519945335627987,False,,True,0.8,False,False,bearish,1,range,0.3,36.26577579806978,rising,4,moderate,80056.8,80099.0,79468.0,908.9501,80301.67181451063,80741.31909410372,80867.96697071887,80371.6351900851,80809.77100351409,34.90425803556063,-439.6472795930895,-355.88346739287175,-83.76381220021773,-124.13425213622838,20.90814573004046,11.781142094492031,30.581005433561995,458.8128041305781,80960.60705192859,-1,763.447035,,False,False,False,True,False,False,False,False,True,True
BTC_USDT_90bfbc08,BTC/USDT,1h,BUY,2026-05-14 18:00:00+00:00,backtest,SL,-1.0,-1.2,False,8.0,atr,81800.0,80982.0,1.0,0.7657281571075554,0.7657,True,30.310834106850564,0.34369447022835214,0.34369447022835214,0.235876,70.86930356147124,0.0,0.7191,,0.8054983089965679,False,,True,1.0,False,False,ranging,0,trend,0.5885139017808427,54.59308417743626,rising,5,moderate,81528.2,81903.5,81384.0,676.6481,80953.52695744396,80338.3535632535,80288.53277268613,80789.3346595708,80219.36891957886,70.86930356147124,615.1733941904531,422.8683445503864,192.30504964006673,243.24992026158492,30.310834106850564,32.45578671826384,12.318328993349636,514.2925019972805,80264.42787961598,1,940.9546500000001,,False,False,True,False,False,False,False,True,False,True
BTC_USDT_486c87ed,BTC/USDT,1h,SELL,2026-05-15 14:00:00+00:00,backtest,TP,1.9807,1.7807,True,20.0,structural,79218.2,77649.10194657,1.98,-0.5413718930050904,0.5414,True,21.472833499608384,0.04909444998694615,0.3,-0.259776,31.447504414791094,0.0,2.1777,,0.9971207088297931,True,bullish,True,1.0,False,False,bullish,1,expansion,1.0,56.2955254942768,rising,5,moderate,79113.6,79303.1,78611.2,1665.9066,79943.87337449651,80376.66703512562,80443.40074907476,80181.09433863837,80502.97373863817,31.447504414791094,-432.7936606291041,-227.27570237483374,-205.51795825427038,-197.362676752103,21.472833499608384,12.341031764416755,37.26904948516158,523.0326844753861,80327.88625062641,-1,764.9712400000001,,False,False,False,True,False,False,True,False,True,True
BTC_USDT_103b0139,BTC/USDT,1h,SELL,2026-05-18 13:00:00+00:00,backtest,TP,1.5987,1.3987,True,1.0,atr,77452.4,76214.16621766,1.6,-0.27817893587990855,0.2782,True,33.283440225931976,0.4427813408643992,0.4427813408643992,0.074734,41.42609742423511,0.0,2.3645,,0.40316162540062406,False,,False,0.0,False,False,bearish,1,expansion,1.0,28.57142857142857,falling,4,moderate,76904.9,77606.9,76664.0,2011.0558,77104.14128747238,77318.62876722521,77906.12877767583,77161.06736960735,77360.00164394773,41.42609742423511,-214.48747975283186,-271.96135353970817,57.47387378687631,101.76401609276314,33.283440225931976,20.152843317727783,30.231883952743384,412.7445941149564,77638.28411465023,-1,850.5100950000001,,False,False,False,True,False,False,True,False,True,True
BTC_USDT_fffdd90f,BTC/USDT,1h,SELL,2026-05-18 14:00:00+00:00,backtest,SL,-1.0,-1.2,False,41.0,atr,76666.8,77433.468,1.0,-0.3789605428056988,0.379,True,33.163316442934274,0.4387772147644758,0.4387772147644758,-0.017122,33.277783341160045,0.0,3.1892,,0.6565342933283652,False,,False,0.0,False,False,bearish,1,expansion,1.0,34.11167512690355,falling,4,moderate,76368.6,76927.7,76205.6,3074.2426,76940.68766803406,77232.26251565928,77851.21703561598,77104.14128747238,77318.62876722521,33.277783341160045,-291.57484762521926,-278.4991849015452,-13.075662723674043,57.47387378687631,33.163316442934274,17.76242040154219,34.17577773475132,434.8414088210303,77638.28411465023,-1,963.95654,,False,False,False,True,False,True,True,False,True,True
BTC_USDT_c9d5080b,BTC/USDT,1h,SELL,2026-06-01 12:00:00+00:00,backtest,TP,1.5752,1.3752,True,4.0,atr,72028.9,70894.29898458,1.58,-0.5880157779986226,0.588,True,41.42540873715275,0.714180291238425,0.714180291238425,-0.12751,22.48806138558913,-1.0,3.5197,,1.0,True,bullish,True,0.6,False,False,bearish,2,trend,0.7737568122858791,25.934934630586802,rising,5,moderate,72188.2,72576.3,71878.9,2511.1925,72752.33739166673,73180.13261439253,73521.50835412405,72913.51950357152,73279.32587583178,22.48806138558913,-427.795222725792,-335.7478083916094,-92.04741433418258,-76.08227103574927,41.42540873715275,7.6809051069413155,39.22996438551085,378.2003384721948,73245.96425645488,-1,713.4765850000001,,False,False,False,True,False,False,True,False,True,True
BTC_USDT_4a49b720,BTC/USDT,1h,SELL,2026-06-02 12:00:00+00:00,backtest,TP,2.0093,1.8093,True,2.0,atr,69318.9,67926.08376954,2.0,-1.0,1.205,True,69.48579892859955,1.0,1.0,-0.088896,18.977279488827207,-1.0,2.3846,,1.0,False,,False,0.0,False,False,ranging,0,trend,1.0,48.05312405674615,rising,5,moderate,68976.8,69520.9,68965.0,2164.2624,69701.58512250138,70541.48732833173,71791.08809203403,69908.6665860732,70697.9560611649,18.977279488827207,-839.9022058303526,-778.5844572345114,-61.31774859584118,-41.36389215511315,69.48579892859955,3.943478304804448,42.1261239359811,464.272076818489,70419.8266902423,-1,907.6176500000001,,False,False,False,True,False,False,True,False,True,True
BTC_USDT_ef44d3f0,BTC/USDT,1h,SELL,2026-06-02 14:00:00+00:00,backtest,TP,2.2562,2.0562,True,5.0,atr,68559.8,67012.92376047,2.0,-1.0,1.4473,True,71.83759891139879,1.0,1.0,-0.18351,13.034431865818421,-1.0,4.0539,,1.0,False,,False,0.0,False,False,ranging,0,trend,1.0,60.96530920060332,rising,5,moderate,67996.3,68814.2,67586.9,4886.0176,69163.72680250082,70164.71101515018,71551.93752435307,69497.27731750107,70381.5521166652,13.034431865818421,-1000.9842126493604,-876.2044516904891,-124.7797609588713,-70.46022795308374,71.83759891139879,3.061599226422795,51.575361369759754,515.6254131751261,69554.42511909625,-1,1205.2517500000004,,False,False,False,True,False,False,True,False,True,True
BTC_USDT_5fb4faa9,BTC/USDT,1h,SELL,2026-06-03 03:00:00+00:00,backtest,TP,3.0211,2.8211,True,20.0,atr,66492.6,64483.81299454,2.0,-1.0,1.6189,True,75.05148987171077,1.0,1.0,-0.002955,19.62180910297919,-1.0,1.5786,,1.0,False,,False,0.0,False,False,ranging,0,range,0.3,84.31490384615384,falling,4,moderate,65820.3,66635.1,65412.9,2642.214,66739.78045383,67820.23780346964,69819.39249017522,67002.48915492429,68020.23158381661,19.62180910297919,-1080.4573496396479,-1078.5121427600589,-1.9452068795890227,59.797110427942926,75.05148987171077,6.692349641634906,45.73152220810347,669.5956684856059,67791.59322891085,-1,1673.7346300000004,,False,False,False,True,False,True,True,False,True,True
BTC_USDT_c39221e7,BTC/USDT,1h,SELL,2026-06-03 23:00:00+00:00,backtest,TP,3.1968,2.9968,True,2.0,atr,64570.6,62506.39400491,2.0,-1.0,1.3149,True,63.01689697799185,1.0,1.0,-0.223341,24.921918414426305,-1.0,1.7522,,1.0,False,,False,0.0,False,False,ranging,0,expansion,1.0,86.17084826762246,rising,5,moderate,64109.3,64962.2,64061.2,2051.0669,65298.469804377426,66157.10463108507,67918.6280593135,65638.23260562812,66361.88509419357,24.921918414426305,-858.6348267076391,-715.4522910429935,-143.18253566464568,-79.79146535478014,63.01689697799185,6.634416643018933,36.50201253727809,688.0686650307221,66302.51270773953,-1,1170.54653,,False,False,False,True,False,False,True,False,True,True
BTC_USDT_237a4d5e,BTC/USDT,1h,SELL,2026-06-04 01:00:00+00:00,backtest,SL,-1.8743,-2.0743,False,2.0,atr,63098.5,64281.13370707,1.0,-1.0,2.028,True,65.08573375866598,1.0,1.0,-0.513741,16.155766769104805,-1.0,2.0679,,1.0,False,,False,0.0,False,False,ranging,0,expansion,1.0,92.32835820895522,rising,5,moderate,62144.8,63473.2,62069.3,2701.5156,64253.933585364124,65557.0352323017,67553.6975194382,64856.543181182446,65898.25875553188,16.155766769104805,-1303.1016469375754,-983.8383615203956,-319.2632854171799,-217.50885553762396,65.08573375866598,4.992363065221218,44.81427255011561,788.4224713785306,64894.57829326902,-1,1306.4139250000003,,False,False,False,True,False,False,True,False,True,True
BTC_USDT_7ae53654,BTC/USDT,1h,BUY,2026-06-08 06:00:00+00:00,backtest,SL,-1.454,-1.654,False,32.0,atr,62915.4,62000.63019499,1.0,0.5569878802707764,0.557,True,26.118141403792038,0.20393804679306793,0.3,-0.059063,57.92626925890342,0.0,0.7294,,0.4872588168600396,True,bullish,True,1.0,False,False,bearish,2,range,0.3,75.60127499275572,falling,4,moderate,62955.3,63120.3,62709.8,741.552,62845.29728338948,62497.19547906197,62191.090090769736,62813.867935786475,62451.38502696817,57.92626925890342,348.10180432751076,385.28536585192137,-37.18356152441061,-41.3942377958233,26.118141403792038,31.122651605574177,18.941181184073187,609.8465366763642,61705.8515075246,1,1016.6033699999998,,False,False,True,False,False,False,False,True,False,True
BTC_USDT_28a214aa,BTC/USDT,1h,BUY,2026-06-11 17:00:00+00:00,backtest,TP,2.3632,2.1632,True,16.0,atr,62437.5,63913.02243084,2.0,0.4848949749958799,0.4849,True,24.192991981067145,0.13976639936890484,0.3,0.01822,70.41245894863386,0.0,2.5061,,0.5917078556274499,True,bullish,False,0.0,False,False,bullish,1,range,0.3,53.45217883418223,falling,5,moderate,63613.1,63621.9,62315.6,2656.4635,62949.82906167657,62646.06145763567,62368.59649857944,62760.323079298454,62549.357603399236,70.41245894863386,303.767604040906,292.1775846991341,11.590019341771892,-75.41709912902985,24.192991981067145,28.32869201116845,13.535995620482202,491.8408102805039,62124.09384815639,1,1060.0026400000002,,False,False,True,False,True,False,True,True,False,True
BTC_USDT_053b7661,BTC/USDT,1h,BUY,2026-06-12 09:00:00+00:00,backtest,TP,2.0082,1.8082,True,60.0,atr,63534.2,64810.08649876,2.0,0.2411376292663402,0.2411,True,23.37913870222682,0.11263795674089394,0.3,-0.015007,60.75821344465812,0.0,1.3669,,0.4930819593979646,True,bullish,False,0.0,False,False,bullish,1,range,0.3,34.0,falling,4,moderate,63725.3,63926.5,63404.1,1248.1044,63413.80864456962,63261.261937290066,62842.55773955196,63324.81111444665,63214.85813101908,60.75821344465812,152.5467072795509,162.11000012047896,-9.563292840928057,-56.93866311336845,23.37913870222682,29.17206816979178,16.845019184842663,425.2954995879567,62632.71065153483,1,913.077505,,False,False,True,False,False,False,False,True,False,True
BTC_USDT_2b904e21,BTC/USDT,1h,BUY,2026-06-14 22:00:00+00:00,backtest,TP,1.6303,1.4303,True,13.0,atr,65091.3,66152.45537965,1.63,0.29479367805077084,0.2948,True,30.600291934502582,0.3533430644834194,0.3533430644834194,0.258034,76.97263053634579,-1.0,2.0206,,1.0,False,,True,0.8,False,False,ranging,0,compression,0.007200221545278218,19.855995569094436,falling,6,strong,65387.1,65514.4,64904.7,1463.2076,64501.89538515365,64312.30677058535,64035.09888576158,64248.97978091183,64204.82744764388,76.97263053634579,189.58861456830346,20.867447068945076,168.7211674993584,107.64546994868397,30.600291934502582,42.08302963759153,12.83356393711291,353.7184598842822,64213.98928666953,1,724.15716,,False,False,True,False,False,False,True,True,False,True
BTC_USDT_45155a26,BTC/USDT,1h,BUY,2026-06-15 11:00:00+00:00,backtest,TP,1.629,1.429,True,4.0,atr,65904.1,66977.68442406,1.63,0.6653925532706678,0.6654,True,42.651458327855735,0.7550486109285245,0.7550486109285245,0.010409,72.73803162897488,-1.0,2.3845,,0.9414421527483786,False,,True,0.8,False,False,bearish,1,range,0.3,20.6401766004415,falling,5,moderate,66196.7,66328.0,65800.0,2359.1287,65767.10475146903,65332.38790745889,64671.10226909618,65644.36325188876,65245.95669820478,72.73803162897488,434.7168440101377,427.8267091792556,6.890134830882118,-25.97508807983735,42.651458327855735,34.27561413399501,10.739560315285548,357.8614746864755,65140.803722811026,1,989.3678100000002,,False,False,True,False,True,False,True,True,False,True
BTC_USDT_10767e07,BTC/USDT,1h,BUY,2026-06-15 15:00:00+00:00,backtest,SL,-1.0,-1.2,False,11.0,atr,66587.4,65921.526,1.0,0.9546357572122974,0.9546,True,47.217996398969035,0.9072665466323012,0.9072665466323012,0.13516,81.72675357643854,-1.0,1.3451,,1.0,False,,True,0.8,False,False,ranging,0,expansion,1.0,30.485115766262403,rising,5,moderate,67249.0,67249.0,66541.2,1659.9526,66397.80312578527,65769.93976330775,64945.11547075234,66154.60401886677,65622.03373963853,81.72675357643854,627.8633624775248,536.9693149758128,90.89404750171195,41.047988003282285,47.217996398969035,42.211171325266925,8.908432437178053,402.79405139838724,65829.36234753633,1,1234.0814400000004,,False,False,True,False,False,False,False,True,False,True
BTC_USDT_1d54a134,BTC/USDT,1h,BUY,2026-06-16 08:00:00+00:00,backtest,SL,-1.0,-1.2,False,6.0,atr,66429.6,65765.304,1.0,0.20506583784760568,0.2051,True,25.415216635187438,0.1805072211729146,0.3,0.080394,63.209899623874044,0.0,1.6527,,0.4846915556662681,False,,False,0.0,False,False,ranging,0,trend,0.5069202772531239,28.80658436213992,rising,6,strong,66863.6,66959.8,66300.0,1618.2692,66347.53304656628,66211.75535569253,65591.04239602244,66200.08534558522,66146.57089126178,63.209899623874044,135.77769087375782,82.02350024594739,53.75419062781043,-1.6319506086075606,25.415216635187438,29.748535137846574,17.63124624618987,393.6597701060259,65619.252359691,1,979.1838050000001,,False,False,True,False,True,False,True,True,False,True
BTC_USDT_52307b63,BTC/USDT,1h,SELL,2026-06-18 13:00:00+00:00,backtest,TP,2.0411,1.8411,True,2.0,structural,64365.0,63051.27715679,2.04,-0.4137840321328933,0.4138,True,22.909173051319087,0.09697243504396956,0.3,0.032293,40.420478345131045,0.0,1.7423,,0.37572334096604365,False,,False,0.0,False,False,bearish,1,range,0.3,39.58896700919416,falling,4,moderate,63952.3,64411.8,63758.1,2075.8178,64147.25909325712,64412.69020843593,64908.429341179646,64202.96169133058,64458.72922927953,40.420478345131045,-265.43111517881334,-286.0831112590342,20.65199608022084,40.641571350192635,22.909173051319087,17.944814639972567,27.337898164123658,437.9076144023189,65003.01568746247,-1,1191.4274350000003,,False,False,False,True,False,False,True,False,True,True
BTC_USDT_8f87db2c,BTC/USDT,1h,SELL,2026-06-18 15:00:00+00:00,backtest,SL,-1.2463,-1.4463,False,48.0,atr,63530.1,64321.85653189,1.0,-0.7695122613469987,0.7695,True,25.141721356622632,0.17139071188742108,0.3,-0.217107,22.23199735993308,-1.0,4.1657,,1.0,False,,False,0.0,False,False,bearish,1,expansion,1.0,62.08108108108108,rising,5,moderate,62335.2,63796.3,62254.9,5058.6113,63681.862908266645,64171.90265159994,64777.81809913261,64066.623739199975,64355.572916759935,22.23199735993308,-490.03974333329825,-354.7055589062169,-135.33418442708137,-1.9107108672837967,25.141721356622632,12.836650320788241,39.71487054085414,527.8376879285303,64422.65185096086,-1,1214.34339,,False,False,False,True,False,False,True,False,True,True
ETH_USDT_bf7b7604,ETH/USDT,1h,SELL,2026-01-19 01:00:00+00:00,backtest,TP,2.3133,2.1133,True,29.0,atr,3215.02,3140.64762848,2.0,-0.7517307116384784,0.7517,True,29.77983300297854,0.32599443343261797,0.32599443343261797,-0.534662,18.16566084627643,-1.0,1.6346,,1.0,True,bullish,True,1.0,False,False,bullish,1,trend,0.5796638833829757,78.57142857142857,rising,5,moderate,3205.19,3220.44,3193.05,48423.48,3280.5882077238934,3305.2493968037443,3307.2149755184796,3302.130552787863,3315.2553364841187,18.16566084627643,-24.66118907985083,-7.524267921054927,-17.1369211587959,-14.168976354598712,29.77983300297854,13.390819243665383,47.37682032906534,24.790790505525354,3279.1787693367023,-1,29623.191499999997,,False,False,False,True,False,False,True,False,True,True
ETH_USDT_5c2ba8fc,ETH/USDT,1h,SELL,2026-01-22 19:00:00+00:00,backtest,SL,-1.7597,-1.9597,False,22.0,atr,2941.84,2993.60666015,1.0,-0.584780453583104,0.5848,True,24.203215582953646,0.14010718609845488,-0.3,-0.077036,42.21740793199505,0.0,0.844,,0.5336805464628488,False,,True,1.0,True,True,ranging,0,range,0.3,89.65517241379311,rising,3,weak,2952.4,2961.42,2926.79,23639.15,2957.5552713393563,2974.8504764700656,3011.1052860033838,2959.0282060077434,2977.0955241170723,42.21740793199505,-17.29520513070929,-15.02080625685616,-2.2743988738531318,-4.183711289399287,24.203215582953646,13.148170806666664,26.490184468237885,34.51110676696509,2933.567957590174,1,28007.894500000002,,False,False,False,True,False,False,False,True,False,True
ETH_USDT_a8ae3530,ETH/USDT,1h,SELL,2026-02-01 15:00:00+00:00,backtest,TP,5.8401,5.6401,True,12.0,atr,2336.54,2200.08306952,2.0,-1.0,1.9828,True,67.55235164483324,1.0,1.0,-0.187478,22.65353379329214,-1.0,2.9444,,1.0,False,,False,0.0,False,False,ranging,0,trend,1.0,96.82926829268293,rising,5,moderate,2314.59,2371.9,2285.54,110129.07,2378.5680246406396,2425.7296166152883,2545.7818315377767,2396.847460252251,2436.8435782768174,22.65353379329214,-47.16159197464867,-42.822244997680244,-4.339346976968429,0.6564534846296439,67.55235164483324,5.50960578609543,38.741814368940915,45.48564349173659,2445.286694073935,-1,37402.566000000006,,False,False,False,True,False,True,True,False,True,True
ETH_USDT_469c8a89,ETH/USDT,1h,SELL,2026-02-03 14:00:00+00:00,backtest,TP,6.6766,6.4766,True,4.0,structural,2310.76,2156.48,3.27,-0.6638671854190629,0.6639,True,29.82037515763768,0.3273458385879227,0.3273458385879227,-0.185814,35.236107949725735,0.0,2.4454,,0.7140511408515623,False,,False,0.0,False,False,bearish,1,trend,0.580339585960628,79.64989059080962,rising,5,moderate,2255.75,2315.92,2254.13,80294.55,2292.8730708636494,2308.0947027844236,2350.8422771372734,2303.479662538978,2313.3291730628657,35.236107949725735,-15.221631920774144,-11.030132889641331,-4.191499031132812,-0.9151271498126778,29.82037515763768,13.570580999241919,31.421859520530976,36.15527748975599,2372.0114389908194,-1,32834.301,,False,False,False,True,False,False,True,False,True,True
ETH_USDT_9e18bb65,ETH/USDT,1h,SELL,2026-02-05 15:00:00+00:00,backtest,TP,7.9107,7.7107,True,5.0,atr,1995.68,1837.80771604,2.0,-1.0,2.3562,True,43.88487348020719,0.7961624493402397,0.7961624493402397,-0.511352,17.587388196382847,-1.0,3.949,,1.0,False,,False,0.0,False,False,ranging,0,expansion,1.0,95.45454545454545,rising,5,moderate,1959.41,2052.12,1925.48,285670.87,2051.1314845308166,2099.460833830366,2176.8125411958417,2077.3376229681926,2113.465917213403,17.587388196382847,-48.32934929954945,-38.30986834460093,-10.01948095494852,-2.8281663780836652,43.88487348020719,9.801846216209448,34.92121115494721,52.62409465406253,2125.4848030222643,-1,72339.55000000002,,False,False,False,True,False,False,True,False,True,True
ETH_USDT_8a44d8b0,ETH/USDT,1h,SELL,2026-02-05 20:00:00+00:00,backtest,TP,9.0093,8.8093,True,4.0,atr,1921.17,1748.08666361,2.0,-1.0,3.8615,True,49.3390083243711,0.9779669441457034,0.9779669441457034,-0.670983,17.791406942426583,-1.0,1.9356,,1.0,False,,False,0.0,False,False,ranging,0,expansion,1.0,99.80430528375733,rising,5,moderate,1868.84,1941.72,1824.28,169405.0,1960.9545699420726,2036.6776575310712,2136.9731710044084,1987.2730184969503,2053.461423284178,17.791406942426583,-75.72308758899862,-63.183486680472114,-12.53960090852651,-9.274718561019057,49.3390083243711,6.172130521526715,36.59479143549152,57.694445462439084,2034.861307836617,-1,87521.54900000001,,False,False,False,True,False,False,True,False,True,True
ETH_USDT_53c7c80f,ETH/USDT,1h,BUY,2026-02-07 18:00:00+00:00,backtest,SL,-1.604,-1.804,False,40.0,structural,2064.86,2031.74,1.0,0.6930313804926207,0.693,True,25.16122518395576,0.17204083946519202,0.3,0.263268,67.93590725755439,0.0,0.811,,0.7708436867769248,True,bullish,True,0.8,False,False,bearish,2,trend,0.5026870863992626,78.81508078994614,rising,5,moderate,2096.03,2108.8,2058.0,45190.99,2054.9204353348487,2040.7772088714282,2040.766499926049,2043.17484543052,2035.2519297585711,67.93590725755439,14.143226463420433,8.625046874769858,5.518179588650575,2.0569585915043174,25.16122518395576,32.48239735952605,13.211305190102927,44.16344154525207,2000.4925239342886,1,55724.147000000004,,False,False,True,False,False,False,False,True,False,True
ETH_USDT_5a78fcdf,ETH/USDT,1h,SELL,2026-02-10 07:00:00+00:00,backtest,TP,4.5583,4.3583,True,32.0,atr,2010.54,1918.89287815,2.0,-0.9905239894070255,0.9905,True,20.994187573057697,0.03313958576858991,0.3,-0.592265,27.226447848292892,-1.0,0.9662,,0.8137341935541446,False,,True,0.8,False,False,bearish,1,range,0.3,54.0453074433657,rising,4,moderate,2006.67,2018.03,1998.85,34644.62,2052.769455671861,2073.102629577511,2076.723616146741,2065.940728720964,2079.745892535262,27.226447848292892,-20.3331739056498,-8.448376873478622,-11.884797032171178,-11.299185456904851,20.994187573057697,13.536289622173365,33.87964446102698,30.549040618262833,2085.2868887682935,-1,35856.435999999994,,False,False,False,True,False,False,False,False,True,True
ETH_USDT_2d60455e,ETH/USDT,1h,BUY,2026-02-13 21:00:00+00:00,backtest,SL,-1.6039,-1.8039,False,39.0,atr,2055.76,2022.78718177,1.0,1.0,1.7479,True,27.853538018050287,0.26178460060167624,0.3,0.111829,75.40874306192374,-1.0,0.3582,,0.7548695301115868,True,bullish,False,0.0,False,False,bullish,1,range,0.3,20.59659090909091,stable,5,moderate,2052.84,2057.55,2043.92,9318.46,2037.1010904398927,2002.1067234699428,1983.0362596864052,2032.6042591370046,1997.0333958169372,75.40874306192374,34.99436696994985,32.69869472596101,2.2956722439888395,4.020004716100885,27.853538018050287,31.652582258087296,12.780844005297626,21.981878820707255,1998.397811976486,1,26015.049999999996,,False,False,True,False,False,False,False,True,False,True
ETH_USDT_0bd66479,ETH/USDT,1h,SELL,2026-02-15 17:00:00+00:00,backtest,TP,3.4615,3.2615,True,2.0,atr,2004.45,1935.06648966,2.0,-1.0,1.3559,True,32.10294052276456,0.40343135075881875,0.40343135075881875,-0.353463,18.485786093964823,-1.0,2.0509,,1.0,False,,False,0.0,False,False,ranging,0,expansion,1.0,29.812834224598934,rising,5,moderate,1970.12,2008.17,1956.81,45480.72,2012.8160339137733,2040.1085868839436,2040.6263877511224,2025.0149007462799,2047.107445572338,18.485786093964823,-27.29255297017039,-20.328909587410404,-6.963643382759987,-5.2454569300277925,32.10294052276456,10.85192561553326,40.89007834752569,23.127836781235892,2044.0049023509666,-1,22175.944,,False,False,False,True,False,False,True,False,True,True
ETH_USDT_cd23f642,ETH/USDT,1h,SELL,2026-02-16 13:00:00+00:00,backtest,SL,-1.0,-1.2,False,43.0,structural,2007.99,2028.0699,1.0,-0.22560678756140062,0.2256,True,29.955664691709114,0.3318554897236371,0.3318554897236371,0.145002,44.25343848164901,0.0,3.193,,-0.13540823168053137,False,,True,1.0,True,True,bearish,1,expansion,1.0,32.16145833333333,falling,3,weak,1966.74,2022.33,1960.07,70931.0,1977.7473044700048,1982.2092366297018,2003.6074132659678,1980.8922486042918,1983.7561602926721,44.25343848164901,-4.461932159696971,-7.31373619710845,2.851804037411479,5.875726527433876,29.955664691709114,24.341116209577443,20.95591041756416,23.354136358869617,2006.7275346929116,-1,22214.785999999996,,False,False,False,True,False,False,True,False,True,True
ETH_USDT_c3957285,ETH/USDT,1h,BUY,2026-02-25 09:00:00+00:00,backtest,TP,3.1447,2.9447,True,4.0,atr,1913.29,1973.45741956,2.0,0.9410246891790381,0.941,True,25.569800013834314,0.1856600004611438,0.3,0.062912,67.69368794726292,0.0,0.6304,,0.47163490187644597,True,bullish,True,1.0,True,True,bearish,2,range,0.3,29.489795918367346,stable,5,moderate,1914.33,1916.9,1906.75,10867.79,1897.93311722097,1880.2395983844515,1880.228936080158,1893.2482935698185,1876.8305582228968,67.69368794726292,17.69351883651848,16.489172778755393,1.204346057763086,0.5307355970478973,25.569800013834314,31.780782156063204,19.989909609152054,20.055806519421925,1874.2885447210829,1,17239.16,,False,False,True,False,False,False,False,True,False,True
ETH_USDT_9b8514ef,ETH/USDT,1h,BUY,2026-02-25 13:00:00+00:00,backtest,TP,3.211,3.011,True,2.0,bos,1955.21,2017.99252577,2.94,1.0,1.4641,True,28.515837565360492,0.2838612521786831,0.3,0.271897,79.69406053445998,-1.0,2.3561,,1.0,True,bullish,True,1.0,True,True,bearish,2,trend,0.5585972927560082,34.2479674796748,rising,6,strong,1963.78,1976.29,1951.58,39016.56,1927.1855867165903,1899.3769799770857,1888.222197114118,1916.7300400641875,1892.9366779747943,79.69406053445998,27.808606739504512,22.469144312615573,5.3394624268889395,3.993948990222112,28.515837565360492,41.60810221104001,14.242777809470331,20.927508590202265,1910.8429645738872,1,16559.9205,,False,False,True,False,False,False,True,True,False,True
ETH_USDT_667cdd07,ETH/USDT,1h,BUY,2026-02-26 04:00:00+00:00,backtest,SL,-1.362,-1.562,False,11.0,structural,2061.7,2033.62,1.0,1.0,1.8378,True,49.049841280254725,0.9683280426751575,0.9683280426751575,-0.296058,70.01711276973181,0.0,0.692,,1.0,True,bullish,False,0.0,True,True,bullish,1,range,0.3,64.96496496496496,falling,4,moderate,2074.24,2081.92,2050.95,18495.47,2060.3879338342194,2023.2047991370953,1960.647041802289,2056.4302006439966,2018.101279050805,70.01711276973181,37.18313469712416,43.3240957976679,-6.140961100543741,-8.065654754748188,49.049841280254725,37.53634347926836,12.517838730783357,28.57558903157976,2027.7441138064,1,26725.745,,False,False,True,False,False,False,False,True,False,True
ETH_USDT_b0e81d21,ETH/USDT,1h,SELL,2026-02-27 16:00:00+00:00,backtest,TP,3.6741,3.4741,True,14.0,atr,1935.72,1864.59940574,2.0,-1.0,1.5685,True,25.244554396453804,0.17481847988179347,0.3,-0.324541,20.644121528279626,-1.0,1.9062,,0.853654854878016,False,,False,0.0,False,False,ranging,0,trend,0.5040759066075634,46.18357487922705,rising,5,moderate,1926.1,1947.84,1923.38,37478.86,1960.7385132292825,1991.4924191254167,1995.5725052545763,1970.6352312947918,1998.0316610379587,20.644121528279626,-30.753905896134256,-24.502912318210576,-6.25099357792368,-6.019014213918155,25.244554396453804,12.657097026229888,33.998468398180286,23.706864752286535,1994.6431494554279,-1,19661.096499999996,,False,False,False,True,False,False,True,False,True,True
ETH_USDT_d39d4f1e,ETH/USDT,1h,SELL,2026-02-28 06:00:00+00:00,backtest,TP,3.667,3.467,True,1.0,structural,1909.96,1839.92244801,2.71,-1.0,1.453,True,41.20657365634192,0.7068857885447305,0.7068857885447305,-0.241248,13.589653617927125,-1.0,4.3687,,1.0,False,,False,0.0,False,False,bearish,1,expansion,1.0,44.518589132507145,stable,5,moderate,1841.72,1919.59,1834.92,98102.67,1906.519592005362,1934.22111112525,1964.032656441022,1925.033761149751,1943.471222237775,13.589653617927125,-27.701519119887962,-23.2584010462597,-4.443118073628263,2.599380921421499,41.20657365634192,7.918909996282255,46.89610098133323,23.345850661838185,1937.5007646986726,-1,22455.840500000002,,False,False,False,True,False,True,True,False,True,True
ETH_USDT_dfa9e324,ETH/USDT,1h,BUY,2026-03-01 03:00:00+00:00,backtest,SL,-2.2061,-2.4061,False,3.0,atr,2034.0,1989.12875642,1.0,1.0,1.8196,True,36.70470340383174,0.5568234467943914,0.5568234467943914,0.417293,75.74380269878334,-1.0,0.6751,,1.0,False,,True,0.8,True,True,ranging,0,trend,0.6950783900638624,71.58878504672897,rising,5,moderate,2022.33,2038.67,2016.12,16411.41,1987.5236045106349,1952.004992614182,1949.382489278378,1977.5789200851023,1944.9724918756003,75.74380269878334,35.51861189645297,27.079575672412304,8.439036224040663,9.746370649109956,36.70470340383174,35.59371443217658,9.826816887231603,29.914162384094695,1949.7765520430064,1,24307.962000000003,,False,False,True,False,False,False,False,True,False,True
ETH_USDT_b45273a0,ETH/USDT,1h,BUY,2026-03-01 13:00:00+00:00,backtest,SL,-1.2356,-1.4356,False,4.0,structural,1978.05,1953.61,1.0,0.6948471921354687,0.6948,True,28.747100681182268,0.29157002270607557,0.3,-0.140479,62.35969353183299,0.0,1.5056,,0.5060583686963694,True,bullish,True,0.8,True,True,bearish,2,range,0.3,58.7037037037037,falling,5,moderate,2005.76,2023.84,1968.0,32435.35,1990.6134104648527,1976.8771351989546,1962.859855113186,1986.2858134548108,1973.9888487188502,62.35969353183299,13.73627526589803,16.553938177807012,-2.8176629119089824,-5.665804897801003,28.747100681182268,29.00629605252495,16.354836835115712,26.566805353525254,1949.7765520430064,1,21542.819000000003,,False,False,True,False,False,False,True,True,False,True
ETH_USDT_7da2b7a5,ETH/USDT,1h,BUY,2026-03-04 15:00:00+00:00,backtest,TP,4.7005,4.5005,True,4.0,atr,2088.74,2186.9219562,2.0,1.0,2.0006,True,24.100054235659403,0.1366684745219801,0.3,0.444616,83.95270011968395,-1.0,3.0016,,1.0,False,,False,0.0,False,False,ranging,0,expansion,1.0,78.50953206239168,rising,6,strong,2149.28,2156.7,2078.44,67391.7,2073.2317021695126,2032.5675414529348,2003.68682212913,2051.5036170750877,2020.8962955982283,83.95270011968395,40.664160716577726,31.108112660329688,9.556048056248038,4.2772328446537315,24.100054235659403,44.00115995925155,13.481539738859246,32.72731873261808,2031.0513693680073,1,22452.2745,,False,False,True,False,False,False,True,True,False,True
ETH_USDT_0d5aca89,ETH/USDT,1h,BUY,2026-03-05 04:00:00+00:00,backtest,SL,-1.9935,-2.1935,False,11.0,atr,2124.98,2082.61902454,1.0,1.0,1.0697,True,32.535236671856275,0.41784122239520916,0.41784122239520916,-0.252875,62.34176229969382,0.0,0.55,,0.5395369704362948,True,bullish,False,0.0,False,False,bullish,1,range,0.3,63.239074550128535,falling,4,moderate,2136.22,2143.4,2117.48,12998.15,2127.156625287394,2104.6442757823256,2053.7328262296496,2124.567089655221,2101.4867033605583,62.34176229969382,22.512349505068414,27.914318460895053,-5.401968955826639,-7.534916644145639,32.535236671856275,30.529422033531834,17.040997772624465,28.24065030693269,2094.71834144235,1,23632.745500000008,,False,False,True,False,False,False,False,True,False,True
ETH_USDT_07400c38,ETH/USDT,1h,SELL,2026-03-06 15:00:00+00:00,backtest,SL,-1.9192,-2.1192,False,70.0,atr,1983.92,2021.99535663,1.0,-1.0,1.5194,True,22.87221514737344,0.09574050491244795,0.3,-0.461885,16.39683225814414,-1.0,2.1835,,1.0,False,,False,0.0,False,False,bearish,1,expansion,1.0,49.750415973377706,rising,5,moderate,1976.56,1996.85,1964.9,34368.64,2023.0852145767783,2053.8241090212236,2064.9595557026614,2036.3781330272864,2061.550519923346,16.39683225814414,-30.73889444444535,-21.609467723831685,-9.129426720613665,-8.127632532534985,22.87221514737344,9.001700382885568,37.17364120859415,25.383571089385146,2045.408797592642,-1,15740.264000000001,,False,False,False,True,False,False,True,False,True,True
ETH_USDT_2b81b85b,ETH/USDT,1h,BUY,2026-03-09 13:00:00+00:00,backtest,TP,3.5135,3.3135,True,25.0,atr,2008.34,2078.90245833,2.0,0.8450068974147731,0.845,True,26.749314139585273,0.22497713798617577,0.3,0.098487,68.12843021562169,0.0,2.1972,,0.6735203135291448,False,,True,0.8,False,False,bearish,1,range,0.3,42.924528301886795,stable,6,strong,2017.23,2028.96,2000.11,44801.88,1996.9880141270933,1980.2547251135022,1977.6601727450916,1991.204589591977,1976.5571976248525,68.12843021562169,16.733289013591047,14.74658972801679,1.9866992855742573,0.8941518818949152,26.749314139585273,32.95146946053807,16.11346162230945,23.52081944362589,1953.5153204668618,1,20390.34400000001,,False,False,True,False,False,False,True,True,False,True
ETH_USDT_b818875b,ETH/USDT,1h,BUY,2026-03-10 14:00:00+00:00,backtest,TP,3.7536,3.5536,True,48.0,structural,2013.74,2089.32739007,3.02,0.7339694860502745,0.734,True,32.96093024046557,0.4320310080155191,0.4320310080155191,-0.025093,64.41237296299636,0.0,3.5474,,0.3620021842759216,True,bullish,False,0.0,False,False,bullish,1,expansion,1.0,52.659984579799534,falling,5,moderate,2074.57,2079.8,2007.67,62466.15,2053.4674535327945,2038.5054455906857,2013.8805279774347,2047.4381545421643,2034.8989901497544,64.41237296299636,14.962007942108812,15.482575608316827,-0.5205676662080148,-3.2036950490109035,32.96093024046557,23.87624314665856,14.826188539760519,25.195796689454518,2011.0297271970826,1,17609.1645,,False,False,True,False,False,False,True,True,False,True
ETH_USDT_39aa2023,ETH/USDT,1h,BUY,2026-03-16 03:00:00+00:00,backtest,TP,3.364,3.164,True,1.0,atr,2180.68,2254.03817641,2.0,1.0,1.6065,True,44.09970052613726,0.8033233508712421,0.8033233508712421,0.355468,82.10084686466948,-1.0,3.6007,,1.0,False,,False,0.0,False,False,ranging,0,expansion,1.0,52.37762237762238,rising,6,strong,2235.02,2253.0,2176.29,56723.85,2177.5398366058207,2143.1105888080933,2114.4453888339117,2161.1169327789125,2133.919647688903,82.10084686466948,34.429247797727385,26.484462961778657,7.944784835948727,4.685214546205408,44.09970052613726,43.91923175229955,4.147784368991122,24.45272547052227,2144.8663334346043,1,15753.764499999997,,False,False,True,False,False,False,True,True,False,True
ETH_USDT_013fc55d,ETH/USDT,1h,BUY,2026-03-16 04:00:00+00:00,backtest,TP,3.4352,3.2352,True,13.0,atr,2244.0,2321.08616381,2.0,1.0,1.9692,True,47.02639849759652,0.900879949919884,0.900879949919884,0.469472,85.04853217451682,-1.0,2.1799,,1.0,False,,False,0.0,True,True,ranging,0,expansion,1.0,58.77009084556254,rising,6,strong,2262.19,2276.87,2235.02,37961.26,2196.3509840267498,2153.9359898255393,2119.7219820898436,2177.5398366058207,2143.1105888080933,85.04853217451682,42.41499420121045,31.794640041589254,10.620354159621193,7.944784835948727,47.02639849759652,45.44529814354148,3.6652498149067814,25.69538793691353,2182.6817000911437,1,17414.0075,,False,False,True,False,False,False,True,True,False,True
ETH_USDT_f29f2f7c,ETH/USDT,1h,SELL,2026-03-22 21:00:00+00:00,backtest,SL,-1.2568,-1.4568,False,1.0,atr,2038.3,2063.91837055,1.0,-0.8897671142848387,0.8898,True,42.20281962910716,0.7400939876369054,0.7400939876369054,-0.085043,20.34628195671927,-1.0,3.1432,,1.0,False,,True,0.8,False,False,ranging,0,compression,0.11432160804020108,17.713567839195978,rising,5,moderate,2044.92,2059.75,2024.96,47423.54,2065.565002746885,2083.9437208655036,2113.935572064512,2071.4635749602808,2087.846092952054,20.34628195671927,-18.378718118618508,-16.63966139994008,-1.7390567186784267,-0.6123849511721922,42.20281962910716,7.6760802110581965,38.6904660647475,17.078913699271432,2086.329998958302,-1,15087.586999999998,,False,False,False,True,False,False,True,False,True,True
ETH_USDT_ccfc4619,ETH/USDT,1h,SELL,2026-03-22 23:00:00+00:00,backtest,SL,-1.3463,-1.5463,False,12.0,atr,2068.04,2095.88234501,1.0,-0.8350348468782455,0.835,True,43.715615778242366,0.7905205259414122,0.7905205259414122,-0.012477,33.19002894588402,0.0,0.79,,0.7892538848041852,False,,True,1.0,False,False,ranging,0,trend,0.8119269296373728,22.271016311166875,rising,3,weak,2052.81,2072.76,2050.07,11878.55,2062.050433760461,2079.269273442565,2109.9511760650885,2064.6905576920217,2081.9152007868215,33.19002894588402,-17.218839682103862,-16.962716759519065,-0.2561229225847974,-0.3899877965731662,43.715615778242366,10.96454690122989,30.69589402133452,18.561563342739156,2086.329998958302,-1,15036.661499999998,,False,False,False,True,False,False,False,False,True,True
ETH_USDT_e7d3f081,ETH/USDT,1h,BUY,2026-03-23 17:00:00+00:00,backtest,SL,-2.2978,-2.4978,False,64.0,atr,2134.59,2085.5420329,1.0,1.0,1.3354,True,40.087114804732764,0.6695704934910921,0.6695704934910921,0.190207,63.25570776102775,0.0,0.7412,,0.5931141540398197,True,bullish,True,1.0,False,False,bearish,2,range,0.3,84.42928039702234,stable,5,moderate,2151.64,2157.45,2123.45,18863.53,2132.0667859534656,2103.9697752842935,2103.7800324265327,2126.4744390830274,2099.202752812723,63.25570776102775,28.09701066917205,24.004443696415986,4.092566972756064,5.313526060266646,40.087114804732764,35.75900734032182,20.93115348932633,32.69864473425447,2093.7549885603007,1,25448.641500000005,,False,False,True,False,False,False,False,True,False,True
ETH_USDT_b8bcfe09,ETH/USDT,1h,SELL,2026-03-26 09:00:00+00:00,backtest,TP,2.6599,2.4599,True,6.0,atr,2117.99,2061.65349723,2.0,-0.9608004496361524,0.9608,True,23.172372241562876,0.10574574138542919,0.3,-0.303465,16.459891484589157,-1.0,2.9149,,1.0,False,,False,0.0,False,False,ranging,0,range,0.3,23.627684964200476,rising,5,moderate,2081.37,2121.01,2073.04,40691.36,2122.307319441298,2142.698457709151,2146.4675283940187,2134.003696424526,2148.8313034800663,16.459891484589157,-20.391138267852966,-14.074906081516765,-6.316232186336201,-3.910817067191619,23.172372241562876,9.347544804633046,37.06875005830707,18.778834257450235,2145.0288910945765,-1,13959.769,,False,False,False,True,False,False,True,False,True,True
ETH_USDT_1a47324c,ETH/USDT,1h,BUY,2026-04-02 00:00:00+00:00,backtest,SL,-1.433,-1.633,False,1.0,structural,2138.82,2108.17,1.0,0.5536145320222717,0.5536,True,36.038439242797054,0.5346146414265684,0.5346146414265684,-0.005272,62.35617498277591,0.0,0.6289,,0.7188211003175266,True,bullish,False,0.0,False,False,bullish,1,range,0.3,36.130790190735695,falling,4,moderate,2154.64,2157.96,2134.54,10383.21,2142.858198853617,2131.06033913003,2100.8716615662265,2139.4919699546504,2128.7023730430333,62.35617498277591,11.797859723586953,11.911451595464744,-0.11359187187779085,-1.1786506197865556,36.038439242797054,29.58603427481048,11.615506766872315,20.63121666348081,2100.9739099434673,1,16509.03,,False,False,True,False,False,False,False,True,False,True
ETH_USDT_b270dbdb,ETH/USDT,1h,SELL,2026-04-02 09:00:00+00:00,backtest,SL,-1.4767,-1.6767,False,7.0,atr,2042.73,2072.89461367,1.0,-1.0,1.2954,True,28.65557169630844,0.2885190565436146,0.3,-0.168411,28.95150128915117,0.0,0.6588,,0.46227714845057916,True,bullish,True,1.0,False,False,bullish,1,trend,0.560926194938474,32.59219088937093,rising,4,moderate,2043.0,2047.15,2038.68,11083.79,2059.9171007105583,2086.6012515273087,2088.2372098640685,2064.750558056432,2090.96137668004,28.95150128915117,-26.68415081675039,-23.24351610873579,-3.440634708014599,-4.6876198688793025,28.65557169630844,17.03737515233283,28.59430386359731,20.10974244505829,2090.933052450986,-1,16825.412000000004,,False,False,False,True,False,False,False,False,True,True
ETH_USDT_c5a508b3,ETH/USDT,1h,BUY,2026-04-06 09:00:00+00:00,backtest,SL,-1.0,-1.2,False,8.0,bos,2147.56,2126.0844,1.0,1.0,1.2356,True,44.12807655101319,0.8042692183671062,0.8042692183671062,0.039283,80.77418437229244,-1.0,2.1756,,1.0,True,bullish,True,1.0,False,False,bearish,2,range,0.3,22.216494845360824,stable,6,strong,2149.97,2173.42,2137.28,30817.25,2130.711428092621,2104.7053958694573,2079.6246112216804,2125.208978976227,2100.1789354564035,80.77418437229244,26.006032223163857,25.161464747668845,0.8445674754950119,0.29086250990238227,44.12807655101319,40.780177364848484,8.261595722133112,17.183655002881576,2109.141234478632,1,14164.891000000003,,False,False,True,False,False,False,True,True,False,True
ETH_USDT_e481ce6e,ETH/USDT,1h,BUY,2026-04-07 22:00:00+00:00,backtest,TP,3.4138,3.2138,True,1.0,atr,2158.33,2232.01128174,2.0,0.8526274115518518,0.8526,True,22.769969907207397,0.09233233024024656,0.3,0.646746,80.79256231955068,-1.0,3.3791,,1.0,False,,True,0.8,False,False,bearish,1,expansion,1.0,61.65907941325241,stable,6,strong,2219.24,2219.24,2144.58,65358.03,2132.9420957415095,2114.909795098901,2105.8150313991937,2108.285551667655,2104.4767746087914,80.79256231955068,18.032300642608334,3.6794440959170647,14.35285654669127,7.305761236292167,22.769969907207397,46.4891425006862,12.904300477635639,24.56042724818969,2114.024657632064,1,19341.621,,False,False,True,False,False,False,True,True,False,True
ETH_USDT_2279ccde,ETH/USDT,1h,BUY,2026-04-07 23:00:00+00:00,backtest,SL,-1.8161,-2.0161,False,15.0,atr,2229.82,2189.32476205,1.0,1.0,1.427,True,25.86664036912112,0.19555467897070405,0.3,0.793791,82.8277941745627,-1.0,3.0459,,1.0,False,,True,0.8,False,False,bearish,1,expansion,1.0,71.38523761375126,rising,6,strong,2239.16,2272.85,2214.18,68719.57,2156.5460744656184,2126.2052682717285,2110.5773517063653,2132.9420957415095,2114.909795098901,82.8277941745627,30.340806193889875,12.566564795241336,17.77424139864854,14.35285654669127,25.86664036912112,53.456845396002834,10.901167303491988,26.996825301890432,2167.7506918688578,1,22561.681,,False,False,True,False,False,False,True,True,False,True
ETH_USDT_004e1f39,ETH/USDT,1h,BUY,2026-04-10 13:00:00+00:00,backtest,TP,2.409,2.209,True,27.0,atr,2217.89,2271.31941889,2.0,0.2936062487233472,0.2936,True,20.606397589148234,0.02021325297160779,0.3,0.175468,66.75199919891853,0.0,1.3358,,0.5815290639100363,True,bullish,True,1.0,False,False,bearish,2,range,0.3,25.098039215686274,rising,5,moderate,2221.68,2224.28,2207.16,17751.03,2205.7626240172995,2199.305326151214,2190.8765268467364,2201.2148023079567,2197.0678587663356,66.75199919891853,6.457297866085355,2.5589495302748553,3.8983483358104998,3.5371681792515073,20.606397589148234,26.357903708015723,11.819677110264815,17.809806295771615,2173.90426325323,1,13288.639500000001,,False,False,True,False,False,False,False,True,False,True
ETH_USDT_81c0c507,ETH/USDT,1h,BUY,2026-04-13 20:00:00+00:00,backtest,TP,2.7048,2.5048,True,2.0,atr,2248.54,2309.35856041,2.0,0.7295499478371589,0.7295,True,20.501026099703505,0.016700869990116846,0.3,0.234515,67.1179721976272,0.0,0.9778,,0.6330978651177859,False,,True,1.0,False,False,ranging,0,range,0.3,39.73572439830109,rising,5,moderate,2251.47,2262.42,2246.47,13678.95,2231.8789834812296,2215.714241388956,2214.1752858103896,2226.2815501901523,2212.1386655278516,67.1179721976272,16.164742092273627,10.884697962184536,5.280044130089092,5.898208765160739,20.501026099703505,28.31150219916717,12.484055571222521,20.272853468499058,2200.217037859142,1,13989.896,,False,False,True,False,False,False,False,True,False,True
ETH_USDT_f62988dd,ETH/USDT,1h,BUY,2026-04-13 22:00:00+00:00,backtest,TP,3.4089,3.2089,True,1.0,atr,2294.18,2372.38574851,2.0,1.0,1.4137,True,25.34614418150212,0.17820480605007064,0.3,0.516298,84.29619068093199,-1.0,3.85,,1.0,False,,True,1.0,False,False,ranging,0,expansion,1.0,70.53276756247054,rising,6,strong,2351.89,2362.56,2258.6,66022.44,2263.2045702540768,2231.656315197484,2220.6311777497112,2237.865876040956,2219.6329467172327,84.29619068093199,31.548255056592552,19.405490629551426,12.142764427041126,4.898820907692649,25.34614418150212,46.34838269280845,8.37112419959155,26.068582837634377,2236.721100665905,1,17148.903000000002,,False,False,True,False,False,False,True,True,False,True
ETH_USDT_7a9c91c7,ETH/USDT,1h,BUY,2026-04-13 23:00:00+00:00,backtest,SL,-1.7867,-1.9867,False,19.0,atr,2352.51,2310.47875962,1.0,1.0,1.8934,True,28.809052812738756,0.29363509375795854,0.3,0.649761,85.67046347832543,-1.0,2.25,,1.0,False,,True,1.0,False,False,ranging,0,expansion,1.0,77.00282752120641,rising,6,strong,2368.36,2393.9,2340.5,42931.48,2286.5724435309485,2244.0839229068038,2225.907207115793,2263.2045702540768,2231.656315197484,85.67046347832543,42.48852062414471,27.099833961082524,15.388686663062188,12.142764427041126,28.809052812738756,48.028246352970825,7.231619661148725,28.0208269206605,2287.3769905993145,1,19080.433500000003,,False,False,True,False,False,False,True,True,False,True
ETH_USDT_55783d1c,ETH/USDT,1h,SELL,2026-04-19 17:00:00+00:00,backtest,TP,2.2404,2.0404,True,5.0,atr,2306.39,2254.71700773,2.0,-0.5256917365715923,0.5257,True,37.19198757607431,0.5730662525358103,0.5730662525358103,-0.074383,25.529224729131634,-1.0,1.8136,,0.7252262356163647,False,,False,0.0,False,False,ranging,0,expansion,1.0,24.24778761061947,rising,5,moderate,2294.99,2316.15,2293.0,25096.23,2318.5918573275153,2330.780503126308,2347.84538339499,2325.3352451353767,2334.3595534389387,25.529224729131634,-12.18864579879255,-10.481554802470015,-1.7070909963225347,0.6037010007466801,37.19198757607431,12.15087974446894,30.281535634878054,17.22433075728401,2348.3647412916034,-1,13837.846000000001,,False,False,False,True,False,True,True,False,True,True
ETH_USDT_725c678c,ETH/USDT,1h,BUY,2026-04-22 06:00:00+00:00,backtest,SL,-1.3915,-1.5915,False,18.0,atr,2391.1,2357.8268419,1.0,1.0,1.0328,True,21.495263474600314,0.049842115820010476,0.3,0.29538,76.061808752627,-1.0,0.611,,1.0,False,,True,1.0,False,False,bearish,1,range,0.3,54.15769065058165,rising,5,moderate,2392.05,2396.77,2388.19,12286.0,2362.3754096527714,2338.2252921634954,2325.679051656908,2353.896955267849,2332.842821379845,76.061808752627,24.150117489276,17.08448289270908,7.06563459656692,7.50246829357827,21.495263474600314,37.693854675102045,11.111078148366957,22.18210540262112,2335.22805725056,1,20107.5335,,False,False,True,False,False,False,False,True,False,True
ETH_USDT_29637915,ETH/USDT,1h,SELL,2026-04-23 12:00:00+00:00,backtest,SL,-1.0,-1.2,False,78.0,structural,2331.02,2354.3302,1.0,-0.7331825034153224,0.7332,True,34.269377759345744,0.4756459253115248,0.4756459253115248,-0.053669,35.934508805005976,0.0,0.6798,,0.6130240738230421,True,bullish,True,0.8,False,False,bearish,2,trend,0.654489629322429,24.75542322415993,rising,4,moderate,2327.77,2334.21,2320.2,13031.69,2333.1168985662935,2350.2229034508077,2350.8303297285784,2334.6445838709487,2352.4681937958885,35.934508805005976,-17.106004884514277,-15.856719756251298,-1.2492851282629793,-2.5915327328199673,34.269377759345744,16.59987357493725,31.9254754205133,17.43284425361423,2354.5173079835317,-1,19170.761000000002,,False,False,False,True,False,False,False,False,True,True
ETH_USDT_75dd358f,ETH/USDT,1h,SELL,2026-04-27 15:00:00+00:00,backtest,SL,-1.1406,-1.3406,False,37.0,structural,2293.51,2319.67,1.0,-0.7919507225330512,0.792,True,31.689129592963194,0.38963765309877313,0.38963765309877313,-0.201762,19.193083535045595,-1.0,2.9917,,1.0,True,bullish,True,0.8,False,False,bullish,1,trend,0.6114854932160533,28.857142857142858,rising,5,moderate,2273.63,2313.99,2264.03,70091.08,2310.1563927806187,2328.4516930248883,2332.2373861777437,2320.5925050036526,2333.933862327377,19.193083535045595,-18.295300244269583,-13.707974164130974,-4.5873260801386095,-1.9270461996627564,31.689129592963194,15.222027528359929,41.71730241537001,17.675303747840164,2336.546156899974,-1,23428.431999999997,,False,False,False,True,False,False,True,False,True,True
ETH_USDT_0c6148c3,ETH/USDT,1h,BUY,2026-05-01 12:00:00+00:00,backtest,TP,1.5098,1.3098,True,1.0,bos,2287.78,2322.32,1.51,0.40364029186419775,0.4036,True,22.034131192774485,0.06780437309248283,0.3,0.074129,73.74530427615277,-1.0,4.3502,,0.8431801386187234,True,bullish,False,0.0,False,False,bullish,1,compression,0.4298073141958316,11.403853716083367,rising,6,strong,2300.01,2310.98,2282.7,31721.84,2284.3399885899216,2275.1565400911304,2274.846661724921,2279.8628424727563,2272.6711941002436,73.74530427615277,9.183448498791222,7.478480749063287,1.7049677497279347,0.5656514983133256,22.034131192774485,32.598032167871665,11.518528702403577,13.327695711999025,2264.129406276351,1,7292.112000000001,,False,False,True,False,False,False,True,True,False,True
ETH_USDT_83303309,ETH/USDT,1h,BUY,2026-05-01 13:00:00+00:00,backtest,SL,-1.2023,-1.4023,False,7.0,bos,2310.77,2282.9877,1.0,0.5541750022040677,0.5542,True,24.375684426281104,0.14585614754270348,0.3,0.14821,80.33363230598226,-1.0,3.8694,,0.9874051000930987,True,bullish,False,0.0,False,False,bullish,1,compression,0.34355345911949686,13.128930817610062,rising,6,strong,2316.94,2322.88,2299.98,33541.14,2291.584435569939,2278.955036446482,2276.3499952347456,2284.3399885899216,2275.1565400911304,80.33363230598226,12.629399123457006,9.195453540527861,3.4339455829291445,1.7049677497279347,24.375684426281104,34.85896693181867,10.173839429491204,14.01143173257053,2276.265465648716,1,8668.351500000002,,False,False,True,False,False,False,True,True,False,True
ETH_USDT_5351ce85,ETH/USDT,1h,SELL,2026-05-07 01:00:00+00:00,backtest,TP,2.1418,1.9418,True,25.0,atr,2328.02,2278.15838602,2.0,-0.5850093273667606,0.585,True,21.1055026206391,0.036850087354636685,0.3,-0.108214,27.768262411798943,-1.0,1.3379,,0.7530906811999961,True,bullish,True,0.8,False,False,bearish,2,range,0.3,26.15844544095665,rising,4,moderate,2326.04,2334.03,2311.9,28301.32,2342.6878633777505,2356.3928058895995,2360.3726279900097,2347.444395771394,2359.4280864785596,27.768262411798943,-13.704942511848913,-11.187830521973606,-2.517111989875307,-2.0544161801298557,21.1055026206391,14.24479562611585,33.072062656115754,16.620537993461937,2364.526807565461,-1,21153.424499999997,,False,False,False,True,False,False,False,False,True,True
ETH_USDT_7b71caa8,ETH/USDT,1h,SELL,2026-05-13 15:00:00+00:00,backtest,SL,-1.1225,-1.3225,False,23.0,atr,2256.45,2281.7789588,1.0,-0.510101799068076,0.5101,True,27.239734417850066,0.2413244805950022,0.3,-0.335643,24.997612217178805,-1.0,2.629,,0.9227698510939788,False,,False,0.0,False,False,ranging,0,expansion,1.0,31.40437544107269,rising,5,moderate,2235.64,2269.47,2233.17,39050.68,2274.530820670664,2286.133243307263,2298.2973267432317,2285.642483719425,2291.1825676379895,24.997612217178805,-11.60242263659893,-4.098645654767674,-7.5037769818312565,-5.1933267547124595,27.239734417850066,12.318700736252582,35.38794701360205,16.88597253215556,2297.2448107761966,-1,14854.085000000003,,False,False,False,True,False,False,True,False,True,True
ETH_USDT_8ba586f6,ETH/USDT,1h,SELL,2026-05-18 00:00:00+00:00,backtest,SL,-1.1177,-1.3177,False,12.0,atr,2119.64,2143.33030109,1.0,-0.6879769356843125,0.688,True,28.310925863966993,0.2770308621322331,0.3,-0.389113,13.76413546128939,-1.0,2.7663,,1.0,False,,False,0.0,False,False,ranging,0,expansion,1.0,27.424293977543385,rising,5,moderate,2114.47,2131.0,2103.73,36365.21,2160.462741616148,2175.32622698252,2193.915542859258,2173.6035249350475,2181.4118496807723,13.76413546128939,-14.86348536637206,-6.635798486462188,-8.227686879909871,-5.286369699217551,28.310925863966993,8.421109696710667,49.853342671420776,15.7935340602477,2163.0551960253974,-1,13145.561000000002,,False,False,False,True,False,False,True,False,True,True
ETH_USDT_b07a6a70,ETH/USDT,1h,SELL,2026-05-23 07:00:00+00:00,backtest,SL,-1.0758,-1.2758,False,11.0,atr,2059.75,2081.90917896,1.0,-1.0,1.0011,True,47.68502197791079,0.9228340659303598,0.9228340659303598,-0.09932,15.742757481765553,-1.0,3.3528,,1.0,False,,False,0.0,False,False,bearish,1,range,0.3,23.809523809523807,stable,5,moderate,2027.49,2062.29,2008.1,56541.54,2059.1003913173895,2079.7137818406413,2103.463964107756,2068.1319316937866,2084.9361600247057,15.742757481765553,-20.613390523251837,-18.59969321903161,-2.0136973042202264,0.788616236002337,47.68502197791079,5.067578208080998,49.82701862408863,14.77278597186117,2073.8158305499837,-1,16863.8615,,False,False,False,True,False,True,True,False,True,True
ETH_USDT_e22ddb3f,ETH/USDT,1h,BUY,2026-05-26 13:00:00+00:00,backtest,SL,-1.0023,-1.2023,False,2.0,atr,2122.38,2101.1073382,1.0,0.2384073728686259,0.2384,True,22.254728701013136,0.07515762336710452,0.3,0.1636,62.83203188611462,0.0,1.5168,,0.3805673618526017,False,,False,0.0,False,False,ranging,0,expansion,1.0,21.914758269720103,rising,6,strong,2124.44,2131.08,2108.38,23663.41,2114.3364505859877,2109.3077054995906,2106.894790718226,2111.4497221819843,2107.7944760495498,62.83203188611462,5.028745086397066,1.5531553962928286,3.4755896901042376,3.839885581193803,22.254728701013136,25.48794188883682,15.973757842521776,14.181774530159801,2089.2742954003834,1,15601.107500000002,,False,False,True,False,False,False,True,True,False,True
ETH_USDT_56606aee,ETH/USDT,1h,SELL,2026-06-01 14:00:00+00:00,backtest,SL,-1.0849,-1.2849,False,3.0,atr,1968.6,1989.95789523,1.0,-0.5861410828867809,0.5861,True,41.781238718953475,0.7260412906317825,0.7260412906317825,-0.066983,31.88976763708944,0.0,1.5851,,0.9173050401053584,False,,False,0.0,False,False,bearish,1,expansion,1.0,24.019458802067497,stable,5,moderate,1967.19,1976.79,1964.31,29530.59,1980.1004595169825,1991.7066417926414,2005.1007106127456,1983.7891622361205,1994.1583059719057,31.88976763708944,-11.606182275658966,-10.288492922779806,-1.3176893528791602,-0.7394954894449768,41.781238718953475,6.12216267204482,29.05478867467878,14.238596819019795,2008.9316960291883,-1,18629.5865,,False,False,False,True,False,False,True,False,True,True
ETH_USDT_35157465,ETH/USDT,1h,SELL,2026-06-02 16:00:00+00:00,backtest,TP,3.1059,2.9059,True,6.0,atr,1932.53,1872.50839461,2.0,-1.0,1.0419,True,49.52426317074872,0.984142105691624,0.984142105691624,-0.353536,22.87084901845766,-1.0,1.5055,,1.0,False,,False,0.0,False,False,ranging,0,expansion,1.0,57.5867269984917,rising,5,moderate,1919.87,1942.4,1908.66,37962.89,1949.5196092330052,1969.8323420537158,1987.3159665285477,1957.990926156721,1974.8285762590874,22.87084901845766,-20.312732820710607,-13.525294173527906,-6.787438647182702,-6.7060752524299705,49.52426317074872,5.7338629309971765,41.64352991686351,20.007201796589968,1967.2157603694075,-1,25216.543999999998,,False,False,False,True,False,False,True,False,True,True
ETH_USDT_c9770221,ETH/USDT,1h,SELL,2026-06-02 22:00:00+00:00,backtest,TP,3.5759,3.3759,True,5.0,atr,1888.18,1820.66099025,2.0,-1.0,1.6541,True,60.74051258418555,1.0,1.0,-0.262277,13.499293038749547,-1.0,1.6621,,1.0,False,,False,0.0,False,False,ranging,0,expansion,1.0,69.2261367058115,rising,5,moderate,1867.81,1908.85,1861.64,42297.02,1908.2025578505495,1939.7669965435657,1970.6739203799123,1919.743288664992,1946.9626961979225,13.499293038749547,-31.5644386930162,-26.665610843361314,-4.898827849654886,-3.00321061439665,60.74051258418555,3.54939978903335,44.04946280016273,22.5063365825725,1946.3233330368303,-1,25447.636,,False,False,False,True,False,False,True,False,True,True
ETH_USDT_1c1c8517,ETH/USDT,1h,SELL,2026-06-05 05:00:00+00:00,backtest,TP,4.6263,4.4263,True,1.0,atr,1731.84,1651.72047265,2.0,-1.0,1.3447,True,41.101830246977684,0.7033943415659228,0.7033943415659228,-0.350234,23.90713621591211,-1.0,3.2806,,0.917008187393977,False,,False,0.0,False,False,ranging,0,trend,0.768363837449628,81.96090047393365,rising,5,moderate,1683.36,1746.84,1680.43,69226.34,1734.2490199116278,1757.5689814329942,1806.196247029206,1748.7887398863786,1764.9898795762938,23.90713621591211,-23.319961521366395,-17.42426766077167,-5.895693860594726,-1.724718959440878,41.101830246977684,10.05609075356472,32.98129543841414,26.70650911716221,1781.6854434329464,-1,21101.895,,False,False,False,True,False,False,True,False,True,True
ETH_USDT_6c5b9ef3,ETH/USDT,1h,SELL,2026-06-05 13:00:00+00:00,backtest,TP,5.4447,5.2447,True,2.0,atr,1665.7,1575.0083695,2.0,-1.0,2.4543,True,50.88306216180414,1.0,1.0,-0.276074,22.867962658948784,-1.0,2.0825,,1.0,False,,False,0.0,True,True,bearish,1,trend,0.9313843693634023,89.8936170212766,rising,5,moderate,1613.73,1676.83,1612.52,58794.08,1663.6921747227989,1704.5242624882396,1769.2641360393875,1677.9670817864558,1713.6036887370635,22.867962658948784,-40.83208776544075,-36.37700255400513,-4.455085211435616,-1.487147002320441,50.88306216180414,6.677666189480832,37.38911556305144,30.230543499433438,1723.1948764633432,-1,28233.008,,False,False,False,True,False,False,True,False,True,True
ETH_USDT_eb940d8f,ETH/USDT,1h,SELL,2026-06-05 15:00:00+00:00,backtest,SL,-2.8914,-3.0914,False,41.0,atr,1583.21,1628.98725907,1.0,-1.0,3.0712,True,54.126518919179674,1.0,1.0,-0.45407,18.88175208220858,-1.0,1.8274,,1.0,False,,False,0.0,True,True,bearish,1,trend,0.9854419819863278,90.40165386887182,rising,5,moderate,1582.3,1603.44,1571.03,62174.89,1634.553290881693,1684.7539359406937,1756.7489861896859,1649.4828025621769,1694.9993295347633,18.88175208220858,-50.200645059000635,-43.01588881535504,-7.1847562436455945,-6.093016279054218,54.126518919179674,5.703517353157586,41.28713724015028,30.518172711246187,1666.1880999353082,-1,34024.147,,False,False,False,True,False,False,True,False,True,True
ETH_USDT_bd7f5ef9,ETH/USDT,1h,BUY,2026-06-08 10:00:00+00:00,backtest,SL,-1.4901,-1.6901,False,28.0,structural,1668.96,1644.09,1.0,0.7478077988559145,0.7478,True,28.92103819178596,0.2973679397261987,0.3,-0.119101,58.476129910342635,0.0,0.7352,,0.5111191618592572,True,bullish,False,0.0,False,False,bullish,1,range,0.3,54.792933680857224,falling,4,moderate,1671.63,1675.78,1662.6,17298.64,1667.4501218903304,1655.0733542703108,1640.8031173392176,1666.2558710018532,1653.417689697342,58.476129910342635,12.376767620019564,14.36770379580199,-1.9909361757824264,-2.5249905791820186,28.92103819178596,31.0585276751221,18.28054862864067,19.721058472618655,1635.9863890190793,1,23528.74750000001,,False,False,True,False,False,False,False,True,False,True
ETH_USDT_e4cb0ec5,ETH/USDT,1h,BUY,2026-06-12 02:00:00+00:00,backtest,SL,-1.3654,-1.5654,False,4.0,atr,1674.59,1651.72566731,1.0,0.4472501054042068,0.4473,True,22.751813079210123,0.09172710264033744,0.3,-0.056712,58.018218762101846,0.0,0.5163,,0.2337177664253093,True,bullish,False,0.0,True,True,bullish,1,range,0.3,28.29709121717029,falling,4,moderate,1674.81,1677.38,1665.96,8695.71,1671.268754952544,1663.8272856636693,1654.8995958447065,1670.256970653271,1662.7290142300362,58.018218762101846,7.441469288874714,8.391293156843082,-0.9498238679683677,-1.33824866759241,22.751813079210123,22.15599879124454,16.313054630611806,15.242888459394825,1636.6986497404037,1,16843.2535,,False,False,True,False,False,False,False,True,False,True
ETH_USDT_093fc9d3,ETH/USDT,1h,BUY,2026-06-15 13:00:00+00:00,backtest,TP,2.7357,2.5357,True,2.0,atr,1793.35,1842.41013279,2.0,1.0,1.7376,True,48.36381761772206,0.9454605872574021,0.9454605872574021,0.460383,91.30878703269168,-1.0,4.2481,,1.0,False,,False,0.0,False,False,ranging,0,expansion,1.0,36.3962472406181,rising,6,strong,1813.39,1826.43,1773.51,102872.09,1756.7773873010585,1726.7725312506468,1699.791791705333,1740.6023551013611,1718.1107843757115,91.30878703269168,30.004856050411718,21.656316472312866,8.348539578098851,5.00952404238614,48.36381761772206,55.40320777596592,5.102255788389769,16.353377598062742,1753.4743069067256,1,24215.882,,False,False,True,False,False,False,True,True,False,True
XRP_USDT_a39e52ca,XRP/USDT,1h,SELL,2026-01-16 15:00:00+00:00,backtest,SL,-1.0,-1.2,False,24.0,structural,2.0608,2.081408,1.0,-0.6153252616037677,0.6153,True,33.95431238106253,0.46514374603541764,0.46514374603541764,-0.115983,19.999760063364615,-1.0,3.4307,,0.9715361701023361,False,,False,0.0,False,False,ranging,0,trend,0.6492385396843755,30.76923076923077,rising,5,moderate,2.0312,2.064,2.0252,10847065.0,2.0552125223100224,2.06785876413944,2.086148796979618,2.062073242970029,2.071524640553384,19.999760063364615,-0.012646241829417537,-0.010290393196165815,-0.0023558486332517226,-0.00033892870381505187,33.95431238106253,11.001186548216408,35.28959080077481,0.014797546849346957,2.080759912481226,-1,3161769.85,,False,False,False,True,False,False,True,False,True,True
XRP_USDT_735c4257,XRP/USDT,1h,SELL,2026-01-18 23:00:00+00:00,backtest,TP,2.0088,1.8088,True,1.0,structural,2.0416,2.00058804,2.01,-0.4321402499253489,0.4321,True,21.56892246539698,0.05229741551323267,0.3,-0.246386,17.739359816408697,-1.0,8.5503,,1.0,True,bullish,True,1.0,False,False,bearish,2,expansion,1.0,62.19512195121951,rising,5,moderate,1.9902,2.0598,1.9853,20097925.0,2.041022671140937,2.0498427516130384,2.059360454702697,2.0555434343240617,2.0558070267743425,17.739359816408697,-0.008820080472101477,-0.003916512198299266,-0.004903568273802211,0.001201135611117425,21.56892246539698,11.1714074076163,45.61757501265767,0.01367065368922684,2.0614245639922717,-1,2350544.0,,False,False,False,True,False,True,True,False,True,True
XRP_USDT_2f5271a3,XRP/USDT,1h,SELL,2026-01-19 00:00:00+00:00,backtest,SL,-1.7951,-1.9951,False,1.0,atr,1.9262,1.96077698,1.0,-1.0,1.0312,True,25.99440008574255,0.1998133361914184,0.3,-0.579976,11.731072503466178,-1.0,9.4555,,1.0,True,bullish,True,1.0,True,True,bearish,2,expansion,1.0,100.0,rising,5,moderate,1.9435,1.9902,1.8452,41598699.0,2.0193509664429508,2.040175228739126,2.055222581320458,2.041022671140937,2.0498427516130384,11.731072503466178,-0.020824262296175178,-0.009552428897591237,-0.01127183339858394,-0.004903568273802211,25.99440008574255,6.152005705026549,68.53367780374228,0.023051321282853497,1.9889371075930447,-1,4399424.25,,False,False,False,True,False,False,True,False,True,True
XRP_USDT_cbfd10e1,XRP/USDT,1h,SELL,2026-01-19 01:00:00+00:00,backtest,SL,-1.7786,-1.9786,False,15.0,atr,1.9498,1.98447863,1.0,-1.0,1.3897,True,30.103772161777723,0.33679240539259075,0.33679240539259075,-0.625246,17.01412159206099,-1.0,1.1106,,1.0,True,bullish,True,1.0,True,True,bearish,2,trend,0.585062869362962,100.0,rising,4,moderate,1.9514,1.9611,1.9371,5030049.0,2.0042507516778505,2.0321047533992056,2.0515146319875845,2.0193509664429508,2.040175228739126,17.01412159206099,-0.027854001721355104,-0.015652953172179192,-0.012201048549175912,-0.01127183339858394,30.103772161777723,5.695833060466107,63.451889758643,0.023119084048363964,1.9889371075930447,-1,4529075.000000001,,False,False,False,True,False,False,False,False,True,True
XRP_USDT_cca4940f,XRP/USDT,1h,SELL,2026-01-20 02:00:00+00:00,backtest,SL,-1.2331,-1.4331,False,44.0,atr,1.9628,1.98700285,1.0,-0.3413747103810223,0.3414,True,29.86208107076848,0.32873603569228266,0.32873603569228266,-0.153828,36.11589910841879,0.0,1.1327,,0.6983574276577285,False,,True,1.0,True,True,bearish,1,trend,0.581034684512808,62.38532110091744,rising,4,moderate,1.9684,1.9713,1.961,2841456.0,1.9827586362545622,1.9895272728066309,2.0108281023927734,1.9868611037558657,1.991640000087294,36.11589910841879,-0.006768636552068719,-0.003740688675643489,-0.0030279478764252297,-0.002552181593997487,29.86208107076848,16.583684408757836,34.04262010020105,0.016135231013561,2.0054875874067584,-1,2508578.6,,False,False,False,True,False,False,False,False,True,True
XRP_USDT_0e8614ab,XRP/USDT,1h,SELL,2026-01-25 16:00:00+00:00,backtest,TP,1.8208,1.6208,True,3.0,atr,1.8515,1.81778729,1.82,-0.6093499243120439,0.6093,True,29.22254367004952,0.30741812233498406,0.30741812233498406,-0.204979,17.732111413254717,-1.0,6.902,,1.0,False,,False,0.0,False,False,bearish,1,expansion,1.0,30.45267489711934,rising,5,moderate,1.8527,1.8866,1.8443,14596473.0,1.885448880232286,1.8969378615569237,1.9087687874881372,1.894805703155796,1.9013616477126163,17.732111413254717,-0.011488981324637715,-0.00769133367179323,-0.0037976476528444846,-0.0007634347114491933,29.22254367004952,9.579385315063503,45.516986270883635,0.01123756901756678,1.8966888922010643,-1,2114821.5,,False,False,False,True,False,False,True,False,True,True
XRP_USDT_e1ef7be0,XRP/USDT,1h,SELL,2026-01-25 19:00:00+00:00,backtest,SL,-1.1751,-1.3751,False,5.0,atr,1.8306,1.85211108,1.0,-1.0,1.3241,True,37.89679838465514,0.5965599461551714,0.5965599461551714,-0.406297,10.964081682948196,-1.0,2.2265,,1.0,False,,False,0.0,False,False,bearish,1,expansion,1.0,42.68292682926829,rising,5,moderate,1.8169,1.8392,1.81,6614624.0,1.8560721068856982,1.8806482055273654,1.9008328873965472,1.8672641374244694,1.887023026080102,10.964081682948196,-0.02457609864166721,-0.017194087193482935,-0.007382011448184275,-0.006255807186241781,37.89679838465514,6.010145276864277,44.59959894798109,0.0143407212578696,1.8655541524145758,-1,2970811.0500000003,,False,False,False,True,False,False,True,False,True,True
XRP_USDT_7d31323c,XRP/USDT,1h,SELL,2026-01-29 14:00:00+00:00,backtest,TP,2.3661,2.1661,True,1.0,structural,1.8728,1.82848825,2.37,-0.894738928930314,0.8947,True,29.25835717743324,0.3086119059144413,0.3086119059144413,-0.19289,16.622883154206338,-1.0,5.0566,,1.0,False,,False,0.0,False,False,bearish,1,trend,0.5709726196238873,44.510385756676556,rising,5,moderate,1.8252,1.877,1.824,12207516.0,1.8648586507094755,1.8815442670268978,1.8939275858494213,1.8761896937693257,1.8871786937295878,16.622883154206338,-0.01668561631742227,-0.013164992304611258,-0.003520624012811011,0.00041568033794360526,29.25835717743324,9.481114136050184,43.67631917401275,0.014770581887313623,1.8881021015644466,-1,2414185.9,,False,False,False,True,False,True,True,False,True,True
XRP_USDT_e7b0abc3,XRP/USDT,1h,SELL,2026-01-29 15:00:00+00:00,backtest,SL,-1.3999,-1.5999,False,2.0,atr,1.8048,1.83006617,1.0,-1.0,1.2771,True,32.466440990030094,0.4155480330010031,0.4155480330010031,-0.387618,12.752739791949317,-1.0,5.9951,,1.0,False,,False,0.0,True,True,bearish,1,expansion,1.0,71.00591715976331,rising,5,moderate,1.8004,1.8289,1.7851,19453595.0,1.85053450610737,1.8741675154789978,1.8905873149262278,1.8648586507094755,1.8815442670268978,12.752739791949317,-0.023633009371627933,-0.01665433132695015,-0.006978678044677784,-0.003520624012811011,32.466440990030094,7.720122328770165,52.05982200628028,0.01684411175250551,1.8517918914080018,-1,3244900.6499999994,,False,False,False,True,False,False,True,False,True,True
XRP_USDT_ca734264,XRP/USDT,1h,SELL,2026-01-29 17:00:00+00:00,backtest,TP,3.0317,2.8317,True,8.0,atr,1.826,1.77064151,2.0,-1.0,1.5176,True,36.1530360158953,0.5384345338631767,0.5384345338631767,-0.295647,23.43655798444755,-1.0,1.9493,,1.0,False,,False,0.0,True,True,bearish,1,expansion,1.0,87.94117647058823,rising,5,moderate,1.8116,1.8416,1.8112,7108107.0,1.8357233432007545,1.863581417751238,1.8851597609454338,1.8426157269723986,1.8687795595263617,23.43655798444755,-0.027858074550483503,-0.022502134896353023,-0.0053559396541304795,-0.0063396674846752585,36.1530360158953,15.4051147237127,40.97494891181039,0.01845283105190526,1.8511877022672016,-1,3646569.85,,False,False,False,True,False,False,True,False,True,True
XRP_USDT_4c19b5e6,XRP/USDT,1h,SELL,2026-01-31 08:00:00+00:00,backtest,TP,3.9045,3.7045,True,6.0,atr,1.7153,1.64832628,2.0,-0.9469202650464498,0.9469,True,50.77849826326608,1.0,1.0,-0.200621,23.723101625161753,-1.0,2.8471,,1.0,False,,False,0.0,False,False,ranging,0,trend,0.9296416377211013,88.91820580474933,rising,5,moderate,1.6939,1.7212,1.6789,12024891.0,1.7248027631440903,1.7411352700403828,1.781120192569182,1.7336321240424017,1.7458587970444213,23.723101625161753,-0.01633250689629251,-0.01293418933696746,-0.0033983175593250495,-0.000991642444714582,50.77849826326608,8.258376967011966,39.09364833697257,0.022324571742938563,1.7550694826484978,-1,4223554.949999999,,False,False,False,True,False,False,True,False,True,True
XRP_USDT_22c1e962,XRP/USDT,1h,SELL,2026-01-31 15:00:00+00:00,backtest,TP,4.3095,4.1095,True,2.0,atr,1.6489,1.57784124,2.0,-1.0,1.9505,True,57.957257669451714,1.0,1.0,-0.421465,15.40081139567014,-1.0,1.5051,,1.0,False,,False,0.0,False,False,ranging,0,trend,1.0,92.74611398963731,rising,5,moderate,1.634,1.659,1.6324,7495283.0,1.6752787519149663,1.7079550919116901,1.757501928207327,1.687072681033528,1.7153506011028592,15.40081139567014,-0.03267633999672381,-0.02578959904551886,-0.006886740951204954,-0.005931691499414894,57.957257669451714,5.486845181171279,45.07271570030052,0.023686254191203997,1.7063738008403804,-1,4980025.65,,False,False,False,True,False,False,True,False,True,True
XRP_USDT_21ddd100,XRP/USDT,1h,SELL,2026-02-05 00:00:00+00:00,backtest,TP,5.4141,5.2141,True,6.0,atr,1.502,1.42068053,2.0,-1.0,1.7608,True,31.643341362020433,0.3881113787340144,0.3881113787340144,-0.232937,26.097886565346688,-1.0,1.0614,,0.8971124983933555,False,,True,1.0,True,True,ranging,0,trend,0.6107223560336739,88.79837067209776,rising,4,moderate,1.4903,1.5143,1.4884,5152805.0,1.519861220930996,1.5466234110189445,1.577991225134721,1.5283072840541378,1.5522557521208389,26.097886565346688,-0.026762190087948445,-0.02329072977635857,-0.0034714603115898746,-0.0023934684461374006,31.643341362020433,8.612213851009804,31.040026310843693,0.027106488862412754,1.571754937809009,-1,4854541.9,,False,False,False,True,False,False,False,False,True,True
XRP_USDT_9733b6cb,XRP/USDT,1h,SELL,2026-02-05 16:00:00+00:00,backtest,TP,8.1562,7.9562,True,4.0,atr,1.2836,1.17890705,2.0,-1.0,4.9105,True,60.28046838666258,1.0,1.0,-0.581758,7.605889595804451,-1.0,1.77,,1.0,False,,False,0.0,True,True,ranging,0,expansion,1.0,99.21104536489152,rising,5,moderate,1.2796,1.311,1.2709,17287690.0,1.3443061503599167,1.4103186988491407,1.493632709644786,1.3627936218913217,1.4233905687340547,7.605889595804451,-0.066012548489224,-0.058568372680450065,-0.007444175808773934,-0.0057506620666698816,60.28046838666258,5.678134844117761,41.92559985308099,0.03489764961078841,1.3845812204343688,-1,9767328.35,,False,False,False,True,False,False,True,False,True,True
XRP_USDT_ad9557cc,XRP/USDT,1h,SELL,2026-02-11 06:00:00+00:00,backtest,SL,-1.8087,-2.0087,False,8.0,atr,1.3618,1.38643096,1.0,-0.996693165844486,0.9967,True,23.446562041129315,0.11488540137097718,0.3,-0.294209,22.63605917841963,-1.0,1.9466,,0.8008573605902012,False,,False,0.0,False,False,bearish,1,range,0.3,35.725429017160685,rising,5,moderate,1.3591,1.3771,1.3573,5419055.0,1.386882557734997,1.400705521406231,1.414387847949591,1.3948204313735677,1.404866073546854,22.63605917841963,-0.013822963671233923,-0.009824364357945812,-0.003998599313288111,-0.0022205774719846506,23.446562041129315,12.277304507449102,32.29873852220413,0.01642064243601773,1.4079568168524996,-1,2783897.55,,False,False,False,True,False,False,True,False,True,True
XRP_USDT_5942e0b6,XRP/USDT,1h,SELL,2026-02-11 14:00:00+00:00,backtest,TP,3.8511,3.6511,True,1.0,structural,1.4016,1.34762299,3.02,-0.918323130194144,0.9183,True,26.75057515346376,0.22501917178212535,0.3,0.058914,35.15433351906389,0.0,3.5581,,-0.035474246645084834,False,,False,0.0,False,False,bearish,1,expansion,1.0,48.07395993836672,falling,3,weak,1.3609,1.4084,1.3575,9061785.0,1.3705267747318841,1.3831126391097508,1.4025607785664485,1.3732772817981367,1.385333903020726,35.15433351906389,-0.012585864377866685,-0.013387625927111086,0.0008017615492444015,0.0017318854791440706,26.75057515346376,22.323440918469117,21.436584752341997,0.017992335578829483,1.396242622536925,-1,2546777.55,,False,False,False,True,False,False,True,False,True,True
XRP_USDT_bb2ea4a9,XRP/USDT,1h,SELL,2026-02-11 15:00:00+00:00,backtest,SL,-2.0407,-2.2407,False,3.0,atr,1.353,1.38061075,1.0,-0.9997622115233211,0.9998,True,25.47686463517059,0.1825621545056863,0.3,-0.013632,31.774963465668144,0.0,2.7178,,0.15872139429174198,False,,False,0.0,False,False,bearish,1,expansion,1.0,51.23076923076923,falling,4,moderate,1.3536,1.369,1.3452,7795303.0,1.3667652692359098,1.3804296719179554,1.4008121793319326,1.3705267747318841,1.3831126391097508,31.774963465668144,-0.013664402682045607,-0.013479884845422594,-0.00018451783662301255,0.0008017615492444015,25.47686463517059,20.261752340873613,24.229787198167163,0.018407168751770238,1.396242622536925,-1,2868258.6999999997,,False,False,False,True,False,True,True,False,True,True
XRP_USDT_87571e05,XRP/USDT,1h,BUY,2026-02-13 18:00:00+00:00,backtest,TP,3.5496,3.3496,True,15.0,atr,1.4084,1.45839189,2.0,1.0,1.1364,True,21.157041331003967,0.0385680443667989,0.3,0.346256,77.11208104580716,-1.0,0.7548,,0.7424080279354822,False,,True,0.8,False,False,ranging,0,range,0.3,39.37232524964337,rising,5,moderate,1.4144,1.4195,1.4054,1574497.0,1.3973160147495434,1.3816154491060584,1.3798310322374816,1.3924348761065555,1.3783369940166643,77.11208104580716,0.015700565643484987,0.010803115655149721,0.004897449988335266,0.005743491428909068,21.157041331003967,28.57240732154896,10.012206623161902,0.016663963044083352,1.3695834522654886,1,2086108.0999999996,,False,False,True,False,False,False,False,True,False,True
XRP_USDT_5c1e46da,XRP/USDT,1h,BUY,2026-02-14 18:00:00+00:00,backtest,TP,3.0375,2.8375,True,6.0,atr,1.4751,1.51990607,2.0,1.0,1.6142,True,42.793013133652195,0.7597671044550732,0.7597671044550732,0.073314,77.54145868063826,-1.0,1.53,,0.9449162453406055,False,,False,0.0,False,False,bullish,1,range,0.3,26.75862068965517,stable,6,strong,1.487,1.4924,1.4695,3180325.0,1.4681853589974359,1.4448627648566204,1.4160392829128272,1.4628097472824177,1.4406490413422826,77.54145868063826,0.0233225941408155,0.022232411180070397,0.0010901829607451036,0.00047338624043734984,42.793013133652195,34.6587831786848,11.035877045169661,0.014935355628827458,1.4426278056527408,1,2078662.9000000001,,False,False,True,False,False,False,True,True,False,True
XRP_USDT_d5aeae29,XRP/USDT,1h,BUY,2026-02-15 05:00:00+00:00,backtest,TP,3.9883,3.7883,True,2.0,atr,1.5521,1.61400224,2.0,1.0,2.3686,True,55.17485739590845,1.0,1.0,0.289928,92.1234340050633,-1.0,1.561,,1.0,False,,False,0.0,True,True,ranging,0,expansion,1.0,63.99456521739131,rising,6,strong,1.582,1.5882,1.5443,4659305.0,1.533930196621548,1.4984383452711736,1.4512976414076098,1.5201959670848473,1.490082179798291,92.1234340050633,0.03549185135037436,0.030905196412491984,0.004586654937882375,0.0015019183430054345,55.17485739590845,41.68120955879625,6.69903735053029,0.020634081079362848,1.5096869523248149,1,2984880.05,,False,False,True,False,False,False,True,True,False,True
XRP_USDT_4360de0b,XRP/USDT,1h,BUY,2026-02-15 07:00:00+00:00,backtest,TP,4.5441,4.3441,True,1.0,atr,1.5909,1.66319173,2.0,1.0,3.1822,True,58.19964733153782,1.0,1.0,0.607785,93.66535486118207,-1.0,2.3948,,1.0,False,,False,0.0,False,False,ranging,0,expansion,1.0,77.64227642276423,rising,6,strong,1.6481,1.6481,1.5744,7697966.0,1.5669701189438994,1.5186440870009699,1.4627001027884536,1.5437901529278706,1.5056984957010668,93.66535486118207,0.048326031942929504,0.038309132881373775,0.010016899061555729,0.004790973876207839,58.19964733153782,48.85583686426439,4.946076180615018,0.024097243379654697,1.5434764313831,1,3214515.7,,False,False,True,False,False,False,True,True,False,True
XRP_USDT_52ccb0c6,XRP/USDT,1h,SELL,2026-02-17 14:00:00+00:00,backtest,SL,-1.6727,-1.8727,False,2.0,atr,1.4547,1.47903297,1.0,-0.8222803785763014,0.8223,True,23.45304586025636,0.11510152867521199,0.3,-0.184298,26.48959641663398,-1.0,3.7292,,0.8206089432432689,False,,False,0.0,False,False,ranging,0,range,0.3,36.19167717528373,rising,5,moderate,1.4349,1.4619,1.4263,7636913.0,1.4556353911896738,1.4676047953950389,1.4748550771657634,1.4615597886724379,1.4708752749345428,26.48959641663398,-0.011969404205365075,-0.009324907832404392,-0.002644496372960683,-0.0013128266161809392,23.45304586025636,8.93838393975269,29.453607520834414,0.016221977534437614,1.4830327313668652,-1,2047885.1999999997,,False,False,False,True,False,False,True,False,True,True
XRP_USDT_6aeae5ce,XRP/USDT,1h,BUY,2026-02-25 14:00:00+00:00,backtest,TP,3.3713,3.1713,True,3.0,bos,1.4205,1.46838892,1.67,1.0,1.4375,True,21.626794482383524,0.05422648274611745,0.3,0.426982,82.50472572185771,-1.0,1.9827,,1.0,True,bullish,False,0.0,True,True,bullish,1,range,0.3,44.06091370558375,rising,6,strong,1.4353,1.436,1.4125,3434947.0,1.3970637346171988,1.3772652351486654,1.370151742044148,1.3861390873649697,1.371461758663532,82.50472572185771,0.019798499468533404,0.013670030828059513,0.006128468640473891,0.004071532193615109,21.626794482383524,38.67193865196625,12.498713361743595,0.0159629736222507,1.3832557002515866,1,1732434.4500000002,,False,False,True,False,False,False,True,True,False,True
XRP_USDT_a2ce3043,XRP/USDT,1h,SELL,2026-02-28 06:00:00+00:00,backtest,TP,3.2901,3.0901,True,1.0,structural,1.3481,1.30374579,2.77,-1.0,1.25,True,38.38712046506555,0.612904015502185,0.612904015502185,-0.292515,13.916969252069341,-1.0,4.8162,,1.0,False,,False,0.0,False,False,bearish,1,expansion,1.0,31.744518589132507,rising,5,moderate,1.2966,1.3505,1.2923,10137696.0,1.3416340686861352,1.3584047722364934,1.379820161982217,1.3545009454536023,1.3645852494601427,13.916969252069341,-0.016770703550358146,-0.012977956048702144,-0.0037927475016560023,0.0009972782913337738,38.38712046506555,8.299384266099555,48.09238324713369,0.014784736467401508,1.3597243197202347,-1,2104922.35,,False,False,False,True,False,True,True,False,True,True
XRP_USDT_4b42f45d,XRP/USDT,1h,SELL,2026-02-28 07:00:00+00:00,backtest,SL,-1.8392,-2.0392,False,6.0,atr,1.3119,1.33602874,1.0,-1.0,1.5334,True,40.7458530448046,0.6915284348268199,0.6915284348268199,-0.381921,19.290793438449224,-1.0,2.6262,,1.0,False,,False,0.0,False,False,bearish,1,expansion,1.0,45.80952380952381,rising,5,moderate,1.3021,1.3221,1.2891,5843831.0,1.3328487200892163,1.3532861565786303,1.3770444419114236,1.3416340686861352,1.3584047722364934,19.290793438449224,-0.020437436489413985,-0.015464449528939425,-0.00497298696047456,-0.0037927475016560023,40.7458530448046,7.083230773812723,42.4660964311873,0.01608582671972998,1.3483418877482112,-1,2225192.8,,False,False,False,True,False,False,True,False,True,True
XRP_USDT_e9f1606c,XRP/USDT,1h,BUY,2026-03-01 13:00:00+00:00,backtest,SL,-2.1149,-2.3149,False,7.0,atr,1.3677,1.33877495,1.0,0.345245495524006,0.3452,True,25.492414612640044,0.18308048708800145,0.3,-0.229862,55.29272263467478,0.0,1.4579,,0.20577696708818735,True,bullish,False,0.0,True,True,bearish,2,range,0.3,65.27777777777779,falling,4,moderate,1.3875,1.3955,1.3606,3566018.0,1.3816920854975816,1.3769382681506452,1.3714840245691071,1.3800326813540333,1.3758820949657098,55.29272263467478,0.004753817346936362,0.00794315660569148,-0.0031893392587551174,-0.0053872398467454865,25.492414612640044,25.968440052001185,20.8240158747965,0.019283364928212463,1.3657868486569624,1,2445938.15,,False,False,True,False,False,False,False,True,False,True
XRP_USDT_d0dd8f5e,XRP/USDT,1h,BUY,2026-03-04 15:00:00+00:00,backtest,SL,-2.0864,-2.2864,False,45.0,atr,1.4175,1.38792578,1.0,1.0,1.6021,True,25.662327101035608,0.18874423670118692,0.3,0.430009,81.68905023311561,-1.0,2.8821,,1.0,False,,False,0.0,False,False,bearish,1,expansion,1.0,67.67764298093587,rising,6,strong,1.4619,1.4634,1.4124,5122957.0,1.4115777229968522,1.3893187717235727,1.3763594197157045,1.3971999295673816,1.38206064889593,81.68905023311561,0.022258951273279592,0.015972645115426197,0.0062863061578533955,0.0023097886349521517,25.662327101035608,43.149868761462365,11.722372782681758,0.019716143434021303,1.3851107143101784,1,1777495.6500000004,,False,False,True,False,False,False,True,True,False,True
XRP_USDT_7328581e,XRP/USDT,1h,SELL,2026-03-08 22:00:00+00:00,backtest,SL,-1.1992,-1.3992,False,2.0,atr,1.3341,1.35009909,1.0,-0.20652853649825378,0.2065,True,21.717401980240606,0.05724673267468686,0.3,0.00623,42.67532717154533,0.0,3.4069,,0.750005842622666,True,bullish,True,1.0,False,False,bearish,2,compression,0.40731901352426414,11.853619729514717,falling,4,moderate,1.3445,1.3482,1.3208,3957959.0,1.3479409455745097,1.3507248282822655,1.360143841239167,1.3489240728815124,1.351347311110492,42.67532717154533,-0.002783882707755758,-0.0028676448305670578,8.376212281129957e-05,0.0004862876629929888,21.717401980240606,16.30014116839585,35.0502872339625,0.010666057782777573,1.3630030677790912,-1,1161735.7500000002,,False,False,False,True,False,False,True,False,True,True
XRP_USDT_b979c1eb,XRP/USDT,1h,BUY,2026-03-10 02:00:00+00:00,backtest,TP,2.8571,2.6571,True,7.0,atr,1.3716,1.41078759,2.0,0.5627501544360821,0.5628,True,24.75863164422539,0.15862105480751296,0.3,0.098296,71.16877036258737,0.0,1.4142,,0.756180879235069,True,bullish,True,0.8,False,False,bullish,1,range,0.3,20.155642023346303,rising,5,moderate,1.3872,1.3915,1.3696,1832517.0,1.3716198608201036,1.363944262377154,1.3603086543109983,1.3671683924829903,1.3616186886148696,71.16877036258737,0.007675598442949516,0.006312029981884632,0.001363568461064884,-8.054188323148616e-05,24.75863164422539,30.711797195953373,11.807275215076647,0.013062530536703653,1.347326624774448,1,1295763.2000000004,,False,False,True,False,True,False,False,True,False,True
XRP_USDT_24067cd6,XRP/USDT,1h,BUY,2026-03-10 09:00:00+00:00,backtest,SL,-1.5051,-1.7051,False,3.0,bos,1.4057,1.3845425,1.0,1.0,1.0028,True,34.584497001107486,0.4861499000369162,0.4861499000369162,0.232026,76.90313400853076,-1.0,2.0118,,1.0,True,bullish,True,0.8,False,False,bullish,1,trend,0.6597416166851248,22.8328173374613,rising,6,strong,1.4156,1.4187,1.4009,2739904.0,1.3910308520584955,1.3772205802151345,1.3669320877558193,1.38401109550378,1.3733826382366479,76.90313400853076,0.013810271843361033,0.010525712670843268,0.003284559172517765,0.0017450241825478566,34.584497001107486,37.612559298896244,8.659538792125092,0.013485332416664263,1.375258469322082,1,1361935.3,,False,False,True,False,False,False,True,True,False,True
XRP_USDT_4faf5437,XRP/USDT,1h,BUY,2026-03-13 02:00:00+00:00,backtest,TP,2.7788,2.5788,True,12.0,atr,1.4101,1.44928335,2.0,0.5270230053597409,0.527,True,20.752179371804523,0.025072645726817437,0.3,0.24664,61.351733992510574,0.0,0.5232,,0.6311082396672983,False,,True,1.0,False,False,bearish,1,range,0.3,21.88651436993368,rising,5,moderate,1.4013,1.4142,1.3996,964843.0,1.3930262858171625,1.3857232057323445,1.3827441288360494,1.3906623674792091,1.384165526305579,61.351733992510574,0.007303080084817948,0.003846913038068569,0.0034561670467493787,0.004378011658936261,20.752179371804523,29.19625483656626,13.418548844883803,0.013061115443064228,1.376236620087808,1,1844242.6500000004,,False,False,True,False,False,False,False,True,False,True
XRP_USDT_ea57ad73,XRP/USDT,1h,BUY,2026-03-23 20:00:00+00:00,backtest,SL,-1.7583,-1.9583,False,5.0,atr,1.4356,1.41035845,1.0,1.0,1.1569,True,37.9955325990914,0.5998510866363799,0.5998510866363799,0.032888,62.688544850701994,0.0,0.35,,0.47794329324021445,True,bullish,True,1.0,False,False,bearish,2,range,0.3,59.62848297213622,stable,5,moderate,1.4376,1.4393,1.4307,658676.0,1.4322896233780107,1.4159093271692984,1.4130652430326736,1.4307723729145854,1.413740259886228,62.688544850701994,0.016380296208712286,0.015907492672343416,0.00047280353636887026,0.0013610221241982974,37.9955325990914,28.390371198114515,16.441788867109153,0.016827702776967105,1.4012016960579856,1,1882039.7000000004,,False,False,True,False,False,False,False,True,False,True
XRP_USDT_5e89401d,XRP/USDT,1h,SELL,2026-03-26 09:00:00+00:00,backtest,TP,2.0473,1.8473,True,6.0,atr,1.3806,1.35233512,2.0,-0.8371080555749413,0.8371,True,21.3992529338921,0.04664176446307001,0.3,-0.204983,15.779237023372861,-1.0,2.246,,1.0,False,,True,1.0,False,False,bearish,1,compression,0.46300715990453467,10.739856801909307,rising,5,moderate,1.3724,1.3832,1.3677,2530726.0,1.3882041537945364,1.3998249225937764,1.4072876680662822,1.3927196263072612,1.4025674148531542,15.779237023372861,-0.011620768799240011,-0.008807577331391599,-0.0028131914678484124,-0.0024468069484255735,21.3992529338921,10.639994799208353,35.77400058425192,0.00942162509155224,1.3987307898488701,-1,1126758.6,,False,False,False,True,False,False,True,False,True,True
XRP_USDT_be08a358,XRP/USDT,1h,SELL,2026-03-26 15:00:00+00:00,backtest,SL,-1.1224,-1.3224,False,11.0,atr,1.3555,1.37071444,1.0,-1.0,1.0047,True,30.71169731937323,0.35705657731244095,0.35705657731244095,-0.078709,19.699598020357353,-1.0,2.4204,,0.9108796027782949,False,,True,1.0,False,False,bearish,1,compression,0.31034482758620696,13.793103448275861,stable,5,moderate,1.3594,1.3677,1.3523,2813532.0,1.3729058309196567,1.3866993843247717,1.3999925492410588,1.3767646397538444,1.3894293227572487,19.699598020357353,-0.013793553405115011,-0.012723580722408864,-0.0010699726827061475,-0.00047608862234849864,30.71169731937323,10.768318278582719,33.54030834804009,0.010142961437003568,1.3859694224880732,-1,1162424.6500000001,,False,False,False,True,False,False,True,False,True,True
XRP_USDT_7aaab986,XRP/USDT,1h,BUY,2026-04-01 03:00:00+00:00,backtest,SL,-1.2548,-1.4548,False,22.0,atr,1.3416,1.32476611,1.0,0.3859320809725454,0.3859,True,21.726648416923652,0.0575549472307884,0.3,0.032386,62.871041253204424,0.0,0.8775,,0.5145574793138806,True,bullish,False,0.0,False,False,bearish,2,range,0.3,23.48401323042999,falling,5,moderate,1.3479,1.3512,1.3336,1152618.0,1.3388563632346315,1.333709151751157,1.3331633448142066,1.3362724670159547,1.3322900669262727,62.871041253204424,0.005147211483474523,0.004710680505052237,0.000436530978422286,-0.0005100149261591125,21.726648416923652,28.01363874483126,15.149701761984243,0.01122259394530788,1.3144926383362905,1,1313483.7500000002,,False,False,True,False,True,False,False,True,False,True
XRP_USDT_26a0121a,XRP/USDT,1h,BUY,2026-04-06 09:00:00+00:00,backtest,SL,-1.0,-1.2,False,13.0,bos,1.3453,1.331847,1.0,0.9933306548297263,0.9933,True,40.23705960547123,0.6745686535157077,0.6745686535157077,0.061544,76.68456303133752,-1.0,2.0808,,1.0,True,bullish,True,0.8,False,False,bearish,2,compression,0.2010309278350516,15.979381443298967,stable,6,strong,1.3516,1.3573,1.3371,2603862.0,1.3394012649395546,1.3262274412132198,1.3175285730632342,1.3359159120651416,1.3236901853345417,76.68456303133752,0.013173823726334799,0.012342000468794224,0.0008318232575405746,0.000299637890575917,40.23705960547123,38.20084847775618,7.164494483144672,0.00949789779112168,1.3221385033196373,1,1251367.2,,False,False,True,False,False,False,True,True,False,True
XRP_USDT_0c2366c5,XRP/USDT,1h,BUY,2026-04-08 04:00:00+00:00,backtest,SL,-1.3905,-1.5905,False,10.0,atr,1.3735,1.35440086,1.0,1.0,1.4949,True,37.02179707855619,0.567393235951873,0.567393235951873,0.189144,72.65382292379977,-1.0,0.4807,,1.0,True,bullish,False,0.0,False,False,bearish,2,trend,0.7003632846426031,36.81290973272819,rising,5,moderate,1.3758,1.3773,1.369,891253.0,1.3624873349652589,1.3424199592998456,1.3300488292196575,1.3586837163839045,1.3390819552298303,72.65382292379977,0.02006737566541328,0.017465126063412547,0.0026022496020007314,0.0034377598916620136,37.02179707855619,40.182569933296904,11.070562215886753,0.012732760237395429,1.3432079092527307,1,1853887.25,,False,False,True,False,False,False,False,True,False,True
XRP_USDT_258aef8f,XRP/USDT,1h,BUY,2026-04-16 04:00:00+00:00,backtest,SL,-1.0,-1.2,False,10.0,bos,1.4067,1.392633,1.0,0.8713179880557717,0.8713,True,47.23381673319692,0.9077938911065639,0.9077938911065639,0.034793,70.58962596606781,0.0,0.597,,1.0,True,bullish,True,1.0,False,False,bearish,2,trend,0.8705636122199486,28.827586206896548,rising,5,moderate,1.4033,1.4106,1.4014,945173.0,1.3983766820655275,1.3862976215212237,1.3713805693552952,1.3969700197985353,1.3845973836733463,70.58962596606781,0.012079060544303744,0.01159080849457034,0.00048825204973340294,0.001025953655485379,47.23381673319692,36.23126962775112,8.427964266909338,0.010432234966890686,1.3823949741537316,1,1583140.65,,False,False,True,False,False,False,False,True,False,True
XRP_USDT_cb722ccd,XRP/USDT,1h,SELL,2026-04-27 13:00:00+00:00,backtest,TP,1.5339,1.3339,True,2.0,atr,1.4085,1.38689484,1.53,-0.5239872580361338,0.524,True,26.35449169126002,0.2118163897086673,0.3,-0.148197,22.95539373830753,-1.0,2.7023,,1.0,True,bullish,True,0.8,False,False,bullish,1,compression,0.6384803921568627,7.230392156862746,rising,5,moderate,1.401,1.4116,1.3974,3270394.0,1.4131818271587198,1.4205867198659137,1.4249863870340842,1.4166623492040684,1.422545391852505,22.95539373830753,-0.007404892707193911,-0.005328659503003503,-0.002076233204190408,-0.0015924997475283437,26.35449169126002,12.580984558014807,37.85707883542706,0.007201721590707355,1.4230468999804333,-1,1210216.65,,False,False,False,True,False,False,True,False,True,True
XRP_USDT_dd00fbd8,XRP/USDT,1h,SELL,2026-04-27 15:00:00+00:00,backtest,TP,1.8206,1.6206,True,23.0,atr,1.3966,1.37117361,1.82,-0.7418218459662484,0.7418,True,30.50828683865246,0.350276227955082,0.350276227955082,-0.201353,18.54874541169289,-1.0,6.3339,,1.0,True,bullish,True,0.8,False,False,bullish,1,compression,0.23061224489795917,15.387755102040817,rising,5,moderate,1.3873,1.4036,1.3833,11667008.0,1.4056877719849046,1.4161154709635648,1.4228867042702136,1.4109414211234488,1.4189970180599214,18.54874541169289,-0.01042769897866025,-0.007634325424548889,-0.00279337355411136,-0.0018179582889794113,30.50828683865246,9.217605263087236,39.87230248659464,0.008475464024640523,1.4163154889841512,-1,1842008.7999999998,,False,False,False,True,False,False,True,False,True,True
XRP_USDT_7b228137,XRP/USDT,1h,SELL,2026-04-29 18:00:00+00:00,backtest,SL,-1.0536,-1.2536,False,3.0,atr,1.3522,1.36644738,1.0,-0.6365013487364263,0.6365,True,29.572792220373643,0.31909307401245474,0.31909307401245474,-0.20701,28.33456041378502,0.0,1.4497,,1.0,True,bullish,True,1.0,False,False,bullish,1,trend,0.5762132036728941,26.46941223510596,rising,4,moderate,1.3566,1.3695,1.344,3015958.0,1.369588730946051,1.3783061816906648,1.3885428334440855,1.3732997969306369,1.3804767998597314,28.33456041378502,-0.00871745074461372,-0.0059091472292964325,-0.002808303515317287,-0.0026720074574567224,29.572792220373643,11.832373768646757,39.76190351517599,0.009498254289551073,1.3825434537608903,-1,2080339.2000000002,,False,False,False,True,False,False,False,False,True,True
XRP_USDT_c554d2ba,XRP/USDT,1h,SELL,2026-04-30 04:00:00+00:00,backtest,SL,-1.0409,-1.2409,False,32.0,atr,1.3677,1.38193623,1.0,-0.21541363621680504,0.2154,True,24.778339903820008,0.15927799679400026,-0.3,0.012228,39.763770004846364,0.0,0.4051,,0.5802467542404802,True,bullish,True,1.0,False,False,bearish,2,range,0.3,26.523297491039425,falling,2,weak,1.3621,1.3728,1.3602,788547.0,1.370017481181676,1.3729686856546954,1.3826243545727608,1.372279618662155,1.3740555542201651,39.763770004846364,-0.002951204473019331,-0.0031177557849153812,0.00016655131189605024,0.0014250958828533728,24.778339903820008,19.718945941371583,34.22511479738359,0.009490820221637171,1.356043871850873,1,1946622.0000000002,,False,False,False,True,False,False,False,True,False,True
XRP_USDT_9330de8e,XRP/USDT,1h,SELL,2026-05-07 14:00:00+00:00,backtest,TP,1.8585,1.6585,True,16.0,atr,1.4027,1.37663054,1.86,-0.47009545020903815,0.4701,True,22.521983381654042,0.08406611272180141,0.3,-0.120292,28.47904330712846,0.0,1.4798,,0.775277606539295,False,,True,0.8,False,False,ranging,0,range,0.3,23.056898475269616,rising,4,moderate,1.392,1.403,1.3905,2465218.0,1.405796973927968,1.4124055615415798,1.4140446673116012,1.4097389664788162,1.414446117695738,28.47904330712846,-0.006608587613611716,-0.004934126162993104,-0.0016744614506186122,-0.0006102557792378701,22.521983381654042,12.225386525449967,31.607326688932343,0.00868982155169059,1.4187279078288548,-1,1665875.3499999999,,False,False,False,True,False,False,False,False,True,True
XRP_USDT_24188a2c,XRP/USDT,1h,SELL,2026-05-13 15:00:00+00:00,backtest,SL,-1.2285,-1.4285,False,14.0,atr,1.4206,1.4380518,1.0,-0.570293643907635,0.5703,True,22.246798754047205,0.0748932918015735,0.3,-0.34416,25.482891040242215,-1.0,2.0682,,0.7726775586688038,False,,False,0.0,False,False,bearish,1,expansion,1.0,47.424135497529996,rising,5,moderate,1.4119,1.4311,1.4106,3874980.0,1.434796252265086,1.4429788040947786,1.44654941366125,1.4413380386265389,1.4460866845042566,25.482891040242215,-0.008182551829692741,-0.003323363149517234,-0.0048591886801755075,-0.003854877068288247,22.246798754047205,13.686280075598013,33.00321904231811,0.01163453358457595,1.4513763411614302,-1,1873588.35,,False,False,False,True,False,False,True,False,True,True
XRP_USDT_b90489df,XRP/USDT,1h,BUY,2026-05-14 15:00:00+00:00,backtest,TP,2.554,2.354,True,3.0,atr,1.4674,1.50487714,2.0,0.6915849453709518,0.6916,True,22.3636510889536,0.07878836963178663,0.3,0.316353,73.07622471645276,-1.0,2.0393,,0.6674670189876645,False,,False,0.0,False,False,ranging,0,expansion,1.0,52.48425472358292,rising,6,strong,1.4722,1.4738,1.4615,3742064.0,1.4502653349389738,1.4403044064961321,1.440052737160638,1.4439982877786803,1.4371148471457453,73.07622471645276,0.009960928442841688,0.005303586374931953,0.004657342067909734,0.003908525291957915,22.3636510889536,26.869445655279108,10.182770180587495,0.012492378503869427,1.434191061528538,1,1835011.6,,False,False,True,False,False,False,True,True,False,True
XRP_USDT_66209d9d,XRP/USDT,1h,BUY,2026-05-14 18:00:00+00:00,backtest,SL,-1.696,-1.896,False,5.0,atr,1.509,1.48340753,1.0,1.0,1.6545,True,30.574803713451765,0.3524934571150588,0.3524934571150588,0.583457,87.20257231978428,-1.0,3.4121,,1.0,False,,False,0.0,False,False,ranging,0,expansion,1.0,78.39916113247116,rising,6,strong,1.5354,1.5441,1.4855,8599974.0,1.4802046774815747,1.4561133031526161,1.4465357154488354,1.4644345853334533,1.4481846334678776,87.20257231978428,0.02409137432895858,0.015132982853272168,0.008958391475686413,0.00559616475014669,30.574803713451765,44.233832929207075,5.9694746084407155,0.01706164561698292,1.4661149338543045,1,2520439.3,,False,False,True,False,False,False,True,True,False,True
XRP_USDT_fedf7ec8,XRP/USDT,1h,SELL,2026-05-15 19:00:00+00:00,backtest,TP,2.8721,2.6721,True,52.0,structural,1.4342,1.39300867,2.87,-0.7984701692569818,0.7985,True,27.767474907217753,0.2589158302405918,0.3,-0.080306,36.052038236430256,0.0,0.8744,,0.6641016612655242,False,,True,0.6,False,False,bearish,1,range,0.3,59.18225918225918,stable,4,moderate,1.4337,1.4405,1.4317,1996172.0,1.443947021272031,1.4554765074967628,1.456695171697577,1.4468747416354684,1.457654158246439,36.052038236430256,-0.011529486224731933,-0.01037814049505759,-0.0011513457296743433,-0.0009769489807502883,27.767474907217753,14.663487583387244,31.266029115025347,0.013730441977760065,1.468789663322597,-1,2282830.7,,False,False,False,True,False,False,False,False,True,True
XRP_USDT_7edfb0ec,XRP/USDT,1h,SELL,2026-06-01 13:00:00+00:00,backtest,TP,2.1449,1.9449,True,13.0,atr,1.2957,1.26790895,2.0,-0.889790567824239,0.8898,True,41.18014817441846,0.7060049391472821,0.7060049391472821,-0.107399,21.192323331968005,-1.0,3.1915,,1.0,False,,False,0.0,False,False,bearish,1,trend,0.7696691362403076,32.93795620437956,rising,5,moderate,1.2898,1.3023,1.2853,4260782.0,1.3035222029670699,1.3151208205785656,1.325003003494613,1.3074428323862328,1.317652902636422,21.192323331968005,-0.01159861761149572,-0.010213379750338127,-0.0013852378611575941,-0.0006893094304299442,41.18014817441846,7.231124409635895,38.27145472576686,0.009263682644210037,1.3179414571449166,-1,1335026.8500000003,,False,False,False,True,False,False,True,False,True,True
XRP_USDT_367a9e49,XRP/USDT,1h,SELL,2026-06-03 19:00:00+00:00,backtest,TP,3.4055,3.2055,True,6.0,structural,1.2176,1.17613522,3.07,-0.6069092631903624,0.6069,True,43.00279169728503,0.7667597232428345,0.7667597232428345,-0.210226,28.381363712487854,0.0,2.0145,,0.8651128694655362,False,,False,0.0,True,True,ranging,0,trend,0.8000465282880839,64.51226810293238,rising,5,moderate,1.2033,1.2187,1.2013,2759171.0,1.2201983460118626,1.2276038428031042,1.2494104214796755,1.2250264448723946,1.2300342270834146,28.381363712487854,-0.007405496791241584,-0.004875851346125067,-0.002529645445116517,-0.0013967535874531323,43.00279169728503,9.851647531714246,31.479469268352652,0.013821594295125741,1.2444510560471125,-1,1369651.2000000002,,False,False,False,True,False,False,True,False,True,True
XRP_USDT_ccd375e2,XRP/USDT,1h,BUY,2026-06-07 15:00:00+00:00,backtest,TP,3.8243,3.6243,True,24.0,atr,1.1318,1.17508376,2.0,0.8190121241956401,0.819,True,23.640880757947222,0.12136269193157408,0.3,-0.132837,57.83321807911849,0.0,0.6173,,0.3883256830704853,True,bullish,False,0.0,False,False,bullish,1,range,0.3,66.36575422248107,falling,4,moderate,1.133,1.136,1.1277,1155225.0,1.1304419499734666,1.121258705234001,1.1209250653044014,1.1297110785373141,1.1200845757574012,57.83321807911849,0.009183244739465524,0.010688286727171219,-0.0015050419877056954,-0.001814304941111117,23.640880757947222,29.259009701052896,19.550867624290763,0.014427920972724599,1.1177076343052883,1,1871541.1499999997,,False,False,True,False,False,False,False,True,False,True
XRP_USDT_0d07668f,XRP/USDT,1h,BUY,2026-06-12 02:00:00+00:00,backtest,SL,-1.0,-1.2,False,4.0,bos,1.1459,1.134441,1.0,0.7761101214093011,0.7761,True,26.465008238776896,0.21550027462589655,0.3,0.026065,66.2143344766894,0.0,0.6365,,0.6005696925033599,True,bullish,False,0.0,True,True,bullish,1,range,0.3,44.42247952555775,stable,4,moderate,1.1453,1.1494,1.1387,808414.0,1.1391478096128183,1.1303748559459559,1.1266597409356884,1.1373900409307665,1.1288823415405516,66.2143344766894,0.008772953666862371,0.008474435548036414,0.0002985181188259571,0.0001825229015914604,26.465008238776896,26.217233162393864,11.202990849809867,0.010628591967987724,1.1182637517079486,1,1270161.35,,False,False,True,False,False,False,False,True,False,True
XRP_USDT_41864dc1,XRP/USDT,1h,BUY,2026-06-12 08:00:00+00:00,backtest,TP,2.6652,2.4652,True,61.0,atr,1.1367,1.16699514,2.0,0.3810767996098746,0.3811,True,26.236032288282214,0.20786774294274046,0.3,-0.104567,57.637113508315444,0.0,0.7854,,0.40101288800672935,True,bullish,False,0.0,True,True,bullish,1,range,0.3,38.79334648999154,falling,4,moderate,1.142,1.1442,1.1329,934445.0,1.1381420598959027,1.1338213298587827,1.1289852585332734,1.137039791294732,1.133003462844661,57.637113508315444,0.004320730037119969,0.005514887742594319,-0.0011941577054743503,-0.0020756381452604247,26.236032288282214,26.510235305385404,16.48491310521717,0.010098379112392981,1.1215606388834383,1,1189831.15,,False,False,True,False,False,False,False,True,False,True
XRP_USDT_9ae42a51,XRP/USDT,1h,BUY,2026-06-14 22:00:00+00:00,backtest,TP,2.2581,2.0581,True,12.0,atr,1.1698,1.19621525,2.0,0.4115371854212845,0.4115,True,27.969753585224375,0.26565845284081246,0.3,0.408554,79.09001951526074,-1.0,2.9529,,0.9807320637239427,False,,True,1.0,False,False,bearish,1,expansion,1.0,26.87725131615406,falling,6,strong,1.1731,1.1761,1.162,3032254.0,1.1492658899441683,1.1445556179684,1.141892605046718,1.142456144213931,1.14170117976524,79.09001951526074,0.004710271975768343,-8.246992531145392e-05,0.004792741901079797,0.0032338053245421832,27.969753585224375,38.67143830613283,14.153136713034261,0.008805084155269446,1.1446500682533294,1,1026887.3500000001,,False,False,True,False,False,False,True,True,False,True
XRP_USDT_7215a34a,XRP/USDT,1h,BUY,2026-06-15 10:00:00+00:00,backtest,TP,2.3046,2.1046,True,1.0,atr,1.1865,1.21384437,2.0,1.0,1.0661,True,43.890870671446805,0.7963623557148936,0.7963623557148936,0.028937,81.47584540919819,-1.0,1.3079,,1.0,True,bullish,True,0.8,False,False,bearish,2,range,0.3,29.964098315382493,falling,4,moderate,1.1987,1.199,1.1836,1613310.0,1.184526961919505,1.1720320338748516,1.1569468381231307,1.180477522467935,1.1693652372623369,81.47584540919819,0.012494928044653353,0.012148061363349415,0.0003468666813039381,-0.0008623428170994058,43.890870671446805,33.83670443074284,7.753282173483526,0.009114790341479337,1.1678193084350976,1,1233502.6,,False,False,True,False,True,False,False,True,False,True
XRP_USDT_3b65f51f,XRP/USDT,1h,BUY,2026-06-15 11:00:00+00:00,backtest,TP,2.7677,2.5677,True,1.0,bos,1.2062,1.23958406,1.7,1.0,1.4842,True,46.309394972793434,0.8769798324264478,0.8769798324264478,0.288447,89.7812294284922,-1.0,3.9637,,1.0,True,bullish,True,0.8,False,False,bearish,2,expansion,1.0,49.28216454997239,rising,6,strong,1.2311,1.2323,1.195,5923304.0,1.1948765259373928,1.1774018489771376,1.159595165333019,1.184526961919505,1.1720320338748516,89.7812294284922,0.017474676960255175,0.013923599895651336,0.0035510770646038393,0.0003468666813039381,46.309394972793434,47.11008998324591,5.896980722645284,0.011128019602802233,1.1831923775915878,1,1494401.7499999998,,False,False,True,False,False,False,True,True,False,True
XRP_USDT_599d0acb,XRP/USDT,1h,BUY,2026-06-15 15:00:00+00:00,backtest,TP,3.1843,2.9843,True,1.0,atr,1.2467,1.28639894,2.0,1.0,2.5041,True,55.67612203797708,1.0,1.0,0.457646,94.04976523637798,-1.0,2.214,,1.0,False,,False,0.0,False,False,bullish,1,expansion,1.0,60.783232211803636,rising,6,strong,1.2676,1.2698,1.2436,4815216.0,1.2298572380392745,1.1998121774312802,1.1714803777393288,1.2190735917647817,1.1930333951744083,94.04976523637798,0.03004506060799428,0.024243941984151474,0.005801118623842805,0.0046968139181433055,55.67612203797708,49.00581415631747,3.6868137072014577,0.013232980213339088,1.2200489539378407,1,2174921.6500000004,,False,False,True,False,False,False,True,True,False,True
XRP_USDT_a443710e,XRP/USDT,1h,BUY,2026-06-15 16:00:00+00:00,backtest,SL,-1.7478,-1.9478,False,6.0,atr,1.2667,1.24456121,1.0,1.0,2.8008,True,58.03991541307394,1.0,1.0,0.498305,94.86896538493173,-1.0,2.7284,,1.0,False,,False,0.0,False,False,bullish,1,expansion,1.0,69.34105321202095,rising,6,strong,1.2793,1.2921,1.2575,6780653.0,1.2408445184749912,1.2070383431193457,1.1753310785343527,1.2298572380392745,1.1998121774312802,94.86896538493173,0.03380617535564556,0.027431353107982837,0.006374822247662726,0.005801118623842805,58.03991541307394,51.59208953610548,3.069456448201637,0.014759195912386294,1.2331640585440566,1,2485204.45,,False,False,True,False,False,False,True,True,False,True
SOL_USDT_00fcfde2,SOL/USDT,1h,SELL,2026-01-16 15:00:00+00:00,backtest,SL,-1.0,-1.2,False,5.0,structural,143.369,144.80269,1.0,-0.2068603937163726,0.2069,True,25.612181897678685,0.18707272992262283,0.3,-0.116488,28.061836432100748,0.0,2.405,,0.803320581318554,False,,False,0.0,False,False,ranging,0,expansion,1.0,46.42857142857143,rising,5,moderate,140.711,143.565,140.172,436266.0,142.49298050501469,142.78774204550555,143.2077511668421,143.00211779216176,142.9954162500561,28.061836432100748,-0.29476154049086745,-0.13085077259066616,-0.1639107679002013,0.05559693074621085,25.612181897678685,11.294729858586106,31.377744391549957,1.103587283984319,144.67165153804189,-1,181399.7,,False,True,False,True,False,True,True,False,True,True
SOL_USDT_4fa9abc3,SOL/USDT,1h,SELL,2026-01-18 23:00:00+00:00,backtest,TP,1.9829,1.7829,True,1.0,atr,141.164,138.36484167,1.98,-0.5029551962626283,0.503,True,31.8525349285277,0.39508449761758996,0.39508449761758996,-0.234783,17.880936323471275,-1.0,5.315,,1.0,False,,False,0.0,False,False,bearish,1,expansion,1.0,55.952380952380956,rising,5,moderate,137.798,142.803,137.683,723736.0,141.4118521165845,142.12309037493608,142.81159273884626,142.4443812927515,142.5555994124297,17.880936323471275,-0.7112382583515853,-0.3877116713872888,-0.3235265869642965,0.11473025822694166,31.8525349285277,11.34675322498223,46.768264011394244,0.9330527776801788,142.89109314015428,-1,136169.10000000003,,False,False,False,True,False,True,True,False,True,True
SOL_USDT_53f6737a,SOL/USDT,1h,SELL,2026-01-20 06:00:00+00:00,backtest,TP,2.2078,2.0078,True,2.0,atr,132.507,129.5814519,2.0,-0.6597944340619715,0.6598,True,44.494312589552415,0.8164770863184139,0.8164770863184139,-0.116247,23.555309515624337,-1.0,2.5113,,0.9879127480802032,False,,False,0.0,True,True,bearish,1,expansion,1.0,61.73913043478261,rising,5,moderate,131.168,132.987,131.021,341217.0,133.0368883061377,133.91465829043085,136.5850359375825,133.57085639360562,134.18932411947395,23.555309515624337,-0.8777699842931384,-0.7252907884484645,-0.15247919584467384,0.030583464657799597,44.494312589552415,12.567192513756192,37.26501121576127,0.9751826985562946,134.54588256085339,-1,135871.55000000002,,False,False,False,True,False,True,True,False,True,True
SOL_USDT_bc196c6f,SOL/USDT,1h,SELL,2026-01-20 08:00:00+00:00,backtest,TP,2.528,2.328,True,8.0,atr,129.616,126.33929782,2.0,-1.0,1.1156,True,46.56588493820117,0.8855294979400391,0.8855294979400391,-0.316553,16.07289186894643,-1.0,3.7048,,1.0,False,,False,0.0,True,True,bearish,1,expansion,1.0,73.50427350427351,rising,5,moderate,129.053,130.722,128.302,608446.0,131.72814230865123,133.19767627308332,136.10946964094086,132.49246868255156,133.61214390039166,16.07289186894643,-1.4695339644320882,-1.0610128314189242,-0.40852113301316395,-0.262922952927755,46.56588493820117,9.674737155952565,46.23874718461721,1.0922340615102772,132.44232487429127,-1,164230.5,,False,False,False,True,False,False,True,False,True,True
SOL_USDT_e0c95e62,SOL/USDT,1h,SELL,2026-01-20 16:00:00+00:00,backtest,TP,2.7345,2.5345,True,6.0,atr,128.296,124.78770788,2.0,-1.0,1.5536,True,54.278148936157024,1.0,1.0,-0.085222,18.552279602488284,-1.0,1.5919,,1.0,False,,False,0.0,False,False,bearish,1,expansion,1.0,82.39999999999999,stable,5,moderate,127.012,128.523,126.246,333302.0,128.60203658794487,130.6000062869349,134.16435468871208,129.0563327559291,130.9588069156284,18.552279602488284,-1.9979696989900333,-1.8897271735560437,-0.1082425254339896,-0.06686824886024678,54.278148936157024,6.222893832617997,37.50617815577784,1.169430705172906,130.50564065252976,-1,209369.1,,False,False,False,True,False,False,True,False,True,True
SOL_USDT_94f38db0,SOL/USDT,1h,SELL,2026-01-25 16:00:00+00:00,backtest,TP,1.9773,1.7773,True,3.0,atr,122.581,120.15720188,1.98,-0.6168119699819442,0.6168,True,28.189628355215543,0.2729876118405181,0.3,-0.303455,15.053161315065566,-1.0,5.3025,,1.0,False,,False,0.0,False,False,bearish,1,expansion,1.0,31.83673469387755,rising,5,moderate,122.676,125.521,122.091,660139.0,125.55678871836898,126.33123802030882,127.08020672402894,126.37987120933153,126.69676182233971,15.053161315065566,-0.7744493019398391,-0.40218303348960527,-0.3722662684502338,-0.1008407137436953,28.189628355215543,6.169965322235935,47.35679494697564,0.807932707929202,126.07759220389472,-1,124496.70000000001,,False,False,False,True,False,False,True,False,True,True
SOL_USDT_bb6ba192,SOL/USDT,1h,SELL,2026-01-25 19:00:00+00:00,backtest,TP,2.9121,2.7121,True,1.0,atr,121.358,117.82397468,2.0,-1.0,1.7517,True,39.2010508489132,0.6400350282971066,0.6400350282971066,-0.692908,7.110668097052228,-1.0,3.9069,,1.0,False,,False,0.0,False,False,bearish,1,expansion,1.0,76.61290322580645,rising,5,moderate,117.878,121.794,117.013,678518.0,122.70744928724355,124.85690910616741,126.39877505234429,124.08729194074172,125.55480001678414,7.110668097052228,-2.1494598189238587,-1.3326734831304352,-0.8167863357934235,-0.5432277608086975,39.2010508489132,3.3880940799531505,55.92564649961772,1.1780084399855884,122.88921821663926,-1,173671.2,,False,False,False,True,False,False,True,False,True,True
SOL_USDT_4df3b2fc,SOL/USDT,1h,SELL,2026-01-29 18:00:00+00:00,backtest,TP,3.6346,3.4346,True,7.0,atr,117.957,113.66971666,2.0,-1.0,2.1001,True,51.959703894580166,1.0,1.0,-0.481473,17.004169971888132,-1.0,2.3431,,1.0,False,,False,0.0,False,False,ranging,0,expansion,1.0,96.50145772594753,rising,5,moderate,115.684,118.09,115.318,457663.0,119.16291940311102,121.66540716741804,123.63237130774277,120.15689637542845,122.26354788415985,17.004169971888132,-2.50248776430702,-1.9455005403673042,-0.5569872239397156,-0.4396445803339566,51.959703894580166,7.371499427655675,47.6938977711872,1.4290944462570068,120.66977161506142,-1,195324.9,,False,False,False,True,False,False,True,False,True,True
SOL_USDT_82013fa5,SOL/USDT,1h,SELL,2026-02-03 15:00:00+00:00,backtest,SL,-1.2481,-1.4481,False,1.0,structural,100.476,101.73,1.0,-0.4761182253600646,0.4761,True,22.601484734128157,0.08671615780427189,0.3,-0.172843,45.54255676461854,0.5,2.8661,,0.7114077036243589,False,,True,1.0,True,True,bearish,1,range,0.3,78.26086956521739,rising,6,strong,102.522,102.716,100.35,454854.0,102.73546800698875,103.22461029407899,104.28097367572042,102.79645886612839,103.29487132348689,45.54255676461854,-0.4891422870902318,-0.31193971623543837,-0.1772025708547934,-0.2750740265504562,22.601484734128157,11.521302431564214,29.306495022173184,1.4631430581354985,105.11488489207983,-1,158702.05000000002,,False,False,False,True,False,False,True,False,True,True
SOL_USDT_f3edf3f2,SOL/USDT,1h,SELL,2026-02-03 16:00:00+00:00,backtest,TP,5.3087,5.1087,True,19.0,structural,101.249,95.874,3.0,-0.7008727780637948,0.7009,True,24.334677233110003,0.1444892411036668,0.3,-0.26814,36.52989870769522,0.0,1.9195,,0.7134012829962589,False,,True,1.0,True,True,bearish,1,range,0.3,81.77874186550976,rising,5,moderate,100.663,102.522,99.867,324657.0,102.27491956099125,102.99173663098088,104.15176033015898,102.73546800698875,103.22461029407899,36.52989870769522,-0.7168170699896308,-0.4468988341535025,-0.2699182358361283,-0.1772025708547934,24.334677233110003,10.11009852544592,27.945130600352392,1.548275696840106,105.08194640287186,-1,169139.0,,False,False,False,True,False,False,True,False,True,True
SOL_USDT_e2107071,SOL/USDT,1h,SELL,2026-02-11 06:00:00+00:00,backtest,SL,-1.9807,-2.1807,False,8.0,atr,80.868,82.46971666,1.0,-1.0,1.1277,True,27.431039008822985,0.2477013002940995,0.3,-0.21135,25.397692502493772,-1.0,1.6363,,0.7856621136829546,False,,False,0.0,False,False,bearish,1,trend,0.5405173168137164,32.65940902021773,rising,5,moderate,80.818,81.916,80.539,243275.75,82.32125912941753,83.24957929348432,84.57442136809296,82.75076173782253,83.49273722283274,25.397692502493772,-0.9283201640667897,-0.7575111699491958,-0.17080899411759398,-0.06986881211981644,27.431039008822985,12.234453848176349,31.876006690250215,1.06781110958184,83.88036939710238,-1,148677.19600000003,,False,False,False,True,False,False,True,False,True,True
SOL_USDT_8c1916c8,SOL/USDT,1h,SELL,2026-02-11 14:00:00+00:00,backtest,TP,4.0414,3.8414,True,1.0,structural,82.776,79.43065259,2.13,-1.0,1.1834,True,29.956109898743122,0.33187032995810406,0.33187032995810406,-0.004885,29.047037661230338,0.0,2.9088,,-0.02839349264518006,False,,False,0.0,False,False,bearish,1,range,0.3,39.324116743471585,falling,3,weak,79.881,83.09,79.728,409112.86,81.02759391830391,81.98646987245388,83.64608550976618,81.35519218067645,82.19701685969927,29.047037661230338,-0.9588759541499741,-0.9549738761944764,-0.0039020779554976848,0.11119815819390655,29.956109898743122,20.032240198297593,19.32240288216809,1.1151158019591711,82.9716868614389,-1,140647.79900000003,,False,False,False,True,False,True,True,False,True,True
SOL_USDT_cdb366b6,SOL/USDT,1h,SELL,2026-02-12 20:00:00+00:00,backtest,SL,-2.2682,-2.4682,False,6.0,atr,77.344,79.0983546,1.0,-1.0,1.4668,True,21.625889351239152,0.05419631170797175,0.3,-0.509835,23.956075232520032,-1.0,1.3638,,0.7703315536748603,True,bullish,True,1.0,False,False,bearish,2,range,0.3,44.7870778267254,rising,4,moderate,76.868,77.884,76.545,253112.45,78.4821447762865,79.63329140244517,81.09316698723076,78.94332899808265,79.90982054268969,23.956075232520032,-1.1511466261586634,-0.7592464514156769,-0.39190017474298644,-0.4031951805628545,21.625889351239152,11.201814353397058,30.460103195268566,1.1695697311333364,80.23270124519671,-1,185595.0395,,False,False,False,True,False,False,False,False,True,True
SOL_USDT_b498404b,SOL/USDT,1h,SELL,2026-02-13 05:00:00+00:00,backtest,SL,-1.9098,-2.1098,False,3.0,atr,78.187,79.68023465,1.0,-0.5770770640286191,0.5771,True,22.929052963461967,0.09763509878206555,0.3,0.143761,42.89568527630117,0.0,0.5215,,0.3619983879100206,True,bullish,True,1.0,False,False,bearish,2,range,0.3,23.768115942028984,falling,3,weak,78.244,78.707,78.109,94647.88,78.46922683256788,78.92205474293922,80.32937272899504,78.5335773561587,78.98986021723314,42.89568527630117,-0.4528279103713402,-0.5653123314811219,0.11248442110978174,0.16527168096157097,22.929052963461967,15.269155920666138,24.319115618416653,0.9954897689886203,80.05638112067703,-1,181497.8305,,False,False,False,True,False,False,False,False,True,True
SOL_USDT_ca7a1681,SOL/USDT,1h,BUY,2026-02-14 00:00:00+00:00,backtest,TP,3.7148,3.5148,True,15.0,atr,84.326,87.4585494,2.0,1.0,1.9612,True,38.02500349619074,0.6008334498730247,0.6008334498730247,-0.064764,73.01745508427445,-1.0,0.8027,,0.8300716449363358,True,bullish,False,0.0,False,False,bullish,1,range,0.3,31.029619181946405,falling,4,moderate,84.881,85.027,84.162,128760.8,84.25437434303157,82.63376581908352,81.53250887109576,84.0753384410406,82.40904240099188,73.01745508427445,1.62060852394805,1.6755805516106832,-0.054972027662633094,-0.03677052539327863,38.02500349619074,31.368164982749178,10.616373859340781,1.0441831336695708,82.03186739231543,1,160407.68850000002,,False,False,True,False,False,False,False,True,False,True
SOL_USDT_be5fb595,SOL/USDT,1h,BUY,2026-02-20 15:00:00+00:00,backtest,TP,3.5316,3.3316,True,23.0,atr,83.14,86.07619743,2.0,0.500155817745157,0.5002,True,23.751435058651545,0.12504783528838484,-0.3,-0.026198,62.36557147061039,0.0,2.5473,,0.2595338881859493,True,bullish,True,1.0,False,False,bearish,2,expansion,1.0,29.953917050691242,falling,4,moderate,84.334,84.731,82.615,339575.4,83.4372966064466,83.02205695855667,82.88878525974651,83.18109563685991,82.89086265441235,62.36557147061039,0.4152396478899192,0.43733336366783915,-0.022093715777919964,-0.15814723910923623,23.751435058651545,26.25079759621479,19.76245039156606,0.9787324764410068,84.89496333023452,-1,133308.518,,False,False,True,False,False,False,True,False,True,True
SOL_USDT_8cb9361a,SOL/USDT,1h,SELL,2026-02-23 01:00:00+00:00,backtest,SL,-1.6601,-1.8601,False,9.0,atr,79.289,80.60529857,1.0,-1.0,1.7018,True,35.171471504771716,0.5057157168257239,0.5057157168257239,-0.614032,10.513131048838211,-1.0,4.7429,,1.0,False,,False,0.0,False,False,ranging,0,expansion,1.0,22.786177105831534,rising,5,moderate,77.901,81.324,77.409,605501.99,81.75569156310718,83.14703145582119,83.91399492437958,82.85703200970923,83.67163460140331,10.513131048838211,-1.391339892714015,-0.9130027033144621,-0.47833718939955294,-0.14076848307939738,35.171471504771716,7.006684579297972,57.97218167708593,0.8775323828403263,81.87331506303236,-1,127663.8805,,False,False,False,True,False,False,True,False,True,True
SOL_USDT_5a45a883,SOL/USDT,1h,BUY,2026-02-25 06:00:00+00:00,backtest,TP,4.4723,4.2723,True,8.0,atr,81.211,84.843,2.39,1.0,1.6403,True,32.186280164109434,0.4062093388036478,0.4062093388036478,0.116849,69.61432120376566,0.0,0.5827,,0.5494508179980493,False,,True,0.8,False,False,ranging,0,trend,0.6197713360684906,40.34729315628192,rising,5,moderate,81.533,81.847,81.124,85790.04,80.99644712028007,79.68930231450199,79.60139852065394,80.84314629750294,79.50493254595219,69.61432120376566,1.30714480577808,1.211874660181764,0.09527014559631586,0.17397416416714773,32.186280164109434,29.061623646974887,15.325353197023656,1.014223993433221,79.74835550175835,1,147240.248,,False,False,True,False,False,False,False,True,False,True
SOL_USDT_ebd89cfe,SOL/USDT,1h,BUY,2026-02-25 14:00:00+00:00,backtest,TP,3.6292,3.4292,True,2.0,atr,84.15,87.20398422,2.0,1.0,2.1193,True,39.55468149382302,0.6518227164607673,0.6518227164607673,0.233452,88.04589606664712,-1.0,1.708,,1.0,False,,True,0.8,False,False,ranging,0,trend,0.7425780248970503,41.13475177304964,rising,6,strong,85.602,85.755,83.76,228937.88,83.42755324549431,81.69617291775373,80.53943549061864,82.80628274420697,81.30559020952911,88.04589606664712,1.731380327740581,1.5315404512540265,0.19983987648655455,0.06907202166710391,39.55468149382302,39.36490173198041,8.439590453430263,1.017994738941728,82.14414442437057,1,134041.8125,,False,False,True,False,False,False,True,True,False,True
SOL_USDT_2cd0de6a,SOL/USDT,1h,BUY,2026-02-25 16:00:00+00:00,backtest,TP,3.7976,3.5976,True,3.0,atr,86.202,89.47562925,2.0,1.0,2.6572,True,43.835187384382635,0.7945062461460879,0.7945062461460879,0.409707,91.61426333711387,-1.0,1.5972,,1.0,False,,True,0.8,False,False,ranging,0,expansion,1.0,52.88169868554095,rising,6,strong,87.502,87.62,85.928,238342.85,84.7705198645583,82.57627513863945,80.9747416743125,83.99009696871781,82.08370265250339,91.61426333711387,2.19424472591885,1.835742735022388,0.35850199089646173,0.24990257664026028,43.835187384382635,43.563247068896054,6.788741960316341,1.0912097493936335,83.92008198374016,1,149223.89149999997,,False,False,True,False,False,False,True,True,False,True
SOL_USDT_d745acaf,SOL/USDT,1h,BUY,2026-02-25 19:00:00+00:00,backtest,TP,3.8482,3.6482,True,2.0,atr,88.689,92.10196664,2.0,1.0,3.3874,True,50.65595409129611,1.0,1.0,0.434885,93.84185988306545,-1.0,0.8974,,1.0,False,,True,0.8,False,False,ranging,0,trend,0.9275992348549351,57.86290322580645,rising,5,moderate,89.383,89.602,88.31,142919.81,87.01752306384567,84.166444882524,81.79948653314017,86.34167251065873,83.64478937077641,93.84185988306545,2.851078181321668,2.462364593774481,0.388713587547187,0.4288753398814298,50.65595409129611,44.692667221688424,5.2135398855522705,1.1376555464350633,85.97984626614658,1,159257.207,,False,False,True,False,False,False,False,True,False,True
SOL_USDT_fe868a0c,SOL/USDT,1h,BUY,2026-02-25 21:00:00+00:00,backtest,SL,-2.098,-2.298,False,2.0,atr,89.529,87.65071846,1.0,1.0,3.4489,True,55.051263928952636,1.0,1.0,0.243101,93.9071982794967,-1.0,1.4306,,1.0,False,,True,0.8,False,False,ranging,0,expansion,1.0,71.12676056338029,rising,5,moderate,89.823,92.104,89.354,229761.12,88.04462506331404,85.10931808473057,82.34617434012651,87.53651793854662,84.63794989320364,93.9071982794967,2.935306978583469,2.7169461557260335,0.21836082285743563,0.2908023010456682,55.051263928952636,49.097261967243746,4.084178285346406,1.2521876905486007,87.37699047557872,1,160603.6155,,False,False,True,False,False,False,False,True,False,True
SOL_USDT_3ea083dd,SOL/USDT,1h,SELL,2026-02-28 06:00:00+00:00,backtest,TP,4.0728,3.8728,True,1.0,structural,81.17,77.86412349,3.18,-1.0,1.6302,True,39.886808919829576,0.6628936306609858,0.6628936306609858,-0.295016,15.415785846653554,-1.0,2.9711,,1.0,False,,False,0.0,False,False,bearish,1,expansion,1.0,54.043767840152235,rising,5,moderate,77.506,81.514,77.083,412703.67,80.78655658313295,82.10356392114177,83.52955801956361,81.72385846402807,82.56332031325594,15.415785846653554,-1.3170073380088212,-1.0883522057115118,-0.22865513229730938,0.1345627903349833,39.886808919829576,8.053663334553695,47.775260486800995,1.101958836181605,82.17099063592363,-1,138904.96750000003,,False,False,False,True,False,True,True,False,True,True
SOL_USDT_6f704667,SOL/USDT,1h,BUY,2026-03-01 13:00:00+00:00,backtest,SL,-2.2552,-2.4552,False,7.0,atr,84.881,82.9667647,1.0,0.7527037144970774,0.7527,True,28.981861758046197,0.29939539193487325,0.3,-0.266284,59.157699004786856,0.0,1.3303,,0.4448046522973762,True,bullish,False,0.0,False,False,bearish,2,range,0.3,73.01293900184844,falling,4,moderate,86.019,86.918,84.487,176013.91,85.5699507725758,84.93067443138335,83.98104237322661,85.44165099331174,84.8218418745217,59.157699004786856,0.639276341192442,0.868331080240254,-0.22905473904781193,-0.3630493309741152,28.981861758046197,29.4815883291121,18.361472021677695,1.2761568644989656,84.28241028560844,1,132313.49200000003,,False,False,True,False,False,False,False,True,False,True
SOL_USDT_a5299abf,SOL/USDT,1h,BUY,2026-03-04 08:00:00+00:00,backtest,TP,5.0175,4.8175,True,6.0,structural,87.219,91.59522438,2.13,0.914787922376528,0.9148,True,20.991319888744115,0.033043996291470513,0.3,0.356838,74.45547533914801,-1.0,1.4863,,0.900767717595455,True,bullish,False,0.0,False,False,bearish,2,range,0.3,81.89730200174064,rising,5,moderate,89.673,89.884,86.953,214358.34,86.96006659937645,86.17177758552688,85.5418926053687,86.18494277062686,85.82165534407957,74.45547533914801,0.788289013849564,0.4683018078785056,0.31998720597105834,0.05497922165431135,20.991319888744115,35.95893987916193,13.439746939275555,1.4587414611244198,84.62422922892537,1,144226.408,,False,False,True,False,False,False,False,True,False,True
SOL_USDT_0d21f056,SOL/USDT,1h,BUY,2026-03-04 15:00:00+00:00,backtest,SL,-3.4173,-3.6173,False,38.0,bos,90.691,87.59184,1.0,1.0,2.0374,True,31.227338561191225,0.37424461870637415,0.37424461870637415,0.3239,79.55500806711167,-1.0,1.9671,,1.0,True,bullish,False,0.0,False,False,bullish,1,trend,0.6037889760198537,84.42906574394463,rising,6,strong,92.876,93.06,90.113,283751.65,90.0770134235556,88.27842577156369,86.63987023846789,89.27730297314292,87.81866834872007,79.55500806711167,1.7985876519919088,1.4977620948655415,0.3008255571263674,0.11128530812049897,31.227338561191225,38.694207965338315,11.738458716721109,1.5613162483524936,87.5084118716844,1,144248.7465,,False,False,True,False,False,False,True,True,False,True
SOL_USDT_c9633ce0,SOL/USDT,1h,SELL,2026-03-06 13:00:00+00:00,backtest,TP,3.6322,3.4322,True,26.0,atr,86.528,83.38516187,2.0,-1.0,1.1429,True,22.565012231927565,0.08550040773091881,0.3,-0.244554,22.34399519540027,-1.0,1.5643,,0.7512895199089684,False,,False,0.0,False,False,bearish,1,range,0.3,40.18302828618968,rising,5,moderate,85.518,87.045,85.518,213133.04,87.10122102172758,88.0966960359198,88.55335980759871,87.55356988507832,88.35456563951179,22.34399519540027,-0.9954750141922233,-0.7863373658515809,-0.2091376483406424,-0.11922721275221293,22.565012231927565,9.790940728928794,28.573178726653005,1.047612709854347,88.83749260178129,-1,136251.48249999998,,False,False,False,True,False,False,True,False,True,True
SOL_USDT_976f955d,SOL/USDT,1h,BUY,2026-03-09 16:00:00+00:00,backtest,TP,3.6507,3.4507,True,22.0,bos,84.886,87.984968,3.65,0.9509251412411349,0.9509,True,26.08148201527588,0.2027160671758627,0.3,0.13363,68.12361496118395,0.0,0.7529,,0.6157260716212251,True,bullish,True,0.8,False,False,bearish,2,trend,0.518024700254598,39.62411902897416,rising,5,moderate,85.097,85.6,84.677,99764.86,84.53775918191705,83.74144076801643,83.67953299923022,84.37797609103622,83.60588484481808,68.12361496118395,0.7963184139006216,0.6826033669638724,0.11371504693674928,0.14634540272264118,26.08148201527588,27.989551113766456,12.596399323235831,1.0329893347621952,82.49639112061222,1,132506.75650000002,,False,False,True,False,False,False,False,True,False,True
SOL_USDT_3051a176,SOL/USDT,1h,BUY,2026-03-10 14:00:00+00:00,backtest,TP,3.9895,3.7895,True,1.0,structural,85.143,88.5398055,3.99,0.7822890710203888,0.7823,True,31.854935601827894,0.3951645200609298,0.3951645200609298,0.02131,68.30314154898338,0.0,2.3372,,0.35786732885850797,True,bullish,False,0.0,False,False,bullish,1,expansion,1.0,54.734411085450354,falling,5,moderate,88.056,88.17,84.877,332535.9,86.85021209213635,86.17606614484988,85.13127746746098,86.50570126131817,85.98807275933487,68.30314154898338,0.6741459472864619,0.6553811165096212,0.01876483077684077,-0.1283701991379047,31.854935601827894,20.957974608972414,12.011291387509715,1.132268498393183,84.81947873450228,1,142279.698,,False,False,True,False,True,False,True,True,False,True
SOL_USDT_4909b6cf,SOL/USDT,1h,BUY,2026-03-10 15:00:00+00:00,backtest,SL,-1.1431,-1.3431,False,3.0,bos,87.566,86.565,1.0,0.9331756684806822,0.9332,True,31.92790777066748,0.397596925688916,0.397596925688916,0.113686,69.94385313412698,0.0,1.6629,,0.43182975541971674,True,bullish,False,0.0,True,True,bullish,1,expansion,1.0,56.84615384615385,stable,6,strong,88.321,88.585,87.262,239414.82,87.17705384943937,86.3710601316817,85.24519612933736,86.85021209213635,86.17606614484988,69.94385313412698,0.8059937177576728,0.7055853169256384,0.1004084008320344,0.01876483077684077,31.92790777066748,21.81648218360753,11.020738298114612,1.1458921770793837,84.92672675293623,1,143971.45200000002,,False,False,True,False,False,False,True,True,False,True
SOL_USDT_34845e26,SOL/USDT,1h,BUY,2026-03-13 11:00:00+00:00,backtest,SL,-1.7189,-1.9189,False,6.0,atr,90.115,88.56600865,1.0,1.0,1.0828,True,20.53298996990825,0.01776633233027501,0.3,0.07225,66.80579956265893,0.0,0.8454,,0.4858286140349161,True,bullish,False,0.0,False,False,bullish,1,range,0.3,39.83918128654971,rising,5,moderate,90.273,90.411,89.932,112807.76,89.42520178344174,88.46728677907343,87.2850327346755,89.18297372156795,88.28671545698077,66.80579956265893,0.9579150043683029,0.892692336866908,0.06522266750139494,0.03617726147096445,20.53298996990825,27.228355614803284,15.082640263930381,1.0326608993768285,87.64577720577462,1,133444.8425,,False,False,True,False,False,False,False,True,False,True
SOL_USDT_70054b00,SOL/USDT,1h,BUY,2026-03-15 22:00:00+00:00,backtest,TP,2.8824,2.6824,True,1.0,bos,90.061,92.65689368,1.53,0.9707545732059244,0.9708,True,27.47661647280305,0.24922054909343505,0.3,0.485311,83.80566442504467,-1.0,2.6126,,1.0,True,bullish,False,0.0,False,False,bullish,1,expansion,1.0,21.2333566923616,rising,6,strong,92.617,92.916,89.806,259128.17,89.47442919603505,88.614202770134,88.1029231661162,88.57655182347364,88.2139230471474,83.80566442504467,0.8602264259010468,0.4107457720548075,0.4494806538462393,0.1766233311945447,27.47661647280305,48.2182508531974,8.300947460255468,0.8652978946253381,88.90596031614416,1,99184.71,,False,False,True,False,False,False,True,True,False,True
SOL_USDT_ad9feafe,SOL/USDT,1h,BUY,2026-03-23 16:00:00+00:00,backtest,SL,-2.1592,-2.3592,False,65.0,atr,90.27,88.32088698,1.0,1.0,1.4207,True,36.45691362865614,0.5485637876218713,0.5485637876218713,0.345076,65.14914702011077,0.0,1.3918,,0.4430996883747237,False,,True,1.0,False,False,bearish,1,trend,0.6909485604776023,78.30130192188469,rising,5,moderate,90.294,90.407,89.353,204011.72,89.45307608503256,88.20001713401683,88.10978545837166,89.21281210932759,87.99061884741852,65.14914702011077,1.2530589510157313,0.9414756778343841,0.31158327318134715,0.4365092206653589,36.45691362865614,32.81697606738077,21.73948385801268,1.2994086784486227,87.94498146670026,1,146579.2895,,False,False,True,False,False,False,False,True,False,True
SOL_USDT_dac6fa41,SOL/USDT,1h,SELL,2026-03-27 10:00:00+00:00,backtest,TP,3.2542,3.0542,True,7.0,atr,84.874,82.11202145,2.0,-1.0,1.347,True,40.85362570070515,0.6951208566901718,0.6951208566901718,-0.272311,11.681739788224855,-1.0,2.1583,,1.0,False,,False,0.0,False,False,ranging,0,expansion,1.0,31.53258954785672,rising,5,moderate,82.957,85.092,82.547,265275.87,85.12316989138051,86.26981065329996,87.99217924968822,85.7420755746321,86.60109171862995,11.681739788224855,-1.1466407619194428,-0.9207399124787675,-0.22590084944067523,-0.05122665623941902,40.85362570070515,7.782724786318314,38.77377205355954,0.920659515620734,86.26757917183092,-1,122911.2155,,False,False,False,True,False,False,True,False,True,True
SOL_USDT_b1bc5016,SOL/USDT,1h,SELL,2026-04-01 23:00:00+00:00,backtest,TP,3.8413,3.6413,True,12.0,atr,81.368,78.2424129,2.0,-0.6545122935958537,0.6545,True,20.555929905470517,0.018530996849017236,0.3,-0.413923,32.41510455232942,0.0,0.7339,,0.2532036764399554,True,bullish,True,1.0,False,False,bullish,1,range,0.3,53.59477124183007,rising,4,moderate,81.135,81.409,80.98,107285.0,82.34669691235938,82.88566616702089,82.958534379678,82.69289603017634,83.06073278372298,32.41510455232942,-0.5389692546615095,-0.2031328684355962,-0.3358363862259133,-0.33262207822400114,20.555929905470517,21.076603869219504,27.40669578021839,1.0418623655970916,83.90553501384667,-1,146186.748,,False,False,False,True,False,False,False,False,True,True
SOL_USDT_e18cc6fe,SOL/USDT,1h,SELL,2026-04-02 11:00:00+00:00,backtest,SL,-1.6668,-1.8668,False,20.0,atr,78.58,79.88976862,1.0,-1.0,1.5192,True,25.39411917725307,0.17980397257510236,0.3,0.018742,28.593729564052285,0.0,0.8635,,0.6500790231592174,True,bullish,True,1.0,True,True,bearish,2,range,0.3,29.978354978354975,falling,3,weak,78.27,78.934,78.148,137819.4,79.10185416994094,80.30354142846521,81.61912920796446,79.33952678992407,80.50689557131174,28.593729564052285,-1.2016872585242737,-1.2163562407421036,0.014668982217829862,0.056321950463338766,25.39411917725307,14.429727912460075,30.681703491440512,0.8731790784265558,80.61703749686731,-1,159614.787,,False,False,False,True,False,False,False,False,True,True
SOL_USDT_04035e01,SOL/USDT,1h,SELL,2026-04-27 15:00:00+00:00,backtest,TP,2.208,2.008,True,50.0,atr,84.691,82.8210601,2.0,-0.7639840303756785,0.764,True,29.57073915635651,0.319024638545217,0.319024638545217,-0.135799,21.15958317325836,-1.0,2.1573,,0.9909121189775063,True,bullish,True,0.8,False,False,bullish,1,compression,0.15783034257748785,16.843393148450243,rising,5,moderate,84.104,85.194,83.567,268482.3,85.09205030368085,85.74213997912021,86.09036986069275,85.3743503904468,85.90595397703223,21.15958317325836,-0.6500896754393608,-0.5358773252847568,-0.11421235015460396,-0.0528324363779642,29.57073915635651,13.696794929112773,38.46959790355043,0.6233132994472202,86.05766018227249,-1,124452.804,,False,False,False,True,False,False,True,False,True,True
SOL_USDT_6442a181,SOL/USDT,1h,BUY,2026-05-06 16:00:00+00:00,backtest,SL,-1.2637,-1.4637,False,9.0,atr,89.019,87.8940564,1.0,0.97203301862192,0.972,True,41.1004739070838,0.7033491302361268,0.7033491302361268,-0.098904,64.66309815900073,0.0,1.1713,,0.427025434092004,True,bullish,False,0.0,False,False,bullish,1,range,0.3,36.53053578119146,falling,4,moderate,89.123,89.458,88.556,160791.18,88.79911610954534,87.94426877902758,86.5125631046885,88.70657785512971,87.82639565693034,64.66309815900073,0.8548473305177566,0.9429938729211337,-0.08814654240337705,-0.1068849459234581,41.1004739070838,29.70276093564372,19.02712508334362,0.7499624017882117,88.08468086101718,1,137274.48500000002,,False,False,True,False,False,False,False,True,False,True
SOL_USDT_78a1bb64,SOL/USDT,1h,BUY,2026-05-09 00:00:00+00:00,backtest,TP,2.3313,2.1313,True,33.0,atr,92.033,94.1785628,2.0,1.0,1.3812,True,31.23877553045356,0.37462585101511864,0.37462585101511864,0.056522,76.55016152202394,-1.0,1.0486,,0.8573089810671516,True,bullish,False,0.0,False,False,bullish,1,range,0.3,33.65137614678899,stable,5,moderate,92.417,92.556,91.801,132541.88,91.77206202731966,90.52175791599869,89.22174577026458,91.58779403512528,90.33223370759856,76.55016152202394,1.2503041113209719,1.1980677505969681,0.05223636072400373,0.08361075729175704,31.23877553045356,35.537762470536535,14.105037943857747,0.7151875999214927,90.58734646432566,1,126397.3215,,False,False,True,False,False,False,False,True,False,True
SOL_USDT_35e1b7f6,SOL/USDT,1h,SELL,2026-05-13 15:00:00+00:00,backtest,SL,-1.5524,-1.7524,False,24.0,atr,90.992,92.40458585,1.0,-1.0,1.2702,True,23.278226969498064,0.10927423231660213,0.3,-0.529667,14.288772517301625,-1.0,1.7629,,1.0,False,,False,0.0,False,False,ranging,0,expansion,1.0,58.49788434414669,rising,5,moderate,90.387,91.896,90.243,232908.69,92.82856859398086,94.00772055789317,94.63071529958488,93.52615962083253,94.36979261368249,14.288772517301625,-1.1791519639123038,-0.7004017116537015,-0.47875025225860235,-0.3826064073255615,23.278226969498064,10.602880888322778,40.91353185304298,0.9417238969247138,93.63541347105343,-1,132114.561,,False,False,False,True,False,False,True,False,True,True
SOL_USDT_13654953,SOL/USDT,1h,SELL,2026-05-16 09:00:00+00:00,backtest,TP,2.4471,2.2471,True,38.0,atr,87.208,85.07389074,2.0,-1.0,1.2193,True,45.50445606816005,0.8501485356053351,0.8501485356053351,-0.262597,12.200521987934618,-1.0,2.0824,,1.0,False,,False,0.0,False,False,ranging,0,expansion,1.0,33.25292901447278,rising,5,moderate,85.964,87.465,85.692,249999.73,87.73485595773967,88.80458804335467,90.27851825707295,88.24081480280815,89.08864684769013,12.200521987934618,-1.0697320856150014,-0.8439935208673646,-0.22573856474763687,-0.11670780638843681,45.50445606816005,5.865453188670994,48.43569201247992,0.711369752102471,88.41004181714096,-1,120052.55000000002,,False,False,False,True,False,False,True,False,True,True
SOL_USDT_910d781c,SOL/USDT,1h,SELL,2026-05-18 14:00:00+00:00,backtest,SL,-1.3018,-1.5018,False,7.0,atr,84.374,85.4723755,1.0,-0.5651697409689014,0.5652,True,38.16407553365599,0.6054691844551996,0.6054691844551996,-0.007206,34.58500979133122,0.0,1.7107,,0.6200235399393506,False,,False,0.0,False,False,bearish,1,range,0.3,36.988155668358715,falling,4,moderate,83.928,84.634,83.667,219523.67,84.65379643625033,85.13223407828943,86.29210733700047,84.86116684660757,85.25265748611838,34.58500979133122,-0.478437642039097,-0.47238958369224954,-0.0060480583468474625,0.07787491500801957,38.16407553365599,14.669809257054448,30.17039775553821,0.7322503341685863,85.86006471470381,-1,128327.27249999998,,False,False,False,True,False,True,True,False,True,True
SOL_USDT_564a4293,SOL/USDT,1h,BUY,2026-05-21 03:00:00+00:00,backtest,SL,-1.0923,-1.2923,False,8.0,atr,86.596,85.65009142,1.0,0.6101701688554457,0.6102,True,21.077583746568067,0.03591945821893556,0.3,0.031582,69.89485814438915,0.0,0.9259,,0.40161063721795903,True,bullish,False,0.0,False,False,bullish,1,range,0.3,23.80636604774536,rising,5,moderate,86.813,86.871,86.423,106546.08,86.39242049313935,85.86847666408451,85.46106996382898,86.2722549197506,85.77402433049296,69.89485814438915,0.5239438290548435,0.49652649993172193,0.02741732912312156,0.015412753887469599,21.077583746568067,23.217098761861077,13.176832831412101,0.630605718280466,85.09304643248596,1,115077.78050000001,,False,False,True,False,False,False,False,True,False,True
SOL_USDT_03f34b17,SOL/USDT,1h,BUY,2026-05-21 19:00:00+00:00,backtest,SL,-1.0,-1.2,False,6.0,bos,87.429,86.55471,1.0,0.492644378609329,0.4926,True,21.85904561613832,0.0619681872046107,0.3,0.186072,66.8067138354454,0.0,0.878,,0.6886251144391244,True,bullish,False,0.0,False,False,bullish,1,range,0.3,40.17150395778364,rising,5,moderate,87.801,87.814,87.029,109586.16,86.85783383791698,86.43203129442713,85.92236889919006,86.58835779160754,86.29513442386984,66.8067138354454,0.42580254348985136,0.2624291831787956,0.16337336031105576,0.11248086471442792,21.85904561613832,28.54147767726145,11.325849816283343,0.7480141085453984,85.44889161681019,1,124817.30550000002,,False,False,True,False,False,False,False,True,False,True
SOL_USDT_2cf43f20,SOL/USDT,1h,SELL,2026-05-23 07:00:00+00:00,backtest,TP,2.635,2.435,True,1.0,atr,84.192,81.97357034,2.0,-1.0,1.128,True,37.69414446991178,0.5898048156637259,0.5898048156637259,-0.185111,16.454928229681062,-1.0,2.559,,1.0,False,,False,0.0,False,False,bearish,1,expansion,1.0,39.60234680573664,rising,5,moderate,82.167,84.278,81.39,295496.22,84.00443294053392,84.95197944262591,85.6694239807058,84.52941378068647,85.23047738688851,16.454928229681062,-0.9475465020919955,-0.7954461447876082,-0.1521003573043873,0.018332359933373565,37.69414446991178,8.286738206293531,49.58805200400704,0.7394765530079057,84.77881733686249,-1,115471.07800000002,,False,False,False,True,False,True,True,False,True,True
SOL_USDT_8c4d8c09,SOL/USDT,1h,SELL,2026-05-28 01:00:00+00:00,backtest,TP,2.5344,2.3344,True,2.0,atr,82.565,80.47250738,2.0,-0.6422047085586418,0.6422,True,20.2295607046485,0.007652023488283296,0.3,-0.141196,31.381555124665947,0.0,0.8864,,0.743879274729868,True,bullish,True,0.8,False,False,bullish,1,range,0.3,35.66939032055311,rising,4,moderate,82.226,82.716,81.881,100732.1,82.81700154615169,83.34885622956816,83.98786366605589,82.98585913076646,83.46114185252497,31.381555124665947,-0.5318546834164692,-0.4157546303882992,-0.11610005302817006,-0.11757811788430372,20.2295607046485,12.046335677906379,30.64331754615308,0.6974975400285162,84.08619075189105,-1,113646.35149999999,,False,False,False,True,False,False,False,False,True,True
SOL_USDT_5d0862ec,SOL/USDT,1h,SELL,2026-05-28 03:00:00+00:00,backtest,SL,-1.3807,-1.5807,False,36.0,atr,81.91,83.04093177,1.0,-0.9617437114393599,0.9617,True,24.6408586105914,0.15469528701971338,0.3,-0.263851,19.609503954347694,-1.0,1.7288,,1.0,True,bullish,True,0.8,False,False,bullish,1,range,0.3,43.71859296482412,rising,5,moderate,80.662,82.213,80.46,207589.98,82.20761821927695,82.99824481782493,83.80275843438105,82.64922342478465,83.23186929960741,19.609503954347694,-0.7906265985479735,-0.5777988963158485,-0.212827702232125,-0.11126082962297346,24.6408586105914,9.609109227386334,38.82484623903128,0.7539545115552007,83.31547950903176,-1,120074.1445,,False,False,False,True,False,False,True,False,True,True
SOL_USDT_d2ebe641,SOL/USDT,1h,SELL,2026-06-01 13:00:00+00:00,backtest,SL,-1.2534,-1.4534,False,6.0,atr,80.263,81.26904187,1.0,-0.7733488359935154,0.7733,True,33.48986163000417,0.44966205433347234,0.44966205433347234,-0.156446,25.15798215790054,-1.0,2.6717,,1.0,False,,False,0.0,False,False,bearish,1,expansion,1.0,32.58358662613981,rising,5,moderate,79.799,80.835,79.27,270843.87,80.82556576893693,81.45062934099617,81.98593308904998,81.11887027434747,81.61579227509579,25.15798215790054,-0.625063572059247,-0.5002214262396757,-0.12484214581957132,-0.05912164741842302,33.48986163000417,8.756860238734152,38.474859608661895,0.6706945830910919,81.8564825000846,-1,101375.2775,,False,False,False,True,False,False,True,False,True,True
SOL_USDT_0bedcf29,SOL/USDT,1h,SELL,2026-06-02 09:00:00+00:00,backtest,TP,2.7179,2.5179,True,5.0,atr,79.275,77.12040186,2.0,-0.7022612144497017,0.7023,True,39.29576270023954,0.6431920900079847,0.6431920900079847,-0.144067,30.914708016532636,0.0,1.5489,,1.0,False,,False,0.0,False,False,bearish,1,trend,0.738262711670659,40.21148036253776,rising,5,moderate,79.059,79.593,78.731,178281.36,79.77839517253224,80.33864789933935,81.10805903243241,79.9839366503986,80.46661268927329,30.914708016532636,-0.5602527268071071,-0.44635495007525483,-0.11389777673185231,-0.09326997716535768,39.29576270023954,9.522564641125538,38.111400634363534,0.7181993796682499,80.97355443190483,-1,115101.09900000002,,False,False,False,True,False,False,True,False,True,True
SOL_USDT_5a658ce7,SOL/USDT,1h,SELL,2026-06-02 14:00:00+00:00,backtest,TP,2.9514,2.7514,True,1.0,atr,78.65,76.32871818,2.0,-1.0,1.0507,True,46.94686345598492,0.898228781866164,0.898228781866164,-0.208299,21.323747839489148,-1.0,3.1309,,1.0,False,,False,0.0,False,False,bearish,1,trend,0.8657810575997487,48.08446455505279,rising,5,moderate,77.389,78.912,76.675,372194.48,78.86283848439007,79.69143680532214,80.70439874504035,79.2839351942158,79.92168048585435,21.323747839489148,-0.8285983209320733,-0.6673979737119518,-0.16120034722012155,-0.05094749153666123,46.94686345598492,6.727707756410203,45.97351063738553,0.7737606062116298,79.80485172649547,-1,118879.14100000002,,False,False,False,True,False,False,True,False,True,True
SOL_USDT_8f8eb0e0,SOL/USDT,1h,SELL,2026-06-03 15:00:00+00:00,backtest,TP,3.8391,3.6391,True,5.0,atr,73.998,71.15717555,2.0,-0.9212922324515935,0.9213,True,55.11815297423172,1.0,1.0,-0.075648,31.064779737697705,0.0,1.5262,,1.0,False,,False,0.0,True,True,ranging,0,trend,1.0,64.82035928143712,rising,5,moderate,73.237,74.446,73.194,185017.84,74.44640116916247,75.13227008047372,77.18381684194267,74.79194436035175,75.3217970885211,31.064779737697705,-0.6858689113112462,-0.6304665993636946,-0.05540231194755152,0.07291271522057363,55.11815297423172,9.91810257365763,35.12238431559638,0.946941482681346,76.15204003275564,-1,121224.78800000003,,False,False,False,True,False,True,True,False,True,True
SOL_USDT_04ade66f,SOL/USDT,1h,SELL,2026-06-05 15:00:00+00:00,backtest,TP,6.6928,6.4928,True,14.0,atr,64.397,60.08704945,2.0,-1.0,1.9538,True,55.86327027992694,1.0,1.0,-0.103861,34.582789888212886,0.0,1.6921,,0.8929110936190789,False,,False,0.0,False,False,ranging,0,trend,1.0,93.15230224321134,rising,5,moderate,64.235,65.285,63.743,281774.85,65.347634410213,66.62437980917943,69.42809436521547,65.66552995598815,66.86331779009737,34.582789888212886,-1.2767453989664261,-1.2100303773339427,-0.06671502163248344,-0.021114967591519873,55.86327027992694,5.122430376093496,27.445207716570472,1.4366501817572181,68.21980187026955,-1,166520.64849999998,,False,False,False,True,False,False,True,False,True,True
SOL_USDT_ec13d937,SOL/USDT,1h,BUY,2026-06-08 07:00:00+00:00,backtest,SL,-2.15,-2.35,False,32.0,atr,65.65,64.23849919,1.0,0.6709625966167383,0.671,True,22.06173933991286,0.06872464466376206,0.3,-0.103098,58.41789502301735,0.0,0.8495,,0.29456558795620763,True,bullish,False,0.0,False,False,bearish,2,range,0.3,62.39860950173812,falling,4,moderate,66.069,66.167,65.325,108321.52,65.76969049199883,65.33134162582166,65.03131168935968,65.68417348971278,65.25757578840383,58.41789502301735,0.43834886617716506,0.5064647658703944,-0.06811589969322929,-0.11392501440805924,22.06173933991286,27.43340944679202,20.06926974788683,0.9410005410022881,63.91347054639424,1,127507.93250000001,,False,False,True,False,False,False,False,True,False,True
SOL_USDT_1e4c02ab,SOL/USDT,1h,BUY,2026-06-11 13:00:00+00:00,backtest,TP,3.3299,3.1299,True,6.0,atr,65.165,67.33492856,2.0,0.6468130004342193,0.6468,True,24.899423458641266,0.1633141152880422,0.3,0.0276,59.22492111244959,0.0,1.069,,0.403720460358796,True,bullish,False,0.0,False,False,bearish,2,range,0.3,38.89518413597734,rising,4,moderate,65.479,65.698,65.031,115516.69,65.30165487746713,64.88198973293412,64.86660181752305,65.25098484245774,64.82228870622752,59.22492111244959,0.4196651445330133,0.4015926788309081,0.01807246570210519,0.03613969025035957,24.899423458641266,24.49623427077107,14.40322276180117,0.7233095192658697,64.02188853531453,1,108061.459,,False,False,True,False,False,False,False,True,False,True
SOL_USDT_3874ec3e,SOL/USDT,1h,BUY,2026-06-11 21:00:00+00:00,backtest,TP,3.481,3.281,True,48.0,bos,66.999,69.33124064,1.9,1.0,1.0612,True,31.175709144793736,0.37252363815979117,0.37252363815979117,0.096275,65.41320901195897,0.0,0.8368,,0.5896485482162109,True,bullish,False,0.0,True,True,bearish,2,trend,0.6029284857465622,46.38213680045224,rising,5,moderate,66.868,67.069,66.534,95691.72,66.39563948546227,65.69847406560872,65.23917493098209,66.26067933845148,65.5815214721696,65.41320901195897,0.6971654198535475,0.6327882252523618,0.06437719460118574,0.07855823833011477,31.175709144793736,24.753670260163208,10.012456554757936,0.7774135467405934,64.90289313551283,1,114355.5595,,False,False,True,False,False,False,False,True,False,True
SOL_USDT_ce2ec9f0,SOL/USDT,1h,BUY,2026-06-14 22:00:00+00:00,backtest,TP,2.7133,2.5133,True,13.0,bos,70.116,72.01843122,2.05,0.6060370226356894,0.606,True,29.34930530004078,0.3116435100013593,0.3116435100013593,0.502918,80.5768097496616,-1.0,1.7343,,1.0,True,bullish,False,0.0,False,False,bullish,1,expansion,1.0,26.17003600110773,falling,6,strong,70.399,70.647,69.684,188353.65,68.64592424221952,68.2324105727121,67.77849316770781,68.14504545428224,68.01575162998331,80.5768097496616,0.41351366950742374,0.05946453413075578,0.35404913537666793,0.24685385785650474,29.34930530004078,40.17308233669628,13.61944898775335,0.6341437389768945,68.41665251335733,1,108604.5,,False,False,True,False,False,False,True,True,False,True
SOL_USDT_6065af7f,SOL/USDT,1h,BUY,2026-06-15 11:00:00+00:00,backtest,TP,2.6944,2.4944,True,2.0,atr,71.982,73.92149916,2.0,1.0,1.4362,True,42.73514208142774,0.7578380693809247,0.7578380693809247,0.069037,83.49622819726746,-1.0,1.6996,,1.0,False,,False,0.0,False,False,ranging,0,range,0.3,28.090507726269315,stable,6,strong,72.568,72.792,71.614,210729.1,71.50250190019969,70.4901350082163,69.11942719182636,71.19807387168531,70.28234850903793,83.49622819726746,1.0123668919833904,0.9622681173600354,0.05009877462335499,-0.021493367400978736,42.73514208142774,38.12384338144255,10.662289840661234,0.6464997203460814,70.52349047428949,1,123984.26150000001,,False,False,True,False,True,False,True,True,False,True
SOL_USDT_87280608,SOL/USDT,1h,BUY,2026-06-15 13:00:00+00:00,backtest,TP,2.9085,2.7085,True,3.0,atr,73.312,75.44427224,2.0,1.0,1.7293,True,45.54943906535401,0.8516479688451336,0.8516479688451336,0.201405,88.05256536414274,-1.0,2.4407,,1.0,False,,False,0.0,False,False,ranging,0,expansion,1.0,37.94815223386652,rising,6,strong,73.589,74.174,72.672,343175.22,72.18939003839242,70.96225207290604,69.40560258015488,71.7895014779331,70.69957728019664,88.05256536414274,1.2271379654863779,1.0789260845969117,0.14821188088946613,0.08510405358428663,45.54943906535401,43.66032369707357,8.362344622596575,0.7107574119310608,71.53094728417447,1,140605.62350000002,,False,False,True,False,False,False,True,True,False,True
SOL_USDT_0adc8204,SOL/USDT,1h,BUY,2026-06-16 08:00:00+00:00,backtest,SL,-1.522,-1.722,False,6.0,atr,74.713,73.5759051,1.0,0.7601830589884869,0.7602,True,34.60066520760648,0.4866888402535494,0.4866888402535494,0.093069,69.64804140284781,0.0,1.0343,,0.767725047400061,True,bullish,False,0.0,False,False,bullish,1,trend,0.6600110867934413,45.4320987654321,rising,5,moderate,75.35,75.599,74.298,140509.7,74.24615809083903,73.68600952955074,71.83699939635159,73.93077468822162,73.51961048250583,69.64804140284781,0.5601485612882868,0.49002086387168714,0.07012769741659969,-0.043792809447595005,34.60066520760648,35.30314770049398,16.110021515492456,0.7580632655936934,73.03186794101158,1,135852.85499999998,,False,False,True,False,True,False,False,True,False,True
SOL_USDT_4d65f95b,SOL/USDT,1h,SELL,2026-06-18 15:00:00+00:00,backtest,SL,-1.9481,-2.1481,False,38.0,atr,70.606,71.98148234,1.0,-1.0,1.0824,True,22.89548873647899,0.09651629121596628,0.3,-0.337557,22.290205252354856,-1.0,3.5204,,0.9956618691252805,False,,False,0.0,False,False,bearish,1,expansion,1.0,62.4054054054054,rising,5,moderate,68.415,71.056,68.344,520679.67,70.65914079539074,71.42398258069576,72.07169220809996,71.3003238797881,71.72488083876534,22.290205252354856,-0.7648417853050233,-0.533902157164477,-0.23093962814054636,-0.006124615883044859,22.89548873647899,12.514979671437333,37.406526399569344,0.9169882247813426,72.12603373550922,-1,147903.04350000003,,False,False,False,True,False,False,True,False,True,True
SOL_USDT_c79372d7,SOL/USDT,1h,BUY,2026-06-20 10:00:00+00:00,backtest,SL,-1.3409,-1.5409,False,4.0,atr,71.482,70.52350675,1.0,1.0,1.1293,True,32.035660528245856,0.4011886842748619,0.4011886842748619,0.088084,68.50162745173101,0.0,0.6911,,0.7205584987625642,True,bullish,False,0.0,False,False,bearish,2,range,0.3,26.36922254875768,stable,5,moderate,71.645,71.673,71.375,83928.16,71.20916585792381,70.41398168740358,70.29989740087449,71.0846418173306,70.29087985614393,68.50162745173101,0.7951841705202298,0.7320765711776459,0.06310759934258392,0.09323918968032119,32.035660528245856,29.6414066233823,11.627444154318196,0.6389954986396161,70.18660518206346,1,121439.53,,False,False,True,False,False,False,False,True,False,True
SOL_USDT_e39795f0,SOL/USDT,1h,BUY,2026-06-20 14:00:00+00:00,backtest,TP,3.0602,2.8602,True,8.0,atr,70.478,72.63476006,2.0,0.9425983276740629,0.9426,True,33.571464485927365,0.45238214953091216,0.45238214953091216,-0.04523,66.17182132759106,0.0,2.0068,,0.5771707932582499,True,bullish,False,0.0,False,False,bearish,2,range,0.3,39.391513210568455,falling,5,moderate,71.905,72.134,70.446,267449.6,71.45108386295917,70.78387622935836,70.47302603019922,71.32139353809035,70.6717638522942,66.17182132759106,0.6672076336008104,0.6997300255288816,-0.03252239192807127,-0.06636153569677461,33.571464485927365,28.442431174495045,14.013161343038798,0.7189200186548862,70.18660518206346,1,133268.86700000003,,False,False,True,False,False,False,True,True,False,True
SOL_USDT_cc93ec75,SOL/USDT,1h,BUY,2026-06-22 05:00:00+00:00,backtest,SL,-1.4892,-1.6892,False,10.0,atr,74.092,72.98864182,1.0,0.2137626842920396,0.2138,True,23.61981192593888,0.120660397531296,-0.3,0.025848,54.729176041240876,0.5,0.7142,,0.2691897944349776,True,bullish,True,0.8,False,False,bearish,2,range,0.3,42.63074484944532,stable,4,moderate,73.908,74.128,73.728,106933.23,73.69306305062806,73.53587079928997,72.72653406285339,73.63165249366465,73.49865787921897,54.729176041240876,0.15719225133808834,0.1380887869508739,0.01910346438721444,0.004457559688411716,23.61981192593888,27.52238983939946,20.79264497852502,0.7355721226126987,74.38507398580317,-1,149716.382,,False,False,True,False,False,False,False,False,True,True
DOGE_USDT_67398962,DOGE/USDT,1h,SELL,2026-01-15 17:00:00+00:00,backtest,TP,3.4869,3.2869,True,22.0,atr,0.14113,0.13620896,2.0,-0.8952304787702102,0.8952,True,23.931662256347803,0.13105540854492675,0.3,-0.174583,26.433671240180022,-1.0,0.9229,,0.6126093610423231,False,,True,1.0,False,False,bearish,1,range,0.3,100.0,rising,4,moderate,0.14079,0.1423,0.14056,21105994.0,0.14255047139158877,0.14382662665911689,0.14393709707807012,0.143053463217757,0.14413028932502858,26.433671240180022,-0.0012761552675281118,-0.0010303594040198258,-0.00024579586350828597,-0.0001693646350059007,23.931662256347803,12.055783981111928,27.371018007170004,0.0016403477688083227,0.14556412245497347,-1,22868217.5,,False,False,False,True,False,False,False,False,True,True
DOGE_USDT_7f07149a,DOGE/USDT,1h,SELL,2026-01-16 15:00:00+00:00,backtest,SL,-1.3362,-1.5362,False,24.0,atr,0.13789,0.13973244,1.0,-1.0,1.0164,True,44.80297389303393,0.8267657964344644,0.8267657964344644,-0.149664,15.64025710138841,-1.0,4.5639,,1.0,False,,False,0.0,False,False,ranging,0,trend,0.8300495648838988,34.61538461538461,rising,5,moderate,0.13593,0.13823,0.13502,137654483.0,0.1379213113429181,0.13932314020679246,0.14123452215911425,0.1384902574408947,0.13966245422747173,15.64025710138841,-0.0014018288638743548,-0.0011983907675328599,-0.0002034380963414949,-7.552506721492753e-05,44.80297389303393,7.826369678259292,39.45816214212807,0.001228290274051318,0.13967334696227462,-1,30161601.299999997,,False,False,False,True,False,False,True,False,True,True
DOGE_USDT_82fa4b39,DOGE/USDT,1h,SELL,2026-01-18 14:00:00+00:00,backtest,TP,1.5075,1.3075,True,9.0,atr,0.137,0.1349347,1.51,-0.22478662032196636,0.2248,True,19.960036835149417,0.0,0.3,-0.017249,34.12939774781086,0.0,2.6414,,0.06653246362626333,True,bullish,True,0.8,False,False,bearish,2,compression,0.589041095890411,8.21917808219178,rising,3,weak,0.13671,0.13791,0.13661,36625358.0,0.1370581561430086,0.13736624454007806,0.13820637395698368,0.13715762932672532,0.13743186899408588,34.12939774781086,-0.00030808839706947255,-0.00028450765347696653,-2.3580743592506025e-05,-1.5223856798516656e-06,19.960036835149417,16.983209647984655,18.64652123864124,0.0006884322779266577,0.13840808987659098,-1,13865694.500000002,,False,False,False,True,False,False,True,False,True,False
DOGE_USDT_0fc33b14,DOGE/USDT,1h,SELL,2026-01-20 04:00:00+00:00,backtest,TP,6.6583,6.4583,True,134.0,structural,0.12781,0.1193,6.66,-0.4521586287428856,0.4522,True,40.035183024321356,0.6678394341440452,0.6678394341440452,-0.060582,35.11041563265548,0.0,0.8095,,0.6902319217073157,True,bearish,False,0.0,True,True,bullish,2,trend,0.7505863837386892,41.44144144144144,rising,4,moderate,0.12762,0.12817,0.1275,15124244.0,0.12836247605829235,0.12894287806985794,0.13154206026597806,0.1285746120749473,0.12907516587684373,35.11041563265548,-0.0005804020115655895,-0.0005030874876571967,-7.731452390839278e-05,-3.6123576193424726e-05,40.035183024321356,12.533718730428195,29.78951677311109,0.0010275223823013584,0.1302750428679955,-1,18683011.599999998,,False,False,False,True,False,False,False,False,True,True
DOGE_USDT_04e6b500,DOGE/USDT,1h,SELL,2026-02-04 21:00:00+00:00,backtest,TP,5.5244,5.3244,True,14.0,atr,0.10406,0.09831129,2.0,-1.0,1.1255,True,21.025929244813792,0.03419764149379307,0.3,-0.067581,36.40509480416049,0.0,0.9188,,0.6227515452070428,False,,True,1.0,True,True,bearish,1,range,0.3,89.54918032786885,falling,4,moderate,0.10303,0.10477,0.10228,35180374.0,0.10424936195237043,0.10542267899533829,0.10632065003063042,0.10459775108161912,0.10566194689487213,36.40509480416049,-0.0011733170429678585,-0.0011036882841764873,-6.962875879137128e-05,4.678091527791136e-06,21.025929244813792,14.187875535579996,29.756664165756067,0.0019162376745041065,0.10708923047864692,-1,38291186.45,,False,False,False,True,False,True,False,False,True,True
DOGE_USDT_a8424b2a,DOGE/USDT,1h,SELL,2026-02-05 17:00:00+00:00,backtest,TP,7.5965,7.3965,True,7.0,atr,0.09232,0.08530695,2.0,-1.0,3.3895,True,43.17815016143105,0.7726050053810349,0.7726050053810349,-0.717133,10.629505629126143,-1.0,1.5157,,1.0,False,,False,0.0,True,True,ranging,0,expansion,1.0,97.44094488188976,rising,5,moderate,0.09191,0.09456,0.09094,93179369.0,0.09617121287519677,0.09943092131420195,0.10277146292203004,0.09738870226811014,0.10018301344562215,10.629505629126143,-0.0032597084390051795,-0.0026005911547998606,-0.0006591172842053189,-0.0005232786648148111,43.17815016143105,7.325371677809149,37.22152009163418,0.002337683409642249,0.09894955774605872,-1,61476861.15,,False,False,False,True,False,False,True,False,True,True
DOGE_USDT_6307c348,DOGE/USDT,1h,SELL,2026-02-11 14:00:00+00:00,backtest,TP,3.6543,3.4543,True,1.0,structural,0.09194,0.08858021,2.09,-1.0,1.2954,True,42.10370412634196,0.736790137544732,0.736790137544732,-0.068912,22.878071045439786,-1.0,3.8922,,0.22503452004573177,False,,False,0.0,False,False,ranging,0,expansion,1.0,33.281972265023114,stable,5,moderate,0.08897,0.09248,0.08879,45865093.0,0.09007235117721349,0.0912391320966602,0.09303090798409812,0.09038730865641735,0.09146604530632622,22.878071045439786,-0.0011667809194467055,-0.0011054703522798122,-6.131056716689328e-05,-3.921581212508072e-06,42.10370412634196,16.968247634282932,22.594110635426226,0.0011199316572901795,0.0920243132394538,-1,11783914.75,,False,False,False,True,False,False,True,False,True,True
DOGE_USDT_529bbd8c,DOGE/USDT,1h,SELL,2026-02-11 16:00:00+00:00,backtest,SL,-1.9853,-2.1853,False,5.0,atr,0.09021,0.09200096,1.0,-1.0,1.3617,True,38.62885939181641,0.6209619797272138,0.6209619797272138,-0.061115,22.30658021768235,-1.0,1.5696,,0.14200561884057053,False,,False,0.0,False,False,ranging,0,expansion,1.0,43.625192012288785,rising,5,moderate,0.08888,0.09048,0.08876,21411090.0,0.08961685441584519,0.09083713396418198,0.09274280857194839,0.08982738424894382,0.09103284736060017,22.30658021768235,-0.0012202795483367973,-0.0011659606974935945,-5.431885084320278e-05,-6.666183958436165e-05,38.62885939181641,19.945239055778124,23.495379526792387,0.0011939716840920433,0.09169552892476508,-1,13641101.400000002,,False,False,False,True,False,False,True,False,True,True
DOGE_USDT_8add6446,DOGE/USDT,1h,SELL,2026-02-12 20:00:00+00:00,backtest,SL,-1.1407,-1.3407,False,2.0,structural,0.09117,0.09221,1.0,-0.28310684786795753,0.2831,True,24.402929218156533,0.14676430727188444,0.3,-0.334401,35.960002553431,0.0,0.7291,,0.21893662134574846,False,,True,1.0,False,False,ranging,0,range,0.3,37.11340206185567,falling,4,moderate,0.09087,0.09182,0.09063,11413727.0,0.09187706260183581,0.09213717285768154,0.09239061557559174,0.0921647947737889,0.09226389014344968,35.960002553431,-0.00026011025584572744,4.375990935946917e-05,-0.0003038701652051966,-0.00029479036162284903,24.402929218156533,15.514609537470134,20.988025071113846,0.0011382960648322962,0.09416296633200086,-1,15653648.899999999,,False,False,False,True,False,False,False,False,True,True
DOGE_USDT_327aa7bf,DOGE/USDT,1h,BUY,2026-02-14 11:00:00+00:00,backtest,TP,2.8169,2.6169,True,3.0,bos,0.09897,0.10175792,1.5,1.0,1.2907,True,38.43623519559195,0.6145411731863982,0.6145411731863982,0.269719,88.3537916582261,-1.0,3.5435,,1.0,True,bullish,False,0.0,False,False,bullish,1,compression,0.20612813370473548,15.87743732590529,rising,6,strong,0.10056,0.10087,0.09799,36383322.0,0.0980308344186659,0.09678171707053142,0.09505497693238188,0.09730821568114188,0.09640388877758456,88.3537916582261,0.0012491173481344875,0.0009778879651603936,0.00027122938297409385,6.205362988397642e-05,38.43623519559195,43.60093005360341,7.3623654351235785,0.0009293080349535774,0.09705941418578726,1,10267688.25,,False,False,True,False,False,False,True,True,False,True
DOGE_USDT_04b28253,DOGE/USDT,1h,BUY,2026-02-15 01:00:00+00:00,backtest,SL,-2.2807,-2.4807,False,11.0,atr,0.11292,0.11034462,1.0,1.0,4.3969,True,66.8995213927328,1.0,1.0,0.23086,86.5761888458172,-1.0,1.5616,,1.0,False,,False,0.0,False,False,ranging,0,expansion,1.0,79.78142076502732,stable,6,strong,0.11339,0.11366,0.11128,39547508.0,0.11027549998075101,0.10563103095575906,0.10016355134240346,0.10938564283239416,0.10485513405133497,86.5761888458172,0.004644469024991951,0.004382697360845166,0.00026177166414678536,0.0002786972522874189,66.8995213927328,48.89719969222334,3.8194025676248056,0.0017169198794634057,0.10775641859686642,1,25325443.099999998,,False,False,True,False,False,False,True,True,False,True
DOGE_USDT_1f4e50dd,DOGE/USDT,1h,SELL,2026-02-16 13:00:00+00:00,backtest,SL,-1.0843,-1.2843,False,27.0,structural,0.10237,0.10348,1.0,-1.0,1.3205,True,37.37333958674757,0.5791113195582523,0.5791113195582523,0.011334,32.64242659339687,0.0,3.1077,,0.7593381335323797,False,,False,0.0,False,False,bearish,1,range,0.3,75.13020833333334,falling,4,moderate,0.10006,0.10339,0.09965,70734060.0,0.1018997261047666,0.10324534145535412,0.1036510036120217,0.10242536213469991,0.10356387560088953,32.64242659339687,-0.0013456153505875257,-0.0013569558411756896,1.1340490588163934e-05,0.00022411262028014913,37.37333958674757,11.1621655117692,30.14561885007869,0.0016713417947115982,0.10528045425765145,-1,22760584.849999998,,False,False,False,True,False,False,True,False,True,True
DOGE_USDT_40ee3e21,DOGE/USDT,1h,SELL,2026-02-19 00:00:00+00:00,backtest,SL,-1.6204,-1.8204,False,39.0,atr,0.09821,0.09980136,1.0,-0.7951352451151783,0.7951,True,20.533136330647054,0.017771211021568454,0.3,-0.083137,30.847741580544202,0.0,0.3422,,0.45804642211776475,True,bullish,True,1.0,False,False,bearish,2,range,0.3,25.39298669891173,rising,4,moderate,0.0981,0.09862,0.09804,5623333.0,0.09868762024429652,0.09947232029542434,0.10038036224069036,0.09885551174266695,0.09960955232496677,30.847741580544202,-0.0007847000511278235,-0.0007031430876996852,-8.155696342813826e-05,-9.167597631420086e-05,20.533136330647054,13.227323077256598,24.678483630200716,0.001060909099639832,0.10089188112738391,-1,16432919.250000004,,False,False,False,True,False,False,False,False,True,True
DOGE_USDT_17b7056b,DOGE/USDT,1h,SELL,2026-02-23 18:00:00+00:00,backtest,TP,3.6563,3.4563,True,19.0,atr,0.09396,0.09052452,2.0,-0.37617739352389507,0.3762,True,31.12679279022937,0.37089309300764567,0.37089309300764567,-0.315777,34.75129160878102,0.0,0.7195,,0.6080733729229274,True,bearish,True,1.0,False,False,bullish,2,range,0.3,44.52709883103082,falling,4,moderate,0.09336,0.09438,0.09324,13879110.0,0.09471106444716679,0.09506734606078288,0.09614833217445967,0.09509708286064301,0.09523808066686117,34.75129160878102,-0.00035628161361608846,-6.147186986424087e-05,-0.0002948097437518476,-0.0002269308082298345,31.12679279022937,17.092808957237374,32.29464328031056,0.0011451611986243748,0.09687586359767827,-1,19288975.0,,False,False,False,True,False,False,False,False,True,True
DOGE_USDT_2a6a833d,DOGE/USDT,1h,SELL,2026-02-28 06:00:00+00:00,backtest,TP,3.5495,3.3495,True,1.0,atr,0.09216,0.0888888,2.0,-1.0,1.5315,True,46.681556038419615,0.8893852012806538,0.8893852012806538,-0.335926,11.839371111335485,-1.0,5.8134,,1.0,False,,False,0.0,False,False,ranging,0,expansion,1.0,36.892278360343184,rising,5,moderate,0.08864,0.09257,0.08818,87262219.0,0.09214903223368663,0.09356026521423866,0.09525902554348983,0.09315161287188282,0.09405229173566251,11.839371111335485,-0.0014112329805520268,-0.0011134684952626129,-0.00029776448528941396,6.390738883821725e-05,46.681556038419615,6.219864729872252,49.96614181706524,0.001090398619992052,0.09320191942517579,-1,15010439.650000002,,False,False,False,True,False,True,True,False,True,True
DOGE_USDT_8df4e161,DOGE/USDT,1h,SELL,2026-03-01 17:00:00+00:00,backtest,SL,-1.0787,-1.2787,False,8.0,structural,0.0927,0.0937,1.0,-0.24811379486944077,0.2481,True,22.402932657294095,0.08009775524313649,0.3,-0.257473,37.565574538223345,0.0,1.2215,,0.1723542358937064,True,bullish,True,0.8,False,False,bearish,2,range,0.3,67.15867158671587,falling,4,moderate,0.09225,0.09288,0.09166,14664261.0,0.09335769557422238,0.09358932889551425,0.09379833290920024,0.0936741800240002,0.09372326178506567,37.565574538223345,-0.0002316333212918631,5.885637470288404e-06,-0.0002375189587621515,-0.00017372687791683116,22.402932657294095,19.465126574784204,23.773982472126864,0.0013528155941742368,0.09569973480577786,-1,12005068.900000002,,False,False,False,True,False,False,False,False,True,True
DOGE_USDT_24e234f9,DOGE/USDT,1h,BUY,2026-03-04 15:00:00+00:00,backtest,TP,4.8684,4.6684,True,2.0,atr,0.09597,0.10064223,2.0,1.0,2.1227,True,22.14952336305437,0.07165077876847903,0.3,0.758098,87.6224782372325,-1.0,2.5617,,1.0,False,,False,0.0,False,False,ranging,0,expansion,1.0,78.24956672443673,rising,6,strong,0.09895,0.09911,0.09513,42242689.0,0.09418858264696649,0.09223075996074775,0.09185473023257429,0.0928281776889569,0.09155883595682254,87.6224782372325,0.0019578226862187326,0.0012076851365238847,0.0007501375496948479,0.0004367253704578997,22.14952336305437,44.597923896173405,11.355159483268684,0.0015574116182333322,0.09293052272789168,1,16490127.099999998,,False,False,True,False,False,False,True,True,False,True
DOGE_USDT_d899813d,DOGE/USDT,1h,BUY,2026-03-04 17:00:00+00:00,backtest,SL,-2.6288,-2.8288,False,5.0,atr,0.10177,0.0990947,1.0,1.0,3.3113,True,28.28968918658487,0.2763229728861623,0.3,0.961976,90.86144321142214,-1.0,2.4179,,1.0,False,,False,0.0,False,False,ranging,0,expansion,1.0,86.50519031141869,rising,6,strong,0.1018,0.1033,0.09948,47781449.0,0.09681013024322664,0.09370723963698162,0.09247562288207481,0.09538445316986283,0.09289796360067978,90.86144321142214,0.0031028906062450234,0.0021235990559107442,0.0009792915503342792,0.0008525362884394384,28.28968918658487,50.11345204256325,8.549604279500503,0.0017835334871501697,0.09647227340959226,1,19761448.2,,False,False,True,False,False,False,True,True,False,True
DOGE_USDT_f9aa0920,DOGE/USDT,1h,BUY,2026-03-09 19:00:00+00:00,backtest,TP,3.7483,3.5483,True,13.0,atr,0.09065,0.0940478,2.0,0.4837486307361433,0.4837,True,20.97758467397296,0.03258615579909865,0.3,-0.032813,57.55962830982468,0.0,2.6579,,0.5772763070033511,True,bullish,True,1.0,False,False,bearish,2,range,0.3,43.50547730829421,falling,5,moderate,0.09124,0.09278,0.09061,37639058.0,0.09104932661483028,0.09061099715678796,0.09043138623756854,0.09099484850478179,0.09054809687246675,57.55962830982468,0.0004383294580423275,0.0004682679882887261,-2.9938530246398625e-05,-3.6485621096882584e-05,20.97758467397296,27.662919949335286,13.231012274251508,0.0011326000131963835,0.08879241840774067,1,14161085.950000001,,False,False,True,False,False,False,True,True,False,True
DOGE_USDT_243efc58,DOGE/USDT,1h,BUY,2026-03-10 08:00:00+00:00,backtest,TP,3.4492,3.2492,True,5.0,bos,0.09287,0.09607325,3.45,0.6968966332372308,0.6969,True,31.296898174364895,0.3765632724788298,0.3765632724788298,0.1948,71.72134255726752,0.0,2.3002,,1.0,True,bullish,True,0.8,False,False,bullish,1,trend,0.6049483029060816,32.84275755228505,rising,6,strong,0.0935,0.09411,0.09218,35111997.0,0.09204182991570842,0.09140483271390906,0.09086884446377456,0.09162520989162512,0.09119531598529997,71.72134255726752,0.0006369972017993553,0.00045485946432722663,0.00018213773747212863,6.610331073399217e-05,31.296898174364895,35.366855536144136,9.946821150784602,0.0010677508957983707,0.09045143890966179,1,15264951.949999997,,False,False,True,False,False,False,True,True,False,True
DOGE_USDT_33b06f8c,DOGE/USDT,1h,BUY,2026-03-13 01:00:00+00:00,backtest,TP,3.6482,3.4482,True,10.0,bos,0.09681,0.10034184,2.36,0.9623509929137624,0.9624,True,22.35468560151859,0.07848952005061965,0.3,0.278453,73.55642768087078,-1.0,0.2948,,0.8683668937896263,True,bullish,True,1.0,False,False,bullish,1,range,0.3,50.14749262536873,rising,5,moderate,0.09704,0.09718,0.09622,16843032.0,0.09538322112462798,0.09447404917435276,0.09367768575456303,0.09490985573166455,0.09421745409178804,73.55642768087078,0.0009091719502752199,0.0006389615061246294,0.00027021044415059055,0.00018854535582717418,22.35468560151859,30.764492665128756,9.0553203203881,0.0011772795369941829,0.09365940992575005,1,57136582.45,,False,False,True,False,False,False,False,True,False,True
DOGE_USDT_c34df4ac,DOGE/USDT,1h,BUY,2026-03-13 11:00:00+00:00,backtest,SL,-2.0091,-2.2091,False,3.0,bos,0.09956,0.09755975,1.0,1.0,1.5939,True,34.97520645937412,0.49917354864580404,0.49917354864580404,0.293607,79.74898890276667,-1.0,0.5325,,1.0,True,bullish,False,0.0,False,False,bullish,1,trend,0.6662534409895686,50.43923865300146,rising,5,moderate,0.10002,0.10041,0.09892,30652756.0,0.09796566541292193,0.09642871424654159,0.09482718376512081,0.09737871267375676,0.09606958567119575,79.74898890276667,0.0015369511663803348,0.001243285322575317,0.00029366584380501786,0.0002126746018882061,34.97520645937412,34.752679623972966,7.465860587596631,0.0011775516597075982,0.09666299634786948,1,57561969.699999996,,False,False,True,False,False,False,False,True,False,True
DOGE_USDT_1f2b665c,DOGE/USDT,1h,BUY,2026-03-23 17:00:00+00:00,backtest,TP,3.8947,3.6947,True,43.0,atr,0.09411,0.09777531,2.0,1.0,1.3109,True,38.450858009208595,0.6150286003069532,0.6150286003069532,0.314139,72.38361302165909,-1.0,0.6911,,1.0,False,,True,1.0,True,True,ranging,0,trend,0.7241809668201432,59.739454094292796,rising,5,moderate,0.09493,0.095,0.09376,12104335.0,0.09349960564392087,0.09228982117076513,0.09224848347768508,0.09309092154218397,0.09202580328784164,72.38361302165909,0.0012097844731557422,0.0009115723469790508,0.00029821212617669145,0.0003026519704516238,38.450858009208595,39.20900645355005,12.916552019291316,0.00122176882495656,0.0912913604975544,1,17515087.400000002,,False,False,True,False,False,False,False,True,False,True
DOGE_USDT_d9798414,DOGE/USDT,1h,BUY,2026-04-01 06:00:00+00:00,backtest,SL,-1.7284,-1.9284,False,2.0,bos,0.09396,0.092336,1.0,0.6950004817296958,0.695,True,20.012667595678746,0.00042225318929152894,0.3,0.203244,72.0776367789422,-1.0,1.3862,,0.8034249285393774,True,bullish,True,0.8,False,False,bearish,2,range,0.3,24.27077600440286,rising,5,moderate,0.09423,0.09438,0.09315,18154597.0,0.09277466981440163,0.09213433573718971,0.09176509220543141,0.09235886118994496,0.09192476931090868,72.0776367789422,0.0006403340772119237,0.00044881768859112516,0.00019151638862079855,8.103238475555991e-05,20.012667595678746,32.398428405698056,12.31280519221362,0.0008715733216876603,0.09158122205681259,1,13096732.549999999,,False,False,True,False,False,False,False,True,False,True
DOGE_USDT_61b4f2d9,DOGE/USDT,1h,BUY,2026-04-01 14:00:00+00:00,backtest,SL,-1.0,-1.2,False,11.0,structural,0.09269,0.0917631,1.0,0.24702264862235063,0.247,True,20.70473060429446,0.023491020143148706,0.3,-0.053142,55.81020344573145,0.0,0.8153,,0.3434424967894723,True,bullish,True,0.8,False,False,bullish,1,range,0.3,22.684931506849317,falling,4,moderate,0.09281,0.09301,0.09226,9133795.0,0.09259064937932746,0.09236249310253195,0.09196764228040408,0.09252797777342102,0.09231774241278515,55.81020344573145,0.00022815627679551032,0.00027747766387664435,-4.932138708113403e-05,-9.190299678133991e-05,20.70473060429446,24.431972685603903,15.845910265867095,0.0008573096233914898,0.09158122205681259,1,11203161.3,,False,False,True,False,False,False,False,True,False,True
DOGE_USDT_a01d8767,DOGE/USDT,1h,SELL,2026-04-02 17:00:00+00:00,backtest,SL,-1.3708,-1.5708,False,19.0,atr,0.09044,0.09167979,1.0,-0.5297244409790014,0.5297,True,20.82444671047744,0.027481557015914624,0.3,0.077872,39.13916085294302,0.0,0.897,,0.11192952143939763,False,,True,1.0,False,False,bearish,1,range,0.3,20.464362850971924,falling,3,weak,0.0897,0.09076,0.08965,12909296.0,0.0900287991904458,0.0905057037436775,0.09118460835455909,0.09012274181628746,0.09058627411804525,39.13916085294302,-0.0004769045532316968,-0.0005467558017900498,6.985124855835305e-05,0.00011814912431143821,20.82444671047744,17.852212795069896,20.650450831054837,0.0008265251036554228,0.09115756190443045,-1,14391398.3,,False,False,False,True,False,False,False,False,True,True
DOGE_USDT_f18350f7,DOGE/USDT,1h,BUY,2026-04-09 22:00:00+00:00,backtest,SL,-1.2836,-1.4836,False,1.0,atr,0.09408,0.09287236,1.0,0.5514668130778164,0.5515,True,24.675643923263003,0.1558547974421001,0.3,0.136745,59.77276625339231,0.0,1.3788,,0.6393183772669319,False,,True,1.0,False,False,ranging,0,range,0.3,25.08641975308642,rising,5,moderate,0.09341,0.09498,0.09322,16531775.0,0.09325427812943264,0.09274283218840514,0.09257006900361346,0.0932097861664134,0.09267611540724566,59.77276625339231,0.0005114459410275052,0.0003837128004226752,0.00012773314060482996,0.0002138245290474823,24.675643923263003,28.05321689058993,12.070257458916632,0.0008050947471353692,0.09213262137825111,1,11990257.7,,False,False,True,False,False,False,False,True,False,True
DOGE_USDT_b77201a8,DOGE/USDT,1h,BUY,2026-04-10 19:00:00+00:00,backtest,SL,-1.2499,-1.4499,False,2.0,atr,0.09515,0.0939607,1.0,0.6520651562620097,0.6521,True,26.591992784403608,0.2197330928134536,0.3,0.209288,71.97410225649648,0.0,2.4645,,0.9864524923968903,False,,False,0.0,False,False,ranging,0,trend,0.5265332130733935,23.80254154447703,rising,6,strong,0.09503,0.09523,0.09409,28916030.0,0.09380535307348375,0.09319764371237813,0.09281565649828753,0.09345545395162197,0.09301440808361594,71.97410225649648,0.0006077093611056295,0.00040882256747598687,0.0001988867936296426,0.00013166669734486367,26.591992784403608,32.63928571360997,7.977973403687716,0.0007928687175848041,0.0926327043628723,1,11732935.949999997,,False,False,True,False,False,False,True,True,False,True
DOGE_USDT_13d77b06,DOGE/USDT,1h,BUY,2026-04-15 19:00:00+00:00,backtest,TP,2.844,2.644,True,21.0,atr,0.09529,0.098,2.21,0.6957493915375816,0.6957,True,24.96534370855531,0.16551145695184363,0.3,0.293749,76.64694730769824,-1.0,2.2877,,1.0,False,,True,0.8,True,True,ranging,0,range,0.3,30.1477377654663,rising,6,strong,0.09606,0.09673,0.09508,35020324.0,0.0945938419278425,0.09394025318787896,0.0934252100111603,0.09417493962151179,0.09372827850666686,76.64694730769824,0.0006535887399635315,0.0003714130048633039,0.0002821757351002276,0.0002163359775317361,24.96534370855531,37.59684896653325,10.574578041743846,0.0008170015773865867,0.09384063201801197,1,15307798.8,,False,False,True,False,False,False,True,True,False,True
DOGE_USDT_2e2da40b,DOGE/USDT,1h,SELL,2026-04-18 18:00:00+00:00,backtest,TP,2.7362,2.5362,True,28.0,atr,0.09534,0.09273127,2.0,-1.0,1.2902,True,33.032455505679366,0.4344151835226455,0.4344151835226455,-0.121756,18.787223371118145,-1.0,1.5647,,1.0,False,,False,0.0,False,False,ranging,0,trend,0.6338742584279894,34.37639696021457,rising,5,moderate,0.09445,0.0955,0.09426,25420536.0,0.09572449812656707,0.096959510246335,0.09739551586415617,0.09608864044844337,0.09721046127096851,18.787223371118145,-0.0012350121197679392,-0.0011200131070470745,-0.00011499901272086469,-5.930722183849872e-05,33.032455505679366,9.978410666871653,36.250016966935156,0.0008695776375326773,0.09694686937931567,-1,16245929.600000003,,False,False,False,True,False,False,True,False,True,True
DOGE_USDT_bb07473d,DOGE/USDT,1h,SELL,2026-04-19 22:00:00+00:00,backtest,SL,-1.3779,-1.5779,False,6.0,atr,0.09314,0.09442333,1.0,-0.5281217926859803,0.5281,True,26.868061087100223,0.22893536957000743,0.3,-0.125788,30.245662974090138,0.0,1.8191,,0.6008440595278562,True,bullish,True,1.0,False,False,bearish,2,trend,0.5311343514516704,33.42163355408388,rising,5,moderate,0.09307,0.09378,0.09254,33897200.0,0.09399637082464768,0.09449278614330657,0.09551204562684174,0.09426104820311844,0.09463506475763724,30.245662974090138,-0.000496415318658891,-0.0003793441711079593,-0.00011707114755093171,-5.320795718630341e-05,26.868061087100223,14.322803144097433,29.34390463229384,0.0008555542263691257,0.09533474057146872,-1,18633975.35,,False,False,False,True,False,False,True,False,True,True
DOGE_USDT_3cad71e9,DOGE/USDT,1h,SELL,2026-04-27 17:00:00+00:00,backtest,SL,-1.1615,-1.3615,False,6.0,atr,0.09758,0.09871338,1.0,-0.424653052684623,0.4247,True,20.89506739218925,0.029835579739641696,0.3,-0.062923,42.117439831294135,0.0,1.6826,,0.34289214972267557,True,bullish,True,1.0,False,False,bearish,2,range,0.3,24.75530179445351,rising,5,moderate,0.09771,0.09794,0.09742,40036465.0,0.0979142968107448,0.09833009286116631,0.0983646514892605,0.09797266732810046,0.09839210214728294,42.117439831294135,-0.00041579605042151024,-0.0003543136104959679,-6.148243992554236e-05,-9.586242864928534e-05,20.89506739218925,17.08427217271097,25.65657591577786,0.0007555892757878673,0.09945101442833999,-1,23794720.95,,False,False,False,True,False,False,True,False,True,True
DOGE_USDT_13b49ab8,DOGE/USDT,1h,BUY,2026-04-29 07:00:00+00:00,backtest,TP,2.8423,2.6423,True,1.0,bos,0.10215,0.10505346,1.67,1.0,1.3113,True,25.261338314587732,0.17537794381959107,0.3,0.41524,87.542976596155,-1.0,5.2486,,1.0,True,bullish,False,0.0,False,False,bullish,1,expansion,1.0,48.795180722891565,rising,6,strong,0.10488,0.10542,0.10201,124568886.0,0.10194653352308064,0.10062700673943314,0.09960395682283492,0.10110840024396081,0.10020170741337647,87.542976596155,0.0013195267836474955,0.0008840231537792747,0.0004355036298682208,0.00024042149173917368,25.261338314587732,47.16598515619096,8.428123883940248,0.0009678184235927209,0.10105834519956097,1,23733536.8,,False,False,True,False,False,False,True,True,False,True
DOGE_USDT_e77fd186,DOGE/USDT,1h,BUY,2026-04-30 00:00:00+00:00,backtest,TP,7.2469,7.0469,True,97.0,structural,0.10432,0.11188,2.93,0.6180071257118943,0.618,True,23.614855711627644,0.12049519038758814,0.3,0.312246,67.44083443106253,0.0,0.825,,0.8363185951987505,True,bullish,False,0.0,True,True,bullish,1,range,0.3,93.73753490227364,rising,5,moderate,0.10793,0.10824,0.10389,39000115.0,0.10440341703016502,0.10376215949071983,0.10201654639936127,0.10339582189592646,0.10334537543979182,67.44083443106253,0.0006412575394451892,0.0003042499304651108,0.00033700760898007834,-8.529966984043203e-05,23.614855711627644,39.29100356561654,18.38303868564778,0.0017966978936538598,0.10125439477947334,1,47271195.0,,False,False,True,False,True,False,False,True,False,True
DOGE_USDT_6d54860a,DOGE/USDT,1h,BUY,2026-05-06 02:00:00+00:00,backtest,SL,-1.4577,-1.6577,False,11.0,atr,0.11556,0.11387552,1.0,1.0,1.0235,True,29.961573663720987,0.3320524554573662,0.3320524554573662,0.055675,73.77253360913113,-1.0,1.8877,,0.6662743857423646,False,,False,0.0,False,False,ranging,0,range,0.3,63.3245382585752,falling,6,strong,0.11558,0.11558,0.11442,46317576.0,0.11460716126163162,0.113445986369289,0.11184467365190409,0.1143292073363835,0.11323258500621791,73.77253360913113,0.0011611748923426174,0.001096826186123966,6.434870621865136e-05,3.197049715095461e-05,29.961573663720987,28.42393285476987,11.767073211210755,0.001122989842086316,0.11278995054443464,1,24536460.500000004,,False,False,True,False,False,False,True,True,False,True
DOGE_USDT_0f767dab,DOGE/USDT,1h,BUY,2026-05-10 19:00:00+00:00,backtest,SL,-1.0339,-1.2339,False,1.0,atr,0.11096,0.10981284,1.0,0.6054675959310036,0.6055,True,20.659642683727835,0.021988089457594503,0.3,0.282886,79.54131306915042,-1.0,0.6073,,0.731865169983347,False,,True,0.8,False,False,ranging,0,range,0.3,26.89804772234273,rising,5,moderate,0.11104,0.11148,0.11027,15007176.0,0.10992756424516043,0.10926599405776874,0.10915287441528075,0.1096097254580634,0.10908859346354562,79.54131306915042,0.0006615701873916857,0.0003474531111067509,0.0003141170762849348,0.0003307374215534982,20.659642683727835,33.87376887535095,15.57713962576727,0.0007647721663876451,0.10920076862998573,1,24713211.200000003,,False,False,True,False,False,False,False,True,False,True
DOGE_USDT_682e3137,DOGE/USDT,1h,BUY,2026-05-10 22:00:00+00:00,backtest,SL,-1.0,-1.2,False,40.0,structural,0.10903,0.1079397,1.0,0.4315659814826592,0.4316,True,20.49463141322681,0.016487713774226975,0.3,0.11781,65.55952897022003,0.0,1.694,,0.3065337581028327,False,,True,0.8,True,True,ranging,0,expansion,1.0,79.99277717587576,falling,6,strong,0.11183,0.11208,0.10806,49092638.0,0.1097803217230316,0.109308583063688,0.10917410063392725,0.10919469935818346,0.1090564413700568,65.55952897022003,0.00047173865934359294,0.00033999221142222,0.00013174644792137292,-0.00013586099933486694,20.49463141322681,33.48064317178996,25.81729921921914,0.0013022064320530817,0.10625542529813364,1,28979454.2,,False,False,True,False,True,False,True,True,False,True
DOGE_USDT_93643c0d,DOGE/USDT,1h,BUY,2026-05-13 07:00:00+00:00,backtest,SL,-1.2456,-1.4456,False,6.0,atr,0.11206,0.11066423,1.0,0.7200531185148779,0.7201,True,23.684657420091256,0.12282191400304185,0.3,0.113212,71.12298983285989,0.0,1.622,,0.38182912444579536,False,,False,0.0,False,False,bearish,1,range,0.3,45.25831564048124,rising,6,strong,0.11222,0.11234,0.11135,23457526.0,0.11153609679892305,0.11073871919793489,0.1102203827212928,0.11134069588432963,0.11059059111772837,71.12298983285989,0.0007973776009881639,0.0006703312828407184,0.00012704631814744547,0.00014329664283426044,23.684657420091256,21.885143712981726,12.339415601836842,0.0009305125959351084,0.10977618760085009,1,14462291.799999999,,False,False,True,False,False,False,True,True,False,True
DOGE_USDT_9c8e1931,DOGE/USDT,1h,BUY,2026-05-13 17:00:00+00:00,backtest,TP,3.7047,3.5047,True,25.0,atr,0.11257,0.11674039,2.0,0.33550520167645,0.3355,True,20.670773923836524,0.02235913079455081,-0.3,-0.018016,58.47074625127772,0.0,1.0054,,0.16217768549743583,False,,True,1.0,False,False,ranging,0,range,0.3,84.44992947813822,falling,3,weak,0.11309,0.11328,0.11194,29768918.0,0.11191758615979992,0.11154335241033894,0.11080052538348915,0.11158261077688562,0.11138868765137284,58.47074625127772,0.000374233749460981,0.0003946085698519578,-2.037482039097681e-05,-0.0002108728545346668,20.670773923836524,20.923322639221077,16.86888050178518,0.001390129058873073,0.11418989133198792,-1,29607816.35,,False,False,True,False,False,False,False,False,True,True
DOGE_USDT_08534775,DOGE/USDT,1h,SELL,2026-05-16 09:00:00+00:00,backtest,SL,-1.5411,-1.7411,False,25.0,atr,0.10984,0.11153273,1.0,-1.0,1.127,True,32.09811824883506,0.4032706082945019,0.4032706082945019,-0.239113,20.611797516348833,-1.0,1.7866,,1.0,False,,False,0.0,False,False,bearish,1,trend,0.6183019708139176,63.58620689655172,rising,5,moderate,0.10921,0.1102,0.10871,27720724.0,0.11073696990558798,0.11198496513256288,0.11283748546543113,0.11117324702147027,0.11226246164581917,20.611797516348833,-0.001247995226974899,-0.0009868601199371238,-0.00026113510703777514,-0.0002329220579306609,32.09811824883506,8.149719491620678,39.2249331505465,0.001128489513558067,0.11217034892956246,-1,15515776.700000003,,False,False,False,True,False,False,True,False,True,True
DOGE_USDT_dc4647dc,DOGE/USDT,1h,SELL,2026-05-18 06:00:00+00:00,backtest,TP,3.5933,3.3933,True,114.0,atr,0.10495,0.10117883,2.0,-1.0,1.4744,True,31.789897901390688,0.39299659671302295,0.39299659671302295,-0.30445,18.60501149748877,-1.0,2.1569,,1.0,False,,False,0.0,False,False,bearish,1,expansion,1.0,75.95925297113753,rising,5,moderate,0.10462,0.10619,0.10364,53098428.0,0.10670598290324128,0.10827922484999244,0.10973524558116733,0.10730197801845308,0.10864514733499168,18.60501149748877,-0.0015732419467511666,-0.0012547267731481335,-0.0003185151736030331,-0.00024770013019198914,31.789897901390688,9.843803087378113,39.65757015233799,0.0012570560989864344,0.10828624104318042,-1,24618113.449999996,,False,False,False,True,False,False,True,False,True,True
DOGE_USDT_ee931e1a,DOGE/USDT,1h,SELL,2026-05-23 00:00:00+00:00,backtest,TP,3.0762,2.8762,True,7.0,atr,0.10155,0.09842615,2.0,-1.0,1.063,True,30.49011634953381,0.3496705449844603,0.3496705449844603,-0.371074,22.69678038480111,-1.0,1.8543,,1.0,True,bullish,True,1.0,False,False,bearish,2,expansion,1.0,54.46224256292906,rising,5,moderate,0.10128,0.10233,0.10068,38326252.0,0.10333615358565441,0.10443460657976347,0.10482756808773326,0.10392362603869854,0.10475006723773982,22.69678038480111,-0.0010984529941090587,-0.0007226291561209558,-0.0003758238379881029,-0.0002917239619143764,30.49011634953381,7.371815827022282,39.79422279419595,0.0010412841874523223,0.10431114393314123,-1,20668635.700000003,,False,False,False,True,False,False,True,False,True,True
DOGE_USDT_f2384167,DOGE/USDT,1h,SELL,2026-05-23 07:00:00+00:00,backtest,SL,-1.6076,-1.8076,False,11.0,atr,0.10093,0.1025526,1.0,-1.0,1.5881,True,47.37223333274504,0.912407777758168,0.912407777758168,-0.230555,15.562790229530624,-1.0,3.5486,,1.0,True,bullish,True,0.8,False,False,bearish,2,expansion,1.0,59.1976516634051,rising,5,moderate,0.0989,0.10095,0.09695,94094980.0,0.10111917849193475,0.10272500949971829,0.10397154718940464,0.10175322948963039,0.10310751044969012,15.562790229530624,-0.0016058310077835397,-0.0013778124793394316,-0.0002280185284441081,-9.047774494234809e-05,47.37223333274504,4.518614612101957,52.46853676994949,0.0010817346526891215,0.10185838685417525,-1,26516187.85,,False,False,False,True,False,False,True,False,True,True
DOGE_USDT_2cc6de6d,DOGE/USDT,1h,SELL,2026-05-28 02:00:00+00:00,backtest,TP,2.6532,2.4532,True,2.0,atr,0.10053,0.09786274,2.0,-0.465973563664855,0.466,True,21.024709528455823,0.03415698428186076,0.3,-0.114416,34.782990815521536,0.0,0.7276,,0.6607148001924952,True,bullish,True,0.8,False,False,bearish,2,range,0.3,42.565231059415275,rising,4,moderate,0.10015,0.1006,0.10012,10244982.0,0.10069451634808323,0.10116372617432548,0.10156362450407558,0.10085009244753557,0.10126509879175803,34.782990815521536,-0.0004692098262422534,-0.00035462245760949074,-0.00011458736863276264,-0.00011767757092935615,21.024709528455823,13.069690358578503,29.58756036339088,0.0008890865312986206,0.102552612885031,-1,14081274.800000003,,False,False,False,True,False,False,False,False,True,True
DOGE_USDT_c69d29ec,DOGE/USDT,1h,SELL,2026-05-28 04:00:00+00:00,backtest,SL,-1.5367,-1.7367,False,12.0,atr,0.09791,0.09941456,1.0,-0.9470903637545587,0.9471,True,26.40734146051298,0.21357804868376604,0.3,-0.309996,21.45419350867923,-1.0,1.885,,1.0,True,bullish,True,0.8,False,False,bearish,2,trend,0.5234556910085497,52.748978950675465,rising,5,moderate,0.09817,0.09827,0.09704,31631111.0,0.09970236174143304,0.10064663320192187,0.10132658451973355,0.1001401793818425,0.10089429652211407,21.45419350867923,-0.0009442714604888242,-0.0006399487213830642,-0.00030432273910576,-0.00026632978844138666,26.40734146051298,9.989004026185304,43.448054306422726,0.0010030388968850343,0.10028239979318758,-1,16780707.3,,False,False,False,True,False,False,True,False,True,True
DOGE_USDT_b04cb6a6,DOGE/USDT,1h,SELL,2026-06-02 14:00:00+00:00,backtest,TP,2.9004,2.7004,True,1.0,atr,0.09806,0.09521584,2.0,-0.8285622327503344,0.8286,True,33.538687891044745,0.4512895963681582,0.4512895963681582,-0.288481,21.643759659113396,-1.0,5.2577,,1.0,False,,False,0.0,False,False,ranging,0,expansion,1.0,49.16993661334138,rising,5,moderate,0.09625,0.09849,0.09531,75503022.0,0.09837796474258614,0.09919308740379165,0.09975759076703333,0.09898595466903932,0.09948739614417082,21.643759659113396,-0.0008151226612055085,-0.0005374601651924357,-0.00027766249601307276,-0.00010281255794559568,33.538687891044745,7.279439381710902,44.42396026755108,0.0009480517778295858,0.09939829881703327,-1,14360519.0,,False,False,False,True,False,False,True,False,True,True
DOGE_USDT_e45bd190,DOGE/USDT,1h,SELL,2026-06-02 22:00:00+00:00,backtest,TP,4.1581,3.9581,True,27.0,atr,0.09356,0.08966967,2.0,-1.0,2.1547,True,54.15363543462623,1.0,1.0,-0.269382,16.684608080756064,-1.0,2.1702,,1.0,False,,False,0.0,False,False,ranging,0,expansion,1.0,80.93947606142729,rising,5,moderate,0.09218,0.09422,0.09177,48681630.0,0.09447005872307965,0.09650557284052608,0.09837075188363004,0.09512436121538811,0.09693813012457869,16.684608080756064,-0.0020355141174464297,-0.0017871977908935277,-0.00024831632655290207,-0.00015072928157350068,54.15363543462623,5.243251281384661,46.46644207524448,0.0012967764513861929,0.09652474227851461,-1,22432333.800000004,,False,False,False,True,False,False,True,False,True,True
DOGE_USDT_75fc004b,DOGE/USDT,1h,SELL,2026-06-04 01:00:00+00:00,backtest,TP,4.6412,4.4412,True,1.0,atr,0.09027,0.08608038,2.0,-1.0,1.4651,True,53.86792311703615,1.0,1.0,-0.358701,24.465396115040484,-1.0,2.6812,,1.0,False,,False,0.0,True,True,ranging,0,expansion,1.0,85.69295101553166,rising,5,moderate,0.08843,0.09105,0.08816,35167272.0,0.09108464278598724,0.09241909179064985,0.09471472839681205,0.09184311215341218,0.09281800096971483,24.465396115040484,-0.001334449004662605,-0.0010172494494918463,-0.00031719955517075875,-0.00011623914439619072,53.86792311703615,7.463710493199209,36.85205617398824,0.0013965404453996843,0.09333352836364069,-1,13116481.699999997,,False,False,False,True,False,False,True,False,True,True
DOGE_USDT_807f354b,DOGE/USDT,1h,SELL,2026-06-05 05:00:00+00:00,backtest,TP,4.8859,4.6859,True,1.0,atr,0.08632,0.08210248,2.0,-1.0,1.4602,True,43.55704315512077,0.7852347718373591,0.7852347718373591,-0.243501,30.121457299427593,0.0,2.0444,,0.7617390077265935,False,,False,0.0,False,False,ranging,0,trend,0.8092840525853462,85.78199052132702,rising,5,moderate,0.08505,0.087,0.08485,25534059.0,0.08675334260887044,0.08802009134069615,0.0905470467480902,0.08724001192569056,0.08831710047476576,30.121457299427593,-0.0012667487318257092,-0.0010596507448696303,-0.00020709798695607898,-0.00012098679768361514,43.55704315512077,9.852343119206168,28.895818312371006,0.001405838361007907,0.08946936788964285,-1,12489620.399999999,,False,False,False,True,False,False,True,False,True,True
DOGE_USDT_c34a9ce1,DOGE/USDT,1h,SELL,2026-06-05 13:00:00+00:00,backtest,TP,5.7507,5.5507,True,6.0,atr,0.08411,0.07927312,2.0,-1.0,2.1098,True,52.200510825877195,1.0,1.0,-0.182753,28.478266206156405,0.0,2.0601,,1.0,False,,False,0.0,False,False,bearish,1,range,0.3,92.05082742316785,stable,5,moderate,0.082,0.08487,0.08195,32526710.0,0.08399279960917254,0.08576489906881728,0.08886097147599926,0.08456217092607897,0.08614138897569901,28.478266206156405,-0.0017720994596447381,-0.0016222421304696256,-0.0001498573291751125,-3.190458373796825e-05,52.200510825877195,5.979813859299024,31.714648963230733,0.001612294526931659,0.08734317095907572,-1,15788656.049999999,,False,False,False,True,False,False,True,False,True,True
DOGE_USDT_059cf8a1,DOGE/USDT,1h,BUY,2026-06-07 23:00:00+00:00,backtest,SL,-1.0,-1.2,False,2.0,bos,0.08584,0.0849816,1.0,0.7387801823282674,0.7388,True,22.09890486102861,0.06996349536762038,0.3,0.158031,68.41230309538686,0.0,0.7419,,0.6458081533163488,True,bullish,False,0.0,False,False,bullish,1,range,0.3,65.95002905287623,rising,5,moderate,0.08621,0.0864,0.08542,9245572.0,0.08482446646577399,0.08420239585217254,0.0840142672457676,0.08442859974170942,0.08400163543738981,68.41230309538686,0.0006220706136014498,0.0004858323959799147,0.00013623821762153506,9.251017150465886e-06,22.09890486102861,32.2551978671832,16.10999403427448,0.00113236463808078,0.08301491785851257,1,12461738.05,,False,False,True,False,False,False,False,True,False,True
DOGE_USDT_3b141307,DOGE/USDT,1h,BUY,2026-06-08 12:00:00+00:00,backtest,SL,-1.7647,-1.9647,False,26.0,atr,0.08583,0.08431537,1.0,0.6911878102797964,0.6912,True,20.08734336363166,0.0029114454543886837,0.3,0.103782,65.26701724587434,0.0,1.378,,0.5117882584047678,True,bullish,False,0.0,False,False,bullish,1,range,0.3,53.285094066570196,rising,5,moderate,0.08674,0.08694,0.08579,13524173.0,0.0858927799902412,0.08530317484393823,0.08465007334928219,0.08565071713031011,0.08515949232833206,65.26701724587434,0.0005896051463029628,0.0004995850284682363,9.002011783472647e-05,3.664983242717871e-05,20.08734336363166,27.72727883930582,14.932572379186626,0.0010097511080766276,0.08388130544663654,1,9814597.25,,False,False,True,False,False,False,False,True,False,True
DOGE_USDT_07d807be,DOGE/USDT,1h,BUY,2026-06-11 17:00:00+00:00,backtest,TP,3.0485,2.8485,True,12.0,structural,0.0846,0.08717902,3.05,0.5566368390955211,0.5566,True,20.97069664908918,0.032356554969639365,0.3,0.119555,73.97152507686906,-1.0,3.098,,0.7474390933539447,True,bullish,False,0.0,False,False,bullish,1,expansion,1.0,38.90147225368064,stable,6,strong,0.0867,0.08683,0.08435,28102426.0,0.08526953227264901,0.0847975180485521,0.08460725635102391,0.08486082720769159,0.0846072698534073,73.97152507686906,0.0004720142240969144,0.00036835973381908467,0.00010365449027782974,-6.297513439588586e-05,20.97069664908918,30.515664223292863,11.829686889444247,0.0008596738463680451,0.08339048268338851,1,9071205.05,,False,False,True,False,True,False,True,True,False,True
DOGE_USDT_fcfb2e89,DOGE/USDT,1h,SELL,2026-06-18 15:00:00+00:00,backtest,SL,-1.5261,-1.7261,False,94.0,atr,0.08356,0.08483523,1.0,-1.0,1.0958,True,39.757735817574826,0.6585911939191609,0.6585911939191609,-0.271871,19.36389585433174,-1.0,3.8683,,1.0,False,,False,0.0,False,False,bearish,1,expansion,1.0,39.318550567874524,rising,5,moderate,0.08194,0.08386,0.08182,38738393.0,0.08393452786086768,0.08485432349662464,0.08597323384797598,0.08450439296397273,0.08514575584628711,19.36389585433174,-0.000919795635756962,-0.0006970248660404203,-0.00022277076971654165,-5.572340113223131e-05,39.757735817574826,7.760793175977033,41.03486338118485,0.0008501508076991083,0.08504452656593753,-1,10014375.399999999,,False,False,False,True,False,False,True,False,True,True
AVAX_USDT_f1df0d86,AVAX/USDT,1h,SELL,2026-01-21 16:00:00+00:00,backtest,SL,-1.0,-1.2,False,3.0,structural,12.317,12.44017,1.0,-0.5542397085454098,0.5542,True,30.88506779827018,0.3628355932756726,0.3628355932756726,-0.068844,35.20344943149767,0.0,1.7436,,0.6660883405835972,False,,False,0.0,False,False,ranging,0,expansion,1.0,95.23809523809523,falling,5,moderate,11.896,12.414,11.868,189172.0,12.14895477498576,12.216289106521955,12.459121689161663,12.221227567838834,12.248318017174151,35.20344943149767,-0.06733433153619472,-0.059144690060250665,-0.00818964147594406,0.02795941998696183,30.88506779827018,18.207187622783074,34.859396137373004,0.16546735176728167,12.59451705653146,-1,108495.15,,False,False,False,True,False,True,True,False,True,True
AVAX_USDT_54fa10b2,AVAX/USDT,1h,SELL,2026-01-22 18:00:00+00:00,backtest,SL,-1.6617,-1.8617,False,10.0,atr,12.147,12.34884181,1.0,-0.6802073563176044,0.6802,True,21.015232959465425,0.03384109864884752,0.3,-0.192038,32.3327015132868,0.0,1.4322,,0.593250801713064,True,bullish,True,1.0,False,False,bearish,2,range,0.3,63.58381502890174,rising,4,moderate,12.102,12.195,12.085,172742.0,12.220489759363925,12.303614429685158,12.395433494421496,12.254343976325046,12.323775872653673,32.3327015132868,-0.08312467032123294,-0.05988424187293835,-0.02324042844829459,-0.02116786867983607,21.015232959465425,13.842625395140473,28.673895437967072,0.13456120741235025,12.466690991027907,-1,120615.95000000001,,False,False,False,True,False,False,False,False,True,True
AVAX_USDT_eb3ccc82,AVAX/USDT,1h,SELL,2026-01-25 16:00:00+00:00,backtest,TP,2.4072,2.2072,True,3.0,atr,11.671,11.39005488,2.0,-0.6634270272091017,0.6634,True,36.78553854555585,0.5595179515185283,0.5595179515185283,-0.199202,22.10979925458292,-1.0,2.7511,,1.0,False,,False,0.0,False,False,bearish,1,expansion,1.0,28.39506172839506,rising,5,moderate,11.66,11.847,11.562,321754.0,11.858146517249141,11.936816666170627,12.046590004451533,11.914759807891752,11.96449833278769,22.10979925458292,-0.0786701489214856,-0.05544316045721755,-0.02322698846426806,-0.005908858670854368,36.78553854555585,9.788547881180545,43.47676698588778,0.0936483743331186,11.960776533056588,-1,116954.30000000002,,False,False,False,True,False,False,True,False,True,True
AVAX_USDT_76034226,AVAX/USDT,1h,SELL,2026-01-25 19:00:00+00:00,backtest,SL,-1.534,-1.734,False,6.0,atr,11.497,11.67336178,1.0,-1.0,1.5059,True,43.43619618314666,0.781206539438222,0.781206539438222,-0.502143,11.747538020326575,-1.0,2.0692,,1.0,False,,False,0.0,False,False,bearish,1,expansion,1.0,52.03252032520326,rising,5,moderate,11.301,11.552,11.218,274620.0,11.646834369569898,11.822222138370117,11.988275102843456,11.745644189447011,11.874344352207128,11.747538020326575,-0.17538776880021878,-0.11864057398851856,-0.05674719481170022,-0.038433186177448314,43.43619618314666,6.242395111118312,48.50762812653678,0.11757451837094068,11.718123092598253,-1,132719.2,,False,False,False,True,False,False,True,False,True,True
AVAX_USDT_2d4b30c8,AVAX/USDT,1h,BUY,2026-01-28 05:00:00+00:00,backtest,SL,-1.4128,-1.6128,False,21.0,atr,12.036,11.86596015,1.0,0.8821469336064558,0.8821,True,24.144444800890863,0.13814816002969543,0.3,-0.057279,62.885518615239135,0.0,0.5349,,0.4263134067489694,True,bullish,False,0.0,False,False,bearish,2,range,0.3,45.39473684210527,falling,4,moderate,12.084,12.1,12.03,82475.0,12.050690434106265,11.945315202339204,11.854942271042752,12.041173415279484,11.931446722573124,62.885518615239135,0.1053752317670611,0.11229680289612404,-0.006921571129062942,-0.006030895754295454,24.144444800890863,23.243309780756043,12.585474612031808,0.11335989743719746,11.786908395915717,1,154176.84999999998,,False,False,True,False,False,False,False,True,False,True
AVAX_USDT_d23cbd2f,AVAX/USDT,1h,SELL,2026-01-29 11:00:00+00:00,backtest,TP,2.6465,2.4465,True,3.0,atr,11.685,11.37575248,2.0,-0.9128651685970589,0.9129,True,24.788643654352306,0.15962145514507686,0.3,-0.101465,22.98058617534738,-1.0,1.521,,0.6523474108367396,False,,False,0.0,False,False,bearish,1,range,0.3,30.538922155688624,rising,5,moderate,11.653,11.709,11.63,160635.0,11.751910160611384,11.859189255112424,11.900886530512027,11.780170206500351,11.879808180623666,22.98058617534738,-0.10727909450104,-0.09545533790108722,-0.011823756599952787,-0.010094514522204057,24.788643654352306,13.519867667094196,29.828552938012688,0.1030825050308521,11.912255270231507,-1,105609.00000000001,,False,False,False,True,False,False,True,False,True,True
AVAX_USDT_7b43f255,AVAX/USDT,1h,SELL,2026-01-29 14:00:00+00:00,backtest,TP,3.2947,3.0947,True,1.0,atr,11.574,11.19267391,2.0,-1.0,1.5954,True,30.766855377880454,0.3588951792626818,0.3588951792626818,-0.42667,12.2989283768419,-1.0,3.1817,,1.0,False,,False,0.0,False,False,bearish,1,expansion,1.0,70.32640949554896,rising,5,moderate,11.167,11.604,11.152,390265.0,11.565708072825384,11.750230093998812,11.852079836920018,11.679624665061208,11.808553103398696,12.2989283768419,-0.18452202117342864,-0.1368758111589298,-0.04764621001449884,-0.01587573218580697,30.766855377880454,8.778657170475244,45.835061677985124,0.12710869663002253,11.708783591998769,-1,122659.50000000001,,False,False,False,True,False,False,True,False,True,True
AVAX_USDT_0d93ec3f,AVAX/USDT,1h,SELL,2026-01-29 18:00:00+00:00,backtest,TP,3.9954,3.7954,True,38.0,atr,11.004,10.56434721,2.0,-1.0,2.9655,True,40.02990436935378,0.6676634789784593,0.6676634789784593,-0.573918,9.004443527508137,-1.0,1.5684,,1.0,False,,False,0.0,True,True,bearish,1,expansion,1.0,89.44281524926686,rising,5,moderate,10.81,11.032,10.792,254150.0,11.163149380102691,11.494197864899125,11.729509526650048,11.264049202989174,11.562617651389038,9.004443527508137,-0.33104848479643323,-0.2690079851729512,-0.062040499623482015,-0.06058071303865409,40.02990436935378,11.680137379326434,50.63073228200715,0.14655092889551416,11.30316736471039,-1,162042.65000000002,,False,False,False,True,False,False,True,False,True,True
AVAX_USDT_77247258,AVAX/USDT,1h,SELL,2026-02-03 17:00:00+00:00,backtest,SL,-2.1701,-2.3701,False,3.0,atr,9.846,10.05966512,1.0,-0.5862058756705665,0.5862,True,25.49130717227287,0.18304357240909563,0.3,-0.353758,33.72467574158702,0.0,1.4382,,0.8160161818716278,False,,True,1.0,False,False,ranging,0,expansion,1.0,76.08695652173914,rising,4,moderate,9.746,9.953,9.742,177157.0,9.986451783584773,10.044992950711155,10.10755877621718,10.055152293180422,10.074892245782271,33.72467574158702,-0.05854116712638202,-0.024063888282844285,-0.03447727884353774,-0.012914703740773938,25.49130717227287,8.93711910555018,29.337523652340874,0.14244341340053523,10.215059769071209,-1,123177.15000000001,,False,False,False,True,False,False,False,False,True,True
AVAX_USDT_53a9d0e3,AVAX/USDT,1h,SELL,2026-02-05 15:00:00+00:00,backtest,TP,6.6564,6.4564,True,5.0,atr,8.895,8.30291552,2.0,-1.0,2.5087,True,37.58942565268262,0.5863141884227541,0.5863141884227541,-0.502554,11.769764147748107,-1.0,3.7073,,1.0,False,,False,0.0,False,False,ranging,0,expansion,1.0,97.23320158102767,rising,5,moderate,8.86,9.212,8.713,632992.0,9.226156707312585,9.457615186683134,9.719063688995744,9.330772909401894,9.517376705351447,11.769764147748107,-0.23145847937054853,-0.1869321589071623,-0.044526320463386226,-0.021934797274084067,37.58942565268262,10.51890995526178,37.484765046423725,0.19736149354523042,9.48486649823875,-1,170742.30000000002,,False,False,False,True,False,False,True,False,True,True
AVAX_USDT_119c22ef,AVAX/USDT,1h,SELL,2026-02-05 20:00:00+00:00,backtest,TP,8.0448,7.8448,True,4.0,structural,8.653,7.95688072,2.63,-1.0,3.8872,True,45.103778339261005,0.8367926113087002,0.8367926113087002,-0.691557,15.748954670151415,-1.0,2.039,,1.0,False,,False,0.0,False,False,ranging,0,expansion,1.0,100.0,rising,5,moderate,8.368,8.763,8.268,419282.0,8.836863347047412,9.18036793728889,9.556740166885266,8.970824303346673,9.26160473101778,15.748954670151415,-0.34350459024147817,-0.2856351122331757,-0.057869478008302444,-0.03408005444208273,45.103778339261005,6.176569592018086,37.70789215345097,0.2320397584021708,9.143174543545,-1,205634.55000000005,,False,False,False,True,False,False,True,False,True,True
AVAX_USDT_1c335a3c,AVAX/USDT,1h,SELL,2026-02-23 01:00:00+00:00,backtest,SL,-1.5568,-1.7568,False,8.0,atr,8.511,8.64349779,1.0,-1.0,1.4608,True,40.03245249933144,0.6677484166443813,0.6677484166443813,-0.405355,12.842156485891302,-1.0,2.9477,,1.0,False,,False,0.0,False,False,ranging,0,expansion,1.0,22.61904761904762,rising,5,moderate,8.353,8.781,8.336,295224.0,8.72668566625468,8.854169030589416,8.977885777552741,8.833452999470303,8.904285933648358,12.842156485891302,-0.1274833643347364,-0.09362405620446237,-0.03385930813027402,0.005861467961270211,40.03245249933144,8.978574409178925,55.10725730782445,0.08833186140653082,8.806331451156815,-1,100152.95,,False,False,False,True,False,True,True,False,True,True
AVAX_USDT_b32637b0,AVAX/USDT,1h,SELL,2026-02-23 18:00:00+00:00,backtest,SL,-1.8953,-2.0953,False,31.0,atr,8.438,8.59792766,1.0,-0.9148442339586563,0.9148,True,30.51807760004951,0.35060258666831695,0.35060258666831695,-0.202637,32.86087418143005,0.0,0.8659,,0.8158434214343109,True,bearish,False,0.0,False,False,bearish,1,trend,0.5919679600008252,43.99574920297556,rising,4,moderate,8.412,8.506,8.403,91258.0,8.533393526698907,8.611460785338913,8.780242997772499,8.568077391470023,8.631406863872805,32.86087418143005,-0.07806725864000619,-0.061021476018570525,-0.017045782621435662,-0.010830887694928619,30.51807760004951,16.15542182585944,36.55150736171721,0.10661844084892945,8.73450906561094,-1,105396.95000000001,,False,False,False,True,False,False,False,False,True,True
AVAX_USDT_3782bfc4,AVAX/USDT,1h,BUY,2026-02-25 11:00:00+00:00,backtest,TP,3.7256,3.5256,True,1.0,bos,8.804,9.132,2.3,1.0,1.7446,True,26.27279653257913,0.20909321775263762,0.3,0.480797,81.3774762520012,-1.0,1.941,,1.0,True,bullish,False,0.0,False,False,bullish,1,trend,0.5212132755429855,54.17515274949084,rising,6,strong,8.969,8.981,8.76,209214.0,8.697674506983274,8.548537302642247,8.530326007169348,8.620152937549923,8.506491032906471,81.3774762520012,0.14913720434102729,0.10601454860583374,0.04312265573519354,0.029208683905215194,26.27279653257913,41.781607981181125,15.129485706242418,0.11259819915294252,8.576665029723527,1,107784.34999999999,,False,False,True,False,False,False,True,True,False,True
AVAX_USDT_ac4d2c27,AVAX/USDT,1h,SELL,2026-02-28 06:00:00+00:00,backtest,TP,3.3636,3.1636,True,1.0,structural,8.837,8.53975494,2.27,-1.0,1.3394,True,37.752286724232,0.5917428908077333,0.5917428908077333,-0.263813,14.917719880357412,-1.0,2.3954,,1.0,False,,False,0.0,False,False,bearish,1,expansion,1.0,34.795042897998094,rising,5,moderate,8.536,8.879,8.511,226187.0,8.82169297373903,8.939849240222223,9.046457578602613,8.903319537664467,8.980234164244447,14.917719880357412,-0.11815626648319366,-0.09563722798642812,-0.022519038496765537,0.007463082158065959,37.752286724232,9.98012455881309,49.43513709051745,0.09908168565135553,8.94891633309302,-1,94426.19999999998,,False,False,False,True,False,True,True,False,True,True
AVAX_USDT_a081a3d6,AVAX/USDT,1h,BUY,2026-03-01 13:00:00+00:00,backtest,SL,-1.9956,-2.1956,False,7.0,atr,9.067,8.88606243,1.0,0.5233928923586388,0.5234,True,30.585360248529327,0.3528453416176442,0.3528453416176442,-0.232906,55.29751407788124,0.0,1.2145,,0.29304817046028553,True,bullish,False,0.0,False,False,bearish,2,range,0.3,62.5,falling,4,moderate,9.159,9.212,9.026,106446.0,9.144082167045394,9.096471879771268,9.032765465777578,9.139819929058362,9.090219067748395,55.29751407788124,0.047610287274125085,0.06894213885562742,-0.02133185158150233,-0.030007203336411353,30.585360248529327,23.28500404209914,15.958799780592,0.12062504895561184,8.979666134561151,1,87647.04999999997,,False,False,True,False,False,False,False,True,False,True
AVAX_USDT_abfe4b9e,AVAX/USDT,1h,BUY,2026-03-04 15:00:00+00:00,backtest,SL,-2.1354,-2.3354,False,45.0,atr,9.415,9.21395354,1.0,1.0,1.2735,True,22.98713001199069,0.09957100039968966,0.3,0.374329,80.38332352979819,-1.0,2.1903,,1.0,False,,False,0.0,False,False,ranging,0,expansion,1.0,75.3899480069324,rising,6,strong,9.7,9.717,9.374,207131.0,9.396017268362648,9.277861998715172,9.182019738549355,9.309165059323405,9.235648198586691,80.38332352979819,0.11815526964747569,0.08184537188147306,0.03630989776600263,0.009826437738241864,22.98713001199069,40.61558297202609,13.231960523338017,0.13403097470024444,9.190400835697153,1,94567.95,,False,False,True,False,False,False,True,True,False,True
AVAX_USDT_10443002,AVAX/USDT,1h,BUY,2026-03-09 11:00:00+00:00,backtest,TP,3.6037,3.4037,True,8.0,atr,9.052,9.37820537,2.0,0.6912801623210575,0.6913,True,20.626154336203523,0.02087181120678411,0.3,0.006716,58.43217373038875,0.0,0.9056,,0.25419768965698225,True,bullish,False,0.0,False,False,bearish,2,range,0.3,48.188976377952756,stable,4,moderate,9.077,9.089,9.008,83047.0,9.058584048440549,8.996393763032417,8.987947254323515,9.053322347994992,8.98833313933566,58.43217373038875,0.062190285408131984,0.06158068004517554,0.0006096053629564419,0.0037133312956349057,20.626154336203523,25.56906673082065,19.214124489396095,0.10873512173281921,8.882936151300921,1,91704.90000000001,,False,False,True,False,False,False,False,True,False,True
AVAX_USDT_726916e8,AVAX/USDT,1h,BUY,2026-03-10 00:00:00+00:00,backtest,TP,3.6787,3.4787,True,14.0,atr,9.265,9.60583094,2.0,0.9146516408196628,0.9147,True,30.992733716121425,0.3664244572040475,0.3664244572040475,-0.112061,61.826890464264324,0.0,0.9627,,0.6795795773343218,True,bullish,False,0.0,False,False,bullish,1,range,0.3,55.8846453624318,falling,4,moderate,9.322,9.365,9.248,88088.0,9.289648574644364,9.205450768148646,9.099888931356915,9.28040531025704,9.193795844963512,61.826890464264324,0.08419780649571784,0.09464415773487266,-0.010446351239154814,-0.013257868060922634,30.992733716121425,32.31881100840992,15.329321575051871,0.11361031252186261,9.070664251415579,1,91504.64999999998,,False,False,True,False,False,False,False,True,False,True
AVAX_USDT_4ee670dc,AVAX/USDT,1h,BUY,2026-03-10 14:00:00+00:00,backtest,TP,4.1651,3.9651,True,1.0,atr,9.324,9.71235475,2.0,0.945075218346351,0.9451,True,38.083835075507295,0.6027945025169098,0.6027945025169098,0.046804,66.76019808482143,0.0,1.9683,,0.6803274746303368,False,,False,0.0,False,False,ranging,0,expansion,1.0,74.78797224363916,falling,6,strong,9.646,9.66,9.306,195079.0,9.481289383901492,9.39252297686961,9.238398713327738,9.434229207873347,9.36717527455657,66.76019808482143,0.08876640703188166,0.08425165795801082,0.0045147490738708385,-0.014940350104299047,38.083835075507295,30.938506879755582,13.93032001399716,0.12945158477274676,9.265880417072824,1,99108.09999999999,,False,False,True,False,True,False,True,True,False,True
AVAX_USDT_4d6f9154,AVAX/USDT,1h,BUY,2026-03-10 15:00:00+00:00,backtest,SL,-2.0483,-2.2483,False,6.0,atr,9.713,9.51404958,1.0,1.0,1.2471,True,38.75230060417232,0.625076686805744,0.625076686805744,0.227454,71.39085070181308,0.0,2.2722,,0.9116968651204482,False,,False,0.0,False,False,ranging,0,expansion,1.0,76.65639445300462,stable,6,strong,9.762,9.797,9.623,237128.0,9.543669520812273,9.42611179715419,9.25709875928032,9.481289383901492,9.39252297686961,71.39085070181308,0.11755772365808248,0.09535367985803471,0.02220404380004777,0.0045147490738708385,38.75230060417232,35.41738644937128,12.624964821360072,0.13263361443183638,9.358819872477332,1,104360.29999999999,,False,False,True,False,False,False,True,True,False,True
AVAX_USDT_89915c19,AVAX/USDT,1h,BUY,2026-03-11 04:00:00+00:00,backtest,TP,4.175,3.975,True,45.0,atr,9.557,9.956,2.22,0.4171873139372432,0.4172,True,25.258995731022925,0.17529985770076414,-0.3,-0.003451,62.31139504028277,0.0,0.7189,,0.4269259705182732,True,bullish,False,0.0,False,False,bullish,1,range,0.3,64.98855835240275,falling,3,weak,9.691,9.693,9.525,85272.0,9.58865245771189,9.548816008692416,9.389582796961003,9.559410302772429,9.534597609561658,62.31139504028277,0.03983644901947336,0.04017088155913412,-0.00033443253966075615,-0.015525404618193211,25.258995731022925,29.117041459608448,18.443892196651618,0.11968282106299008,9.807018252134126,-1,118622.25000000003,,False,False,True,False,False,False,False,False,True,True
AVAX_USDT_51f82f63,AVAX/USDT,1h,BUY,2026-03-13 09:00:00+00:00,backtest,TP,3.4803,3.2803,True,4.0,atr,9.842,10.18453064,2.0,0.9556880410349297,0.9557,True,31.696990441960065,0.3898996813986688,0.3898996813986688,-0.040883,66.58392883790692,0.0,1.1405,,0.587619252263919,True,bullish,False,0.0,False,False,bullish,1,range,0.3,56.67155425219942,falling,4,moderate,9.942,9.963,9.808,114548.0,9.870823889235208,9.777382612877707,9.64989072897957,9.850487857588124,9.760920874165478,66.58392883790692,0.09344127635750077,0.09750583623801973,-0.004064559880518959,-0.00997113275563316,31.696990441960065,23.2012482754097,8.510766968811726,0.11417688113277422,9.656008864031312,1,100441.04999999999,,False,False,True,False,False,False,False,True,False,True
AVAX_USDT_23f500b3,AVAX/USDT,1h,BUY,2026-03-16 01:00:00+00:00,backtest,TP,3.0643,2.8643,True,2.0,bos,9.881,10.18378811,3.06,0.837944696506501,0.8379,True,33.73513244063987,0.4578377480213291,0.4578377480213291,0.202325,72.09755531829313,-1.0,1.3243,,0.8179974564470543,True,bullish,False,0.0,False,False,bullish,1,expansion,1.0,37.675070028011206,rising,5,moderate,9.998,10.029,9.875,116373.0,9.892821157878242,9.810613641177254,9.743745420430503,9.862770060129167,9.79187500529498,72.09755531829313,0.08220751670098814,0.06197910306828376,0.020228413632704376,0.019030158582255548,33.73513244063987,27.72338738780303,7.27345097662667,0.10092937120630145,9.690807677957192,1,87874.79999999999,,False,False,True,False,False,False,False,True,False,True
AVAX_USDT_0f95df74,AVAX/USDT,1h,BUY,2026-03-16 03:00:00+00:00,backtest,TP,3.8556,3.6556,True,1.0,bos,9.993,10.37828669,2.33,1.0,1.2435,True,38.53464669882505,0.6178215566275017,0.6178215566275017,0.346904,80.75628648430316,-1.0,4.1588,,1.0,True,bullish,False,0.0,False,False,bullish,1,expansion,1.0,74.68531468531468,rising,6,strong,10.262,10.398,9.94,446194.0,9.9868177374819,9.864160034030787,9.769770933027853,9.908194233905299,9.824376037433867,80.75628648430316,0.12265770345111271,0.08705843506325969,0.03559926838785302,0.01455939560209879,38.53464669882505,39.86481188836191,4.928627155291825,0.1284288966013518,9.801731667507715,1,107288.75,,False,False,True,False,False,False,True,True,False,True
AVAX_USDT_36969b02,AVAX/USDT,1h,BUY,2026-03-16 22:00:00+00:00,backtest,SL,-1.8603,-2.0603,False,6.0,atr,10.446,10.25166924,1.0,1.0,1.0214,True,33.256661430337346,0.44188871434457816,0.44188871434457816,0.184743,73.483666721961,-1.0,0.6722,,0.5787939552319115,True,bullish,False,0.0,True,True,bullish,1,trend,0.6376110238389557,75.36231884057972,rising,5,moderate,10.492,10.5,10.372,81881.0,10.322822563952991,10.21845086676281,10.025872192957634,10.274486153653847,10.191095953439092,73.483666721961,0.10437169719018158,0.08498850470408884,0.019383192486092743,0.008093291753712178,33.256661430337346,26.39864395555598,11.928795074758193,0.12955383936850312,10.107338565180118,1,121816.70000000001,,False,False,True,False,False,False,False,True,False,True
AVAX_USDT_8e2c20d1,AVAX/USDT,1h,SELL,2026-03-19 10:00:00+00:00,backtest,TP,2.7847,2.5847,True,61.0,atr,9.591,9.32392358,2.0,-1.0,1.0034,True,33.19110781186591,0.43970359372886375,0.43970359372886375,0.076263,34.96696993025479,0.0,0.9469,,0.52688825334749,True,bearish,False,0.0,False,False,bullish,2,range,0.3,21.868787276341948,stable,3,weak,9.538,9.605,9.533,78639.0,9.57564243449849,9.67172809477587,9.866642725343496,9.586397415783773,9.685100904253458,34.96696993025479,-0.09608566027737986,-0.10335962285586606,0.007273962578486198,0.008293115675424456,33.19110781186591,16.721457717995147,29.893664051682396,0.0890254726343009,9.727167134093804,-1,83050.50000000001,,False,False,False,True,False,False,False,False,True,True
AVAX_USDT_d24ef9bf,AVAX/USDT,1h,BUY,2026-03-23 17:00:00+00:00,backtest,SL,-2.1928,-2.3928,False,65.0,atr,9.465,9.2574488,1.0,1.0,1.5167,True,35.355855320800174,0.5118618440266725,0.5118618440266725,0.225015,66.44137091478773,0.0,0.9259,,0.7092528826586804,False,,True,1.0,True,True,ranging,0,trend,0.6725975886800029,83.87096774193549,rising,5,moderate,9.52,9.55,9.424,93723.0,9.418408232430355,9.277691548521345,9.272946693316795,9.389382013124742,9.253460703373479,66.44137091478773,0.1407166839090106,0.11929522806238393,0.021421455846626664,0.027336809612192023,35.355855320800174,38.143585056801896,20.412262990334888,0.13836746819226697,9.293810412432121,1,101221.94999999998,,False,False,True,False,False,False,False,True,False,True
AVAX_USDT_ecea6def,AVAX/USDT,1h,SELL,2026-03-27 10:00:00+00:00,backtest,TP,2.9278,2.7278,True,1.0,atr,8.932,8.67048645,2.0,-1.0,1.371,True,41.09446221149271,0.7031487403830904,0.7031487403830904,-0.29818,11.791188455835346,-1.0,1.9276,,1.0,False,,False,0.0,False,False,bearish,1,expansion,1.0,26.161081716637273,rising,5,moderate,8.708,8.948,8.692,200146.0,8.95582241643036,9.078608712717697,9.26104568321614,9.026628821124747,9.115669583989467,11.791188455835346,-0.1227862962873374,-0.09682075749128034,-0.02596553879605705,-0.0052027747714678135,41.09446221149271,8.52475089533613,46.089952932153714,0.08717118477640234,9.051917362174695,-1,103832.75,,False,False,False,True,False,False,True,False,True,True
AVAX_USDT_7735e2a5,AVAX/USDT,1h,BUY,2026-04-01 06:00:00+00:00,backtest,SL,-1.7945,-1.9945,False,19.0,atr,9.245,9.0790974,1.0,1.0,1.1265,True,28.93007325591144,0.29766910853038137,0.3,0.475153,80.89364109820382,-1.0,1.9991,,1.0,False,,False,0.0,False,False,ranging,0,expansion,1.0,59.163456246560266,rising,6,strong,9.378,9.426,9.081,179296.0,9.05077449661208,8.949951936059309,8.889019097241242,8.957281495644104,8.90714712966524,80.89364109820382,0.10082256055277128,0.05626274105994988,0.044559819492821395,0.016151534665323923,28.93007325591144,45.4391662821871,8.158660388492008,0.1106017359739508,8.960177324959385,1,89686.85,,False,False,True,False,False,False,True,True,False,True
AVAX_USDT_07b4d22c,AVAX/USDT,1h,BUY,2026-04-06 00:00:00+00:00,backtest,TP,2.9742,2.7742,True,1.0,atr,9.186,9.4592138,2.0,1.0,1.0258,True,25.27371143673475,0.17579038122449167,0.3,0.629327,87.4759634274387,-1.0,0.9306,,1.0,False,,True,1.0,False,False,bearish,1,trend,0.5045618572789125,36.82030036250647,rising,5,moderate,9.414,9.425,9.064,152785.0,9.027502397735706,8.935837279142298,8.911338785304528,8.91707451137448,8.88802100705653,87.4759634274387,0.09166511859340787,0.03242028629345444,0.05924483229995343,0.026255634174472554,25.27371143673475,51.496658150932916,9.26154956983429,0.09107126748416397,8.98484335818346,1,164178.1,,False,False,True,False,False,False,False,True,False,True
AVAX_USDT_3a25a4a8,AVAX/USDT,1h,BUY,2026-04-06 01:00:00+00:00,backtest,SL,-1.5818,-1.7818,False,13.0,atr,9.469,9.31922216,1.0,1.0,1.5077,True,28.875327365025257,0.2958442455008419,0.3,0.728473,87.67136086990462,-1.0,0.8775,,1.0,False,,True,1.0,False,False,bearish,1,trend,0.5645887894170876,47.82608695652174,rising,5,moderate,9.424,9.608,9.394,146893.0,9.11561297601666,8.98021570831118,8.929648114400795,9.027502397735706,8.935837279142298,87.67136086990462,0.13539726770548022,0.0667459467641297,0.06865132094135051,0.05924483229995343,28.875327365025257,56.7041674684409,7.843755687153918,0.09985189123529516,9.213809022365114,1,167400.15,,False,False,True,False,False,False,False,True,False,True
AVAX_USDT_27353c03,AVAX/USDT,1h,SELL,2026-04-07 03:00:00+00:00,backtest,SL,-1.7497,-1.9497,False,16.0,atr,8.644,8.79524782,1.0,-1.0,2.25,True,39.17266182381341,0.6390887274604469,0.6390887274604469,-0.696678,16.26499994369079,-1.0,0.9106,,1.0,True,bullish,True,1.0,False,False,bullish,1,trend,0.7362110303968901,48.87640449438202,rising,4,moderate,8.677,8.699,8.639,87543.0,8.881897359506151,9.081739299970973,9.093820223804,8.940439462222194,9.122213229968072,16.26499994369079,-0.19984194046482173,-0.13939117983814991,-0.06045076062667182,-0.07260796822106327,39.17266182381341,11.220685697901201,44.64546797509459,0.10083187854253355,8.927870414313345,-1,96135.10000000002,,False,False,False,True,False,False,False,False,True,True
AVAX_USDT_cdf73e89,AVAX/USDT,1h,BUY,2026-04-13 19:00:00+00:00,backtest,TP,3.6661,3.4661,True,3.0,bos,9.254,9.59326177,3.06,0.876260514232274,0.8763,True,22.484215806265762,0.08280719354219208,0.3,0.216021,68.21191637642144,0.0,1.1041,,0.7744973277136878,True,bullish,True,1.0,False,False,bearish,2,range,0.3,67.09159584513692,rising,5,moderate,9.404,9.42,9.252,154121.0,9.259331617668211,9.178900536625111,9.167289097087394,9.217997794144843,9.156390590287621,68.21191637642144,0.08043108104310015,0.06011643556481588,0.020314645478284273,0.011648091031547556,22.484215806265762,32.804838352174144,13.442405159331948,0.11308725716688574,9.031216962937071,1,139588.4,,False,False,True,False,False,False,False,True,False,True
AVAX_USDT_a50211f7,AVAX/USDT,1h,BUY,2026-04-14 13:00:00+00:00,backtest,SL,-1.0,-1.2,False,2.0,structural,9.382,9.28818,1.0,0.39090735212735356,0.3909,True,28.483370677375905,0.28277902257919685,0.3,-0.048945,61.38768691566166,0.0,0.9679,,0.555802236747802,True,bullish,True,1.0,False,False,bullish,1,range,0.3,34.26966292134831,falling,4,moderate,9.493,9.494,9.365,136727.0,9.42178678636353,9.38509974146964,9.296041937595703,9.401440153895965,9.374309715616604,61.38768691566166,0.036687044893890075,0.0413333987458514,-0.004646353851961327,-0.016526137392471163,28.483370677375905,30.227757000725283,16.332701082030233,0.0892084888273631,9.288267849383011,1,141261.6,,False,False,True,False,False,False,False,True,False,True
AVAX_USDT_9375963b,AVAX/USDT,1h,BUY,2026-04-14 15:00:00+00:00,backtest,TP,4.2885,4.0885,True,51.0,atr,9.304,9.703,2.68,0.29452996020245287,0.2945,True,27.53233374789896,0.251077791596632,0.3,-0.067802,53.00271851054117,0.5,1.0733,,0.18737419606838843,True,bullish,True,1.0,False,False,bullish,1,range,0.3,48.503274087932645,stable,5,moderate,9.424,9.459,9.273,149194.0,9.41661175965201,9.388958464024494,9.30381323023886,9.4145008338383,9.385454310426944,53.00271851054117,0.027653295627516172,0.03404294763207405,-0.0063896520045578775,-0.008191250222996826,27.53233374789896,25.6537557170278,20.96940081531809,0.09942466638685907,9.288267849383011,1,138998.55000000002,,False,False,True,False,False,False,False,True,False,True
AVAX_USDT_537a656c,AVAX/USDT,1h,BUY,2026-04-16 21:00:00+00:00,backtest,SL,-1.4937,-1.6937,False,5.0,bos,9.713,9.56792,1.0,1.0,1.0099,True,20.661415043520645,0.022047168117354823,0.3,0.225778,60.290357450417574,0.0,1.3633,,0.509615814415268,True,bullish,False,0.0,False,False,bearish,2,expansion,1.0,90.6021897810219,rising,5,moderate,9.72,9.73,9.642,157795.0,9.650451897849278,9.553966753036315,9.46030495320417,9.6305810115205,9.537363428339948,60.290357450417574,0.09648514481296289,0.07453955500644557,0.021945589806517313,0.02965082307736505,20.661415043520645,29.30968506319354,16.56928970281184,0.14453415531552832,9.40863442339008,1,115742.59999999998,,False,False,True,False,False,False,False,True,False,True
AVAX_USDT_15189826,AVAX/USDT,1h,SELL,2026-04-19 22:00:00+00:00,backtest,SL,-1.3808,-1.5808,False,8.0,atr,9.041,9.16584155,1.0,-0.8531500284529864,0.8532,True,38.091524466197306,0.6030508155399102,0.6030508155399102,-0.176475,22.312467279636774,-1.0,1.5974,,0.9777154683484223,False,,False,0.0,False,False,ranging,0,trend,0.7181920744366218,25.82781456953642,rising,5,moderate,9.0,9.119,8.96,142623.0,9.137741076149654,9.215699716740785,9.347172815269523,9.17709566933527,9.237269688414864,22.312467279636774,-0.077958640591131,-0.062075906525495814,-0.015882734065635187,-0.00603947958691653,38.091524466197306,12.502823781998547,36.945710490709104,0.08322769750527173,9.24983967173777,-1,89286.4,,False,False,False,True,False,False,True,False,True,True
AVAX_USDT_0e7f40bb,AVAX/USDT,1h,SELL,2026-04-28 02:00:00+00:00,backtest,SL,-1.0,-1.2,False,26.0,structural,9.249,9.34149,1.0,-0.2626760899343054,0.2627,True,28.040024629272583,0.2680008209757528,0.3,0.121147,44.251553059140484,0.0,2.1851,,0.40999121205137895,False,,True,0.8,False,False,bearish,1,compression,0.7135310849248273,5.729378301503454,falling,4,moderate,9.21,9.268,9.19,260182.0,9.219476067177574,9.243693426423265,9.309498520077526,9.222183514942596,9.247062769065591,44.251553059140484,-0.024217359245691128,-0.035374956512627696,0.011157597266936568,0.016074501023101012,28.040024629272583,17.95157255622442,28.201352857508894,0.0594376987708752,9.320846985454576,-1,119068.85,,False,False,False,True,False,False,True,False,True,True
AVAX_USDT_135db7da,AVAX/USDT,1h,BUY,2026-05-06 01:00:00+00:00,backtest,TP,2.4317,2.2317,True,7.0,structural,9.442,9.67160268,2.13,0.43912705677383823,0.4391,True,31.443155370488263,0.3814385123496088,0.3814385123496088,0.002301,67.55223302870479,0.0,0.7923,,0.6754807969067023,True,bullish,False,0.0,False,False,bullish,1,range,0.3,24.8868778280543,falling,4,moderate,9.491,9.52,9.388,290447.0,9.425321127931944,9.384112948934954,9.296433154701495,9.4065557359125,9.373424243828449,67.55223302870479,0.041208178996990696,0.04098977563754544,0.00021840335944525724,-0.007749081873771949,31.443155370488263,29.353403844361125,12.466383921693572,0.07653422688781755,9.286754624211708,1,366606.55000000005,,False,False,True,False,True,False,False,True,False,True
AVAX_USDT_cb65e40c,AVAX/USDT,1h,BUY,2026-05-06 10:00:00+00:00,backtest,SL,-1.2405,-1.4405,False,3.0,atr,9.731,9.6102835,1.0,1.0,1.1398,True,43.62187095915223,0.7873956986384077,0.7873956986384077,0.207666,78.3743146423095,-1.0,2.3084,,1.0,False,,False,0.0,False,False,bullish,1,trend,0.8103645159858706,30.74032318677189,rising,6,strong,9.735,9.753,9.697,312735.0,9.627415172364213,9.518921195296333,9.382647310800698,9.596676650182559,9.497313314825966,78.3743146423095,0.10849397706788011,0.0882776977090775,0.020216279358802616,0.021193777326916408,43.62187095915223,33.951169724866595,6.452614387904752,0.08047766955334246,9.521571297143206,1,135479.35,,False,False,True,False,False,False,True,True,False,True
AVAX_USDT_3524ba9e,AVAX/USDT,1h,BUY,2026-05-06 21:00:00+00:00,backtest,SL,-1.3403,-1.5403,False,5.0,atr,9.584,9.45554579,1.0,0.33452027042486293,0.3345,True,28.857394685774665,0.29524648952582216,0.3,-0.060881,58.774606327400726,0.0,1.4624,,0.2164292279467162,True,bullish,False,0.0,False,False,bullish,1,range,0.3,37.612275449101794,falling,4,moderate,9.65,9.661,9.57,384260.0,9.614355596886107,9.582300858142524,9.460833408367334,9.604171481710708,9.575530943956776,58.774606327400726,0.032054738743582334,0.03792975712170731,-0.0058750183781249785,-0.012226728556838415,28.857394685774665,22.087074406234247,16.676343707566343,0.0856361375758532,9.542522750685997,1,262760.85000000003,,False,False,True,False,False,False,False,True,False,True
AVAX_USDT_da3df3e1,AVAX/USDT,1h,BUY,2026-05-08 17:00:00+00:00,backtest,TP,2.7802,2.5802,True,5.0,atr,9.719,9.98920741,2.0,0.868280187793744,0.8683,True,20.141800884914414,0.004726696163813789,0.3,0.242933,74.95418848185403,-1.0,0.7927,,0.7701260513828274,False,,True,0.8,False,False,bearish,1,range,0.3,44.62444771723123,rising,5,moderate,9.804,9.858,9.705,168428.0,9.68520228530328,9.601831484854943,9.54285784405394,9.651260081104217,9.581614633340436,74.95418848185403,0.08337080044833733,0.05955361653405599,0.023817183914281344,0.022000423186865806,20.141800884914414,29.878341866936164,10.625190582365482,0.09006913681043824,9.546335320924968,1,212479.89999999997,,False,False,True,False,False,False,False,True,False,True
AVAX_USDT_e0ab1a7e,AVAX/USDT,1h,BUY,2026-05-08 22:00:00+00:00,backtest,SL,-1.3651,-1.5651,False,16.0,atr,9.985,9.84869398,1.0,1.0,1.4154,True,31.94509220599057,0.39816974019968565,0.39816974019968565,0.173854,75.81447585454205,-1.0,0.3532,,1.0,False,,True,0.8,False,False,ranging,0,trend,0.6157515367665095,45.79198823961779,rising,5,moderate,9.95,10.017,9.924,90682.0,9.863587204001629,9.72592295909677,9.606741747157903,9.83889783371638,9.703515255006447,75.81447585454205,0.13766424490485818,0.12036577639474151,0.01729846851011667,0.023666036570250043,31.94509220599057,33.906637543614785,7.677179972971863,0.09087067705003508,9.737124933652982,1,256752.84999999998,,False,False,True,False,False,False,False,True,False,True
AVAX_USDT_7e9b9d4f,AVAX/USDT,1h,BUY,2026-05-10 12:00:00+00:00,backtest,TP,2.2221,2.0221,True,4.0,atr,9.96,10.18132259,2.0,0.2727263514804202,0.2727,True,23.238030021665516,0.1079343340555172,0.3,0.039804,58.66956627825354,0.0,1.7087,,0.29243770701787597,False,,False,0.0,False,False,ranging,0,range,0.3,21.09459949256977,rising,6,strong,9.995,9.997,9.944,250684.0,9.973746024945472,9.946618973922234,9.859970417842177,9.967673460644178,9.941780871314458,58.66956627825354,0.027127051023237314,0.023148652910073477,0.003978398113163837,0.0047331354762283825,23.238030021665516,19.289864785118642,11.978922109671743,0.07377419694604803,9.828666343408633,1,146709.7,,False,False,True,False,False,False,True,True,False,True
AVAX_USDT_657671d8,AVAX/USDT,1h,SELL,2026-05-14 11:00:00+00:00,backtest,SL,-1.2291,-1.4291,False,2.0,atr,9.69,9.80910223,1.0,-0.4565114174851466,0.4565,True,29.744149265678118,0.32480497552260396,0.32480497552260396,-0.007726,40.825242683083715,0.0,2.3774,,0.5770546888058298,False,,False,0.0,False,False,ranging,0,trend,0.5790691544279687,28.976874562018217,rising,4,moderate,9.662,9.719,9.66,319304.0,9.699677585124292,9.743957720759632,9.83112732250558,9.710442609445517,9.752153492835596,40.825242683083715,-0.044280135635339946,-0.04353361404521649,-0.000746521590123457,0.0014494698600753114,29.744149265678118,13.035689595916478,27.462056816062223,0.07940148740888399,9.870007248000055,-1,134307.00000000003,,False,False,False,True,False,True,True,False,True,True
AVAX_USDT_3551a155,AVAX/USDT,1h,SELL,2026-05-17 23:00:00+00:00,backtest,SL,-1.1986,-1.3986,False,64.0,atr,9.22,9.33050795,1.0,-0.28838054314766376,0.2884,True,23.066543166406802,0.10221810554689341,0.3,-0.103812,31.30113142772073,0.0,1.8664,,1.0,True,bullish,True,0.8,False,False,bearish,2,expansion,1.0,21.034717494894487,rising,5,moderate,9.191,9.237,8.943,253016.0,9.26401276380999,9.290728374135535,9.380335345734983,9.284873553469987,9.300701211549088,31.30113142772073,-0.026715610325544148,-0.01717422929482905,-0.009541381030715099,-0.0034241192996288597,23.066543166406802,14.173848800131713,46.240814828914424,0.07367196944912889,9.292534856835637,-1,135561.3,,False,False,False,True,False,False,True,False,True,True
AVAX_USDT_4c617b0a,AVAX/USDT,1h,BUY,2026-05-24 01:00:00+00:00,backtest,SL,-1.4759,-1.6759,False,12.0,atr,9.385,9.24648222,1.0,1.0,1.0537,True,35.30547829087027,0.5101826096956756,0.5101826096956756,0.122196,64.23580204389626,0.0,0.612,,0.7049479162029787,True,bullish,True,1.0,False,False,bullish,1,range,0.3,51.394293125810634,stable,5,moderate,9.402,9.425,9.381,99558.0,9.359420775351564,9.26183004331604,9.259703577875662,9.347255282594869,9.247813047647645,64.23580204389626,0.09759073203552404,0.08610183569303996,0.011488896342484081,0.019084847425426238,35.30547829087027,34.934419895876324,17.310721990801856,0.0923451881249073,9.239370659193945,1,162668.0,,False,False,True,False,False,False,False,True,False,True
AVAX_USDT_9f74768a,AVAX/USDT,1h,SELL,2026-05-28 10:00:00+00:00,backtest,SL,-1.4872,-1.6872,False,7.0,atr,8.866,8.99785114,1.0,-1.0,1.1959,True,32.765825195033955,0.4255275065011318,0.4255275065011318,-0.000798,33.385608402804166,0.0,1.5794,,0.7285208012455339,False,,False,0.0,False,False,bearish,1,range,0.3,46.12731263719034,falling,4,moderate,8.8,8.88,8.788,210704.0,8.8528292434012,8.958704349182241,9.089892872759862,8.867923312944399,8.974574784100465,33.385608402804166,-0.10587510578104187,-0.10580486812081011,-7.023766023175892e-05,-0.0008817218653722203,32.765825195033955,12.035949073754754,30.2489691048931,0.08790075933435383,9.021176858123061,-1,133407.05,,False,False,False,True,False,False,True,False,True,True
AVAX_USDT_de8def75,AVAX/USDT,1h,SELL,2026-05-29 19:00:00+00:00,backtest,SL,-1.0,-1.2,False,6.0,structural,8.807,8.89507,1.0,-0.2202761700732932,0.2203,True,21.18754489088785,0.039584829696261654,-0.3,-0.016206,44.089461067480116,0.0,0.7547,,0.5750122528313066,False,,True,0.8,True,True,bearish,1,range,0.3,64.27684667908132,falling,2,weak,8.83,8.869,8.761,111966.0,8.865374134526284,8.884902441132487,8.951094485190831,8.875481030105224,8.890392685245736,44.089461067480116,-0.01952830660620286,-0.018097298502041337,-0.0014310081041615241,0.0024701393094483937,21.18754489088785,15.34586934047577,29.721175661258435,0.10125064144145221,8.691040879590782,1,148363.35,,False,False,False,True,False,True,False,True,False,True
AVAX_USDT_b8fe0dca,AVAX/USDT,1h,SELL,2026-06-02 14:00:00+00:00,backtest,TP,3.4527,3.2527,True,1.0,atr,8.662,8.36292762,2.0,-1.0,1.0088,True,36.75434906553412,0.5584783021844707,0.5584783021844707,-0.242454,23.578159444059374,-1.0,1.8866,,1.0,False,,False,0.0,False,False,bearish,1,trend,0.695905817758902,63.65831572592816,rising,5,moderate,8.453,8.691,8.396,208947.0,8.655139032762884,8.742449932216246,8.827328221126255,8.712893042123708,8.771394925437871,23.578159444059374,-0.08731089945336201,-0.06681627520619692,-0.020494624247165097,-0.0019329202315484725,36.75434906553412,8.211485294857855,41.9015428170125,0.0996907948125834,8.801654961220873,-1,110753.40000000004,,False,False,False,True,False,False,True,False,True,True
AVAX_USDT_5abb4288,AVAX/USDT,1h,SELL,2026-06-03 20:00:00+00:00,backtest,TP,4.4676,4.2676,True,6.0,atr,8.084,7.722843,2.0,-1.0,1.2567,True,49.58890860898672,0.9862969536328907,0.9862969536328907,-0.296632,26.99460931455117,-1.0,1.6577,,1.0,False,,False,0.0,False,False,ranging,0,trend,0.909815143483112,82.94944660484595,rising,5,moderate,7.951,8.091,7.905,154089.0,8.11867403560601,8.220697837634848,8.424732866769663,8.166580902922012,8.247667621398334,26.99460931455117,-0.10202380202883887,-0.07843857096711562,-0.02358523106172325,-0.014440763040067112,49.58890860898672,7.972828006326864,34.11820618170057,0.12038566551176064,8.306961207430607,-1,92952.25,,False,False,False,True,False,False,True,False,True,True
AVAX_USDT_f860021d,AVAX/USDT,1h,SELL,2026-06-06 04:00:00+00:00,backtest,SL,-4.6375,-4.8375,False,2.0,atr,6.371,6.66645655,1.0,-1.0,3.6771,True,54.34177700051373,1.0,1.0,-0.547649,26.642126702808856,-1.0,1.6448,,1.0,False,,False,0.0,False,False,ranging,0,trend,0.9890296166752288,98.55839952927332,rising,5,moderate,6.3,6.543,6.219,186217.0,6.63971428754564,6.883862255123557,7.322332574481553,6.73677551255868,6.942248480635912,26.642126702808856,-0.24414796757791635,-0.2096460760710156,-0.03450189150690075,-0.013077837759666838,54.34177700051373,8.854658428952268,40.898166155889356,0.1969710323687562,6.888171073799642,-1,113216.4,,False,False,False,True,False,False,True,False,True,True
AVAX_USDT_3b5a2bae,AVAX/USDT,1h,BUY,2026-06-15 13:00:00+00:00,backtest,SL,-1.547,-1.747,False,9.0,atr,6.957,6.8493785,1.0,1.0,1.3502,True,32.5584297398864,0.41861432466288,0.41861432466288,0.253038,78.84414227329574,-1.0,1.6649,,0.9786938417643172,False,,False,0.0,False,False,ranging,0,trend,0.6259738289981067,20.66777041942605,rising,6,strong,6.972,7.007,6.913,170838.0,6.858446086669467,6.76707595772282,6.69540111113611,6.826002111432172,6.746583553495102,78.84414227329574,0.09137012894664664,0.07372834761291777,0.017641781333728873,0.014511100991016088,32.5584297398864,34.40419057802323,9.936844533915302,0.07174766604591407,6.772392745126804,1,102611.29999999999,,False,False,True,False,False,False,True,True,False,True
AVAX_USDT_0a2bce6f,AVAX/USDT,1h,BUY,2026-06-16 08:00:00+00:00,backtest,SL,-1.6015,-1.8015,False,5.0,atr,6.955,6.84361722,1.0,0.40735464504663343,0.4074,True,22.940197813165433,0.0980065937721811,0.3,0.281885,68.82411366449399,0.0,0.9464,,0.7468141827509106,True,bullish,False,0.0,False,False,bullish,1,range,0.3,25.03431237990667,falling,5,moderate,7.027,7.045,6.909,90437.0,6.885950900703241,6.858014460241478,6.788526609774231,6.8456511580470245,6.841115906265626,68.82411366449399,0.027936440461763468,0.008128347836139126,0.019808092625624343,0.006310950258071174,22.940197813165433,34.10342798699104,15.43307341821828,0.07425518565816824,6.7871396970118605,1,95559.40000000002,,False,False,True,False,False,False,False,True,False,True
AVAX_USDT_28b148aa,AVAX/USDT,1h,SELL,2026-06-18 15:00:00+00:00,backtest,TP,4.4774,4.2774,True,1.0,atr,6.533,6.24049236,2.0,-1.0,1.6141,True,33.7155827176618,0.4571860905887268,0.4571860905887268,-0.50628,15.420004298284617,-1.0,2.0061,,1.0,False,,False,0.0,False,False,bearish,1,expansion,1.0,61.168199026500815,rising,5,moderate,6.239,6.59,6.202,455598.0,6.547669665295951,6.6533565616878745,6.745485514926979,6.63586099823765,6.694792217856662,15.420004298284617,-0.10568689639192375,-0.07410007488065079,-0.031586821511272956,-0.0006245554939978623,33.7155827176618,7.33057286719483,45.4992232159769,0.09750254537328046,6.660380607976141,-1,227110.05,,False,False,False,True,False,False,True,False,True,True
AVAX_USDT_7cceae30,AVAX/USDT,1h,SELL,2026-06-19 17:00:00+00:00,backtest,TP,4.1339,3.9339,True,1.0,atr,6.092,5.84016094,2.0,-1.0,1.3649,True,47.0603906574924,0.9020130219164133,0.9020130219164133,0.095612,30.455902944921494,0.0,1.8876,,0.7226925473930136,False,,False,0.0,False,False,ranging,0,range,0.3,41.16541353383459,falling,4,moderate,5.981,6.13,5.981,291881.0,6.071207120972287,6.154071303422372,6.376607079756334,6.096980584107226,6.17137843376461,30.455902944921494,-0.08286418245008509,-0.08858273180768939,0.005718549357604297,0.017044156829107704,47.0603906574924,12.726851728856872,30.79416541368221,0.08394635472555265,6.212042876466192,-1,154631.49999999997,,False,False,False,True,False,False,True,False,True,True
LINK_USDT_cc83796f,LINK/USDT,1h,SELL,2026-01-20 06:00:00+00:00,backtest,TP,3.1666,2.9666,True,9.0,atr,12.758,12.354,2.58,-0.5875963978799428,0.5876,True,40.858295622050896,0.6952765207350299,0.6952765207350299,-0.102313,27.526660887668875,-1.0,2.9712,,0.9828131130188091,False,,False,0.0,True,True,ranging,0,trend,0.7643049270341816,53.09734513274337,rising,5,moderate,12.621,12.812,12.606,157695.4,12.78755818722657,12.862697418511514,13.115816913678342,12.835146240719876,12.886867160362666,27.526660887668875,-0.07513923128494504,-0.062226294290928456,-0.012912936994016584,0.004048906151130252,40.858295622050896,9.953495940555067,34.523823766025295,0.1044083200195823,12.97201486219923,-1,53074.865000000005,,False,False,False,True,False,True,True,False,True,True
LINK_USDT_756421e6,LINK/USDT,1h,SELL,2026-01-20 16:00:00+00:00,backtest,TP,2.792,2.592,True,6.0,atr,12.419,12.0722574,2.0,-1.0,1.2095,True,50.702722649762855,1.0,1.0,-0.102935,23.13602017505117,-1.0,1.8478,,1.0,False,,False,0.0,False,False,ranging,0,expansion,1.0,67.47967479674797,rising,5,moderate,12.32,12.472,12.255,165283.8,12.47442029746502,12.625304077765293,12.92438786535808,12.518540382455026,12.655834485541824,23.13602017505117,-0.15088378030027272,-0.1382022105358497,-0.012681569764423029,-0.005432677433160282,50.702722649762855,7.837611192309365,34.21210050104399,0.11558086676519452,12.665209323503245,-1,89448.95000000001,,False,False,False,True,False,False,True,False,True,True
LINK_USDT_28646bb1,LINK/USDT,1h,SELL,2026-01-21 10:00:00+00:00,backtest,SL,-1.254,-1.454,False,5.0,atr,12.3,12.45424437,1.0,-0.40612631533445975,0.4061,True,36.77345787487279,0.5591152624957597,0.5591152624957597,0.048925,41.225021151006445,0.0,0.2728,,0.3754924658703244,True,bearish,False,0.0,False,False,bearish,1,range,0.3,43.262411347517734,stable,3,weak,12.269,12.327,12.269,35932.3,12.301850626976133,12.35181167964542,12.616700494001838,12.311236520397886,12.360092847609964,41.225021151006445,-0.0499610526692873,-0.055963716912819934,0.006002664243532636,0.010108721822507695,36.77345787487279,15.593693835880217,24.981005482638327,0.10282958230085623,12.4519485226327,-1,131723.275,,False,False,False,True,False,False,False,False,True,True
LINK_USDT_eba3593c,LINK/USDT,1h,SELL,2026-01-21 16:00:00+00:00,backtest,TP,3.6869,3.4869,True,1.0,structural,12.356,11.90044165,3.69,-0.4965067456684988,0.4965,True,32.52075307780436,0.41735843592681193,0.41735843592681193,-0.073897,33.84502205096478,0.0,2.4355,,0.5707456346322073,True,bearish,False,0.0,False,False,bearish,1,expansion,1.0,91.83673469387756,falling,5,moderate,11.989,12.442,11.975,353696.6,12.233144014882395,12.293882400123628,12.538770119868888,12.302899447705936,12.324370640135992,33.84502205096478,-0.06073838524123332,-0.051878904806025236,-0.00885948043520808,0.025977972158365288,32.52075307780436,20.947654290846764,35.216295156651945,0.15185278247105982,12.626149076191679,-1,145226.33,,False,False,False,True,False,True,True,False,True,True
LINK_USDT_26e04b96,LINK/USDT,1h,SELL,2026-01-25 18:00:00+00:00,backtest,TP,2.3587,2.1587,True,1.0,atr,11.697,11.42110261,2.0,-1.0,1.1626,True,42.18809920052505,0.7396033066841684,0.7396033066841684,-0.374663,11.311528401509358,-1.0,2.7272,,1.0,False,,False,0.0,False,False,bearish,1,expansion,1.0,33.87755102040816,rising,5,moderate,11.613,11.75,11.552,300343.6,11.86134513902322,11.999240218647689,12.125906290353376,11.932300893029854,12.037864240512457,11.311528401509358,-0.13789507962446912,-0.094385515044282,-0.04350956458018712,-0.03293261472841433,42.18809920052505,5.07172696860313,45.943053084198354,0.09196579543960605,11.908683109955314,-1,110128.95000000001,,False,False,False,True,False,False,True,False,True,True
LINK_USDT_45938e7a,LINK/USDT,1h,SELL,2026-01-25 19:00:00+00:00,backtest,SL,-1.3466,-1.5466,False,6.0,atr,11.605,11.76127379,1.0,-1.0,1.5515,True,45.212523059845076,0.8404174353281691,0.8404174353281691,-0.514267,8.149201519468807,-1.0,2.161,,1.0,False,,False,0.0,False,False,bearish,1,expansion,1.0,49.59349593495935,rising,5,moderate,11.426,11.641,11.378,261586.3,11.764601774795839,11.947127471497899,12.10090963712647,11.86134513902322,11.999240218647689,8.149201519468807,-0.18252569670205965,-0.12376557559687455,-0.058760121105185095,-0.04350956458018712,45.212523059845076,4.157216455695792,49.5884252483035,0.10418252433677705,11.807164798959782,-1,121046.95000000001,,False,False,False,True,False,False,True,False,True,True
LINK_USDT_ae613284,LINK/USDT,1h,SELL,2026-01-29 14:00:00+00:00,backtest,TP,2.7646,2.5646,True,1.0,atr,11.579,11.25888388,2.0,-1.0,1.1101,True,32.45842275002161,0.4152807583340537,0.4152807583340537,-0.209604,14.452012241395632,-1.0,4.0622,,1.0,False,,False,0.0,False,False,bearish,1,expansion,1.0,52.818991097922854,rising,5,moderate,11.218,11.6,11.207,315051.2,11.503887795229772,11.631592028953055,11.774852760811285,11.58557002243828,11.672951231848359,14.452012241395632,-0.1277042337232821,-0.10419080797573194,-0.023513425747550165,0.005052885691877632,32.45842275002161,8.957469390391658,43.30693979269629,0.10670537422877102,11.67786463520163,-1,77557.495,,False,False,False,True,False,True,True,False,True,True
LINK_USDT_09ca08e4,LINK/USDT,1h,SELL,2026-01-29 17:00:00+00:00,backtest,TP,3.4973,3.2973,True,8.0,atr,11.146,10.75618837,2.0,-1.0,2.0041,True,39.81795172779286,0.6605983909264287,0.6605983909264287,-0.426722,14.771163908675396,-1.0,1.8575,,1.0,False,,False,0.0,True,True,bearish,1,expansion,1.0,87.6470588235294,rising,5,moderate,11.036,11.192,11.016,214713.5,11.259159826836504,11.484799420701016,11.69901366121759,11.32291977736122,11.52967936277112,14.771163908675396,-0.22563959386451238,-0.17854653246385,-0.047093061400662384,-0.051759583646381224,39.81795172779286,12.65108357273111,44.92195435786758,0.12993721107165096,11.334535354513319,-1,115592.64499999999,,False,False,False,True,False,False,True,False,True,True
LINK_USDT_e454a2ff,LINK/USDT,1h,SELL,2026-02-01 15:00:00+00:00,backtest,SL,-2.6243,-2.8243,False,23.0,atr,9.61,9.86219937,1.0,-1.0,1.4335,True,59.051729271490956,1.0,1.0,-0.274227,22.513830151918427,-1.0,2.5731,,1.0,False,,False,0.0,False,False,ranging,0,trend,1.0,94.6341463414634,rising,5,moderate,9.532,9.723,9.407,253816.0,9.767004879963835,9.907013921827314,10.27028756055522,9.834149131382073,9.944515314010046,22.513830151918427,-0.14000904186347896,-0.1138696961448803,-0.02613934571859866,-0.009566159342391328,59.051729271490956,7.336453639745855,37.425125186048284,0.1681329152885511,9.989102485659378,-1,98640.95000000001,,False,False,False,True,False,False,True,False,True,True
LINK_USDT_7b203268,LINK/USDT,1h,SELL,2026-02-05 00:00:00+00:00,backtest,TP,6.0197,5.8197,True,15.0,structural,9.212,8.65746329,4.05,-1.0,1.1002,True,24.555209791932914,0.1518403263977638,0.3,0.022912,41.036856901349445,0.0,0.3226,,0.5783098972595152,False,,True,1.0,True,True,bearish,1,range,0.3,91.64969450101833,rising,3,weak,9.236,9.307,9.209,94855.2,9.269673682897857,9.371657575085285,9.525604940688101,9.279294735154386,9.385223332593814,41.036856901349445,-0.10198389218742854,-0.10410004871959963,0.002116156532171093,-0.0007704704537429968,24.555209791932914,11.308754182798397,25.766501614286277,0.18484557050428518,9.573104781384764,-1,294033.90499999997,,False,False,False,True,True,False,False,False,True,True
LINK_USDT_48ee45c0,LINK/USDT,1h,SELL,2026-02-05 15:00:00+00:00,backtest,TP,7.3534,7.1534,True,5.0,atr,8.571,7.94073593,2.0,-1.0,2.2084,True,35.62859456988669,0.5209531523295562,0.5209531523295562,-0.518959,16.56351797979979,-1.0,4.0371,,1.0,False,,False,0.0,False,False,ranging,0,expansion,1.0,97.23320158102767,rising,5,moderate,8.456,8.874,8.302,956144.8,8.843739174461106,9.039044967623191,9.293892015127623,8.954521795735708,9.09734946438551,16.56351797979979,-0.19530579316208474,-0.15142266048600742,-0.043883132676077324,-0.013346574501833935,35.62859456988669,9.954201127005552,36.42296031413311,0.2100880234337306,9.145343459586504,-1,236840.69,,False,False,False,True,False,False,True,False,True,True
LINK_USDT_d7b919b1,LINK/USDT,1h,SELL,2026-02-05 20:00:00+00:00,backtest,TP,8.612,8.412,True,4.0,atr,8.233,7.52397574,2.0,-1.0,4.0321,True,44.33267772484437,0.8110892574948124,0.8110892574948124,-0.775044,15.78932262309198,-1.0,2.708,,1.0,False,,False,0.0,False,False,ranging,0,expansion,1.0,100.0,rising,5,moderate,7.982,8.318,7.849,830891.8,8.411633699218747,8.750797441570178,9.127561835871777,8.534386184709817,8.827677185727197,15.78932262309198,-0.3391637423514311,-0.2772997265170075,-0.06186401583442358,-0.04692328241758428,44.33267772484437,6.108638811310024,37.86519695676756,0.23634142114293918,8.716186339451236,-1,306831.45000000007,,False,False,False,True,False,False,True,False,True,True
LINK_USDT_5ffe2119,LINK/USDT,1h,SELL,2026-02-11 14:00:00+00:00,backtest,TP,3.7345,3.5345,True,1.0,structural,8.53,8.21144738,3.73,-1.0,1.1218,True,30.54859539621716,0.351619846540572,0.351619846540572,0.047098,33.42820851947839,0.0,4.1426,,-0.19705110123308786,False,,False,0.0,False,False,bearish,1,expansion,1.0,30.20030816640986,falling,3,weak,8.235,8.559,8.222,248247.0,8.293935604308636,8.386972877441737,8.535377955418511,8.31077434839682,8.402170165185911,33.42820851947839,-0.09303727313310084,-0.09691579141279746,0.0038785182796966244,0.007459233763553966,30.54859539621716,24.875683210371736,19.94940567954454,0.1061842063915657,8.436447033196382,-1,59924.840000000004,,False,False,False,True,False,False,True,False,True,True
LINK_USDT_146cec4b,LINK/USDT,1h,SELL,2026-02-11 16:00:00+00:00,backtest,SL,-2.0948,-2.2948,False,17.0,atr,8.34,8.51470508,1.0,-1.0,1.1949,True,27.123819341275098,0.23746064470916994,0.3,-0.027043,28.472115795874586,0.0,1.6842,,-0.12125862674610602,False,,False,0.0,False,False,bearish,1,expansion,1.0,47.004608294930875,stable,3,weak,8.168,8.358,8.155,121924.5,8.255936353223744,8.354589154910528,8.511947103954201,8.281061025573385,8.37324807040158,28.472115795874586,-0.09865280168678403,-0.09644396226310366,-0.0022088394236803727,0.003152497723068054,27.123819341275098,24.522261322325242,21.490795653672592,0.116470055511095,8.436447033196382,-1,72392.11500000002,,False,False,False,True,False,True,True,False,True,True
LINK_USDT_57fb4609,LINK/USDT,1h,SELL,2026-02-12 17:00:00+00:00,backtest,SL,-2.0297,-2.2297,False,2.0,atr,8.211,8.37766033,1.0,-0.3805223758674943,0.3805,True,21.288329246386965,0.04294430821289884,0.3,-0.475504,34.64952128054495,0.0,1.3671,,0.5208602660110434,False,,True,1.0,False,False,ranging,0,range,0.3,39.201183431952664,falling,4,moderate,8.227,8.305,8.175,109378.5,8.369221382662957,8.401068142709876,8.447809022664485,8.4098560634238,8.418474956980864,34.64952128054495,-0.03184676004691944,0.007272961319502421,-0.03911972136642186,-0.035451715559776595,21.288329246386965,15.590261432207678,28.611768082483763,0.11110688876262431,8.526171215664586,-1,80008.01,,False,False,False,True,False,False,False,False,True,True
LINK_USDT_95650835,LINK/USDT,1h,SELL,2026-02-12 19:00:00+00:00,backtest,SL,-2.0692,-2.2692,False,13.0,atr,8.279,8.45030661,1.0,-0.5320885891242698,0.5321,True,20.761359383087072,0.0253786461029024,0.3,-0.282841,42.43608178213845,0.0,1.254,,0.11419850441984308,False,,True,1.0,False,False,ranging,0,range,0.3,44.54277286135693,rising,4,moderate,8.3,8.42,8.245,102546.6,8.336689478401048,8.381048051826344,8.436406603982665,8.347172186515634,8.389152857008979,42.43608178213845,-0.04435857342529559,-0.020882801776063,-0.023475771649232587,-0.032835754541898264,20.761359383087072,21.146264394758028,24.001227005254105,0.11420440918818124,8.526171215664586,-1,81772.40500000001,,False,False,False,True,False,False,False,False,True,True
LINK_USDT_29dcf93d,LINK/USDT,1h,BUY,2026-02-13 21:00:00+00:00,backtest,TP,3.2847,3.0847,True,20.0,atr,8.835,9.12520318,2.0,1.0,1.6274,True,31.338007151946325,0.3779335717315442,0.3779335717315442,0.134643,77.46665207163792,-1.0,1.236,,0.9268271941974479,True,bullish,False,0.0,False,False,bullish,1,trend,0.6056334525324387,20.170454545454543,rising,5,moderate,8.83,8.842,8.789,67825.3,8.746474136201352,8.606414536999296,8.50882173596238,8.722609603687452,8.584055990699227,77.46665207163792,0.1400595992020559,0.12817058156378586,0.01188901763827005,0.016327540243574634,31.338007151946325,32.93398893999383,9.763309085057635,0.0967343943023611,8.576385949846635,1,54875.845000000016,,False,False,True,False,False,False,False,True,False,True
LINK_USDT_876d7b6f,LINK/USDT,1h,SELL,2026-02-22 15:00:00+00:00,backtest,TP,2.0448,1.8448,True,10.0,atr,8.708,8.52993494,2.0,-0.5774585258812306,0.5775,True,20.26771330814939,0.008923776938312974,0.3,-0.120512,27.21221848336708,-1.0,2.2959,,0.5387284608820191,True,bullish,True,1.0,False,False,bearish,2,compression,0.8358862144420132,3.282275711159737,rising,5,moderate,8.706,8.775,8.681,97196.6,8.760078156887399,8.810663975078205,8.814583322106214,8.775529058855229,8.821130372586026,27.21221848336708,-0.050585818190805654,-0.04009402461403813,-0.010491793576767522,-0.010753185905142973,20.26771330814939,15.530824036089372,28.99903555813985,0.05935501958181041,8.857230679939807,-1,42333.985,,False,False,False,True,False,False,True,False,True,True
LINK_USDT_4143ed53,LINK/USDT,1h,SELL,2026-02-23 01:00:00+00:00,backtest,SL,-1.5488,-1.7488,False,8.0,atr,8.318,8.44682823,1.0,-1.0,1.3872,True,30.164284049600603,0.3388094683200201,0.3388094683200201,-0.448672,12.51144538551891,-1.0,6.4786,,1.0,False,,False,0.0,False,False,ranging,0,expansion,1.0,20.346320346320347,rising,5,moderate,8.198,8.552,8.163,422342.9,8.546215341908152,8.664765142856753,8.745655329083597,8.645705439596195,8.711441657142428,12.51144538551891,-0.11854980094860146,-0.08176763529496944,-0.036782165653632015,-0.002359665078079387,30.164284049600603,9.462734697126807,52.88920753693214,0.08588548374482856,8.599190910611346,-1,65190.55000000001,,False,False,False,True,False,False,True,False,True,True
LINK_USDT_bcabc879,LINK/USDT,1h,SELL,2026-02-23 18:00:00+00:00,backtest,SL,-1.7989,-1.9989,False,31.0,atr,8.295,8.44422285,1.0,-0.8059191655660507,0.8059,True,25.861934972063995,0.19539783240213318,0.3,-0.163496,32.86655846599651,0.0,0.6371,,0.7070729731304864,True,bearish,False,0.0,False,False,bearish,1,trend,0.5143655828677333,37.30074388947928,rising,4,moderate,8.261,8.355,8.249,46990.3,8.367426701817916,8.434861397272558,8.573790974515733,8.39783433090875,8.452247536999813,32.86655846599651,-0.06743469545464187,-0.053928305283163704,-0.013506390171478165,-0.007238095893638087,25.861934972063995,17.153825729659527,34.83065005792169,0.0994819010477339,8.565860422314977,-1,73755.44,,False,False,False,True,False,False,False,False,True,True
LINK_USDT_717ea113,LINK/USDT,1h,BUY,2026-02-25 09:00:00+00:00,backtest,TP,3.369,3.169,True,4.0,atr,8.564,8.85252179,2.0,1.0,1.1109,True,26.05176134919452,0.20172537830648404,0.3,0.124367,69.44988577222378,0.0,0.6151,,0.4088257958096298,True,bullish,True,0.8,False,False,bullish,1,trend,0.5175293558199087,32.55102040816327,rising,5,moderate,8.576,8.58,8.513,27635.8,8.474329694181286,8.381219843701528,8.377731839443681,8.44528103537594,8.36174182807168,69.44988577222378,0.09310985047975784,0.08244410394141331,0.010665746538344525,0.006427976632018079,26.05176134919452,29.971942227707206,19.75129733246646,0.09617393111658618,8.334110108058649,1,44925.43,,False,False,True,False,False,False,False,True,False,True
LINK_USDT_0cc6ded6,LINK/USDT,1h,BUY,2026-02-26 09:00:00+00:00,backtest,SL,-1.5501,-1.7501,False,5.0,structural,9.29,9.146,1.0,0.9245179299211747,0.9245,True,37.44694611863073,0.5815648706210242,0.5815648706210242,-0.275548,59.46347389960792,0.0,0.6286,,0.509502960015009,True,bullish,False,0.0,False,False,bullish,1,range,0.3,66.63346613545816,falling,4,moderate,9.288,9.31,9.178,47861.1,9.253221574502994,9.168457540642544,8.879332263824493,9.24328488150385,9.156503294706798,59.46347389960792,0.08476403386045028,0.11035689724439646,-0.025592863383946174,-0.03637174213931747,37.44694611863073,28.155906947323853,15.418332946948627,0.12055490794495857,9.135922110086513,1,76137.18500000001,,False,False,True,False,False,False,False,True,False,True
LINK_USDT_01420ff8,LINK/USDT,1h,SELL,2026-02-28 06:00:00+00:00,backtest,TP,3.684,3.484,True,1.0,structural,8.609,8.2918447,2.35,-1.0,1.4949,True,33.666315412006526,0.45554384706688417,0.45554384706688417,-0.311433,14.657252809114581,-1.0,3.8623,,1.0,False,,False,0.0,False,False,bearish,1,expansion,1.0,46.139180171591995,rising,5,moderate,8.281,8.646,8.254,171263.1,8.595902472304122,8.72440670379228,8.844205442939373,8.685874607248156,8.768747374171507,14.657252809114581,-0.12850423148815793,-0.10271446458008802,-0.025789766908069903,0.006946814202701518,33.666315412006526,9.053847545121702,44.90486704982918,0.10571843348327875,8.723689843367316,-1,44342.69000000001,,False,False,False,True,False,True,True,False,True,True
LINK_USDT_90f0ff0c,LINK/USDT,1h,BUY,2026-03-01 13:00:00+00:00,backtest,SL,-2.0649,-2.2649,False,7.0,atr,8.835,8.65257039,1.0,0.6034222722110579,0.6034,True,30.146546933352347,0.3382182311117449,0.3382182311117449,-0.181401,59.96716285191631,0.0,1.6578,,0.36948132899192415,True,bullish,False,0.0,False,False,bearish,2,range,0.3,68.51851851851852,falling,5,moderate,8.962,9.01,8.781,73961.3,8.904653596764774,8.851243223784884,8.80022179295597,8.888268910126138,8.840167546163373,59.96716285191631,0.05341037297989004,0.06966754442566203,-0.01625717144577199,-0.02969476618578326,30.146546933352347,25.971713675467054,16.73468045066895,0.12161974230107447,8.740168330375216,1,44612.880000000005,,False,False,True,False,False,False,True,True,False,True
LINK_USDT_b4187b43,LINK/USDT,1h,BUY,2026-03-04 09:00:00+00:00,backtest,TP,4.2223,4.0223,True,10.0,atr,9.196,9.58428454,2.0,1.0,1.1053,True,20.12892072243603,0.004297357414534275,0.3,0.549278,81.25773984594036,-1.0,1.5702,,1.0,False,,True,1.0,False,False,ranging,0,expansion,1.0,75.17421602787456,rising,6,strong,9.211,9.289,9.149,94690.9,8.957052483471749,8.859131393013458,8.822885530132172,8.884496050177964,8.823944532314803,81.25773984594036,0.097921090458291,0.04732709113423833,0.050593999324052674,0.038521426390948604,20.12892072243603,40.118819730616046,12.403722775174849,0.12942818147934837,8.882512598861275,1,60303.89,,False,False,True,False,False,False,True,True,False,True
LINK_USDT_ce6f1d58,LINK/USDT,1h,BUY,2026-03-05 04:00:00+00:00,backtest,SL,-1.9596,-2.1596,False,12.0,atr,9.275,9.0932474,1.0,0.6546138706526452,0.6546,True,33.27073685417947,0.4423578951393156,0.4423578951393156,-0.281457,57.115148352856096,0.0,0.3274,,0.4168452464693266,True,bullish,False,0.0,False,False,bullish,1,range,0.3,65.46700942587832,falling,4,moderate,9.337,9.354,9.251,22658.1,9.320127799754578,9.259513738467582,9.078441496600114,9.31530717111303,9.251765112314342,57.115148352856096,0.06061406128699609,0.08689365631667459,-0.0262795950296785,-0.03649139503282525,33.27073685417947,27.301104137149885,16.87997297541672,0.12116839703741654,9.174618700245396,1,69216.37500000001,,False,False,True,False,False,False,False,True,False,True
LINK_USDT_9c967f66,LINK/USDT,1h,BUY,2026-03-09 14:00:00+00:00,backtest,TP,3.5866,3.3866,True,82.0,bos,8.866,9.18398859,3.59,0.9690680140886893,0.9691,True,24.1975710645732,0.13991903548577334,0.3,0.202803,73.73473940660132,-1.0,1.6216,,0.6319711442636798,True,bullish,True,0.8,False,False,bearish,2,range,0.3,43.91201885310291,rising,6,strong,8.924,8.966,8.829,77901.9,8.819360051319139,8.734714724799215,8.729339119965644,8.789462923124606,8.715786197279137,73.73473940660132,0.08464532651992407,0.06654714842372804,0.01809817809619603,0.016178666469839786,24.1975710645732,29.94352967209269,14.144251065500693,0.1059961971454291,8.62229453044163,1,48041.50000000001,,False,False,True,False,False,False,True,True,False,True
LINK_USDT_6d35275c,LINK/USDT,1h,BUY,2026-03-13 09:00:00+00:00,backtest,TP,3.2155,3.0155,True,4.0,atr,9.233,9.52988371,2.0,0.7624594016954319,0.7625,True,26.17416333882547,0.20580544462751563,0.3,-0.030119,62.72165290879233,0.0,0.667,,0.48921319274765956,True,bullish,False,0.0,False,False,bullish,1,range,0.3,35.410557184750736,falling,4,moderate,9.268,9.29,9.202,32775.6,9.216548923205552,9.146808223947017,9.058675006262419,9.201848615549995,9.13468904634172,62.72165290879233,0.06974069925853499,0.07253213522681382,-0.002791435968278827,-0.006768284002677857,26.17416333882547,23.088235621954308,10.857905803262819,0.09896123692833168,9.010797915040147,1,49140.235,,False,False,True,False,False,False,False,True,False,True
LINK_USDT_2b4713e7,LINK/USDT,1h,BUY,2026-03-13 13:00:00+00:00,backtest,SL,-1.0,-1.2,False,2.0,bos,9.41,9.3159,1.0,1.0,1.1707,True,31.951087347584632,0.3983695782528211,0.3983695782528211,0.223957,76.4280321855024,-1.0,2.8613,,1.0,True,bullish,False,0.0,False,False,bullish,1,trend,0.6158514557930772,45.90643274853801,rising,6,strong,9.519,9.572,9.368,140719.0,9.326995879380664,9.219067771290907,9.100667236638229,9.272137559203712,9.189074548419999,76.4280321855024,0.10792810808975695,0.08660960743995645,0.021318500649800495,0.007112653668656502,31.951087347584632,35.46545533953888,8.258927961965329,0.10567593939790915,9.197299083541331,1,49179.54500000001,,False,False,True,False,False,False,True,True,False,True
LINK_USDT_567c05f9,LINK/USDT,1h,BUY,2026-03-16 03:00:00+00:00,backtest,TP,3.6449,3.4449,True,1.0,atr,9.478,9.82346457,2.0,1.0,1.4272,True,39.52527704379541,0.6508425681265138,0.6508425681265138,0.325636,80.06727321170028,-1.0,5.1348,,1.0,False,,False,0.0,False,False,ranging,0,expansion,1.0,63.63636363636363,rising,6,strong,9.69,9.806,9.453,402556.7,9.471247795387118,9.337978062469395,9.219716247321921,9.408747165497724,9.302775868716335,80.06727321170028,0.13326973291772326,0.10171560013777309,0.03155413277995017,0.020032763033591056,39.52527704379541,37.81383158170374,5.429731476306942,0.1151548578315641,9.302030911169586,1,78397.64000000001,,False,False,True,False,False,False,True,True,False,True
LINK_USDT_7a102849,LINK/USDT,1h,BUY,2026-03-17 17:00:00+00:00,backtest,SL,-1.2609,-1.4609,False,18.0,structural,9.834,9.71,1.0,0.20353994096122732,0.2035,True,22.714617503005258,0.09048725010017525,0.3,0.093178,59.93579175680996,0.0,0.4826,,0.3692052829384672,True,bullish,False,0.0,False,False,bullish,1,range,0.3,43.46049046321526,rising,5,moderate,9.876,9.884,9.812,33165.4,9.815405284789854,9.795467595828429,9.656006496036039,9.798092509015527,9.787414355411274,59.93579175680996,0.019937688961425337,0.010735395972722595,0.009202292988702742,0.004543904125882058,22.714617503005258,21.07218695275561,11.842054879293931,0.10340933900859303,9.71975447474194,1,68727.88,,False,False,True,False,False,False,False,True,False,True
LINK_USDT_bfafcc42,LINK/USDT,1h,SELL,2026-03-18 14:00:00+00:00,backtest,TP,3.5274,3.3274,True,22.0,atr,9.326,8.99703831,2.0,-1.0,1.6579,True,23.100221250936883,0.10334070836456277,0.3,-0.695506,15.163572215411254,-1.0,2.5317,,1.0,False,,False,0.0,False,False,ranging,0,expansion,1.0,54.398925453324374,rising,5,moderate,9.193,9.397,9.174,146920.5,9.514241989721155,9.67197816953472,9.684456023577484,9.60602541535577,9.719875986488193,15.163572215411254,-0.1577361798135648,-0.09379832018847448,-0.06393785962509033,-0.05202118075649316,23.100221250936883,11.353465756165699,43.87065228539412,0.1096538953224122,9.576203717405793,-1,58031.62500000001,,False,False,False,True,False,False,True,False,True,True
LINK_USDT_f6ce487f,LINK/USDT,1h,BUY,2026-03-23 17:00:00+00:00,backtest,TP,4.305,4.105,True,42.0,atr,9.047,9.43647223,2.0,1.0,1.3975,True,39.864129636632065,0.6621376545544021,0.6621376545544021,0.254128,66.91152178363976,0.0,0.3541,,0.6622923165839478,False,,True,1.0,False,False,ranging,0,trend,0.7477354939438677,81.57568238213399,rising,5,moderate,9.12,9.132,9.007,20173.3,9.020961943514724,8.896634791858139,8.893757098837233,8.992665355947501,8.874298271043955,66.91152178363976,0.12432715165658514,0.10115071057425322,0.023176441082331925,0.028804594870459277,39.864129636632065,33.816476255252894,17.2591683406542,0.12982407806866653,8.850924414620536,1,56971.28999999999,,False,False,True,False,False,False,False,True,False,True
LINK_USDT_d71b17d3,LINK/USDT,1h,BUY,2026-03-25 12:00:00+00:00,backtest,SL,-1.3211,-1.5211,False,3.0,atr,9.435,9.31035097,1.0,0.8946562561719553,0.8947,True,25.2762930248426,0.17587643416142004,0.3,0.099525,75.03416306772263,-1.0,4.8411,,0.5784694326087791,False,,False,0.0,False,False,ranging,0,trend,0.5046048837473767,21.027190332326285,rising,6,strong,9.43,9.464,9.34,256537.1,9.361282826409369,9.278274166117413,9.158130652293798,9.341649348240617,9.263101582729155,75.03416306772263,0.08300866029195575,0.07362348927854238,0.009385171013413365,0.009616861739626892,25.2762930248426,25.77015398519349,11.308418169974013,0.08309935289060445,9.212034547196966,1,52991.00000000001,,False,False,True,False,False,False,True,True,False,True
LINK_USDT_1a2f0886,LINK/USDT,1h,SELL,2026-03-27 10:00:00+00:00,backtest,TP,2.8285,2.6285,True,3.0,bos,8.768,8.51999685,2.83,-1.0,1.0205,True,28.050246737210244,0.26834155790700814,0.3,-0.294983,15.053948493336392,-1.0,3.1439,,1.0,True,bearish,False,0.0,False,False,bullish,2,expansion,1.0,22.045855379188712,rising,5,moderate,8.585,8.782,8.563,142868.4,8.801078153508906,8.890894847766157,9.011927155848795,8.862814768797165,8.921484332542773,15.053948493336392,-0.08981669425725158,-0.06449237506381808,-0.025324319193433503,-0.006839348278507171,28.050246737210244,11.930866305152051,41.2567910755151,0.08266771779021852,8.88937983851007,-1,45442.90999999999,,False,False,False,True,False,False,True,False,True,True
LINK_USDT_a3791c4a,LINK/USDT,1h,BUY,2026-03-30 14:00:00+00:00,backtest,SL,-1.3527,-1.5527,False,3.0,atr,8.87,8.75001141,1.0,1.0,1.322,True,23.474571982265466,0.11581906607551555,0.3,0.087804,74.24517142052954,-1.0,1.2246,,0.3768010608737072,False,,True,0.8,True,True,bearish,1,range,0.3,21.60945413618458,rising,5,moderate,8.87,8.882,8.771,56375.5,8.803634444768726,8.688769698497403,8.627596218908595,8.78467285755979,8.670646668347143,74.24517142052954,0.11486474627132282,0.10707651937797066,0.0077882268933521515,0.010843783281353617,23.474571982265466,30.91644022162889,21.49641369978621,0.07999239084050033,8.691559219963466,1,46035.305000000015,,False,False,True,False,False,False,False,True,False,True
LINK_USDT_b298c3ad,LINK/USDT,1h,SELL,2026-04-02 06:00:00+00:00,backtest,SL,-1.6615,-1.8615,False,21.0,atr,8.529,8.67071164,1.0,-1.0,1.5401,True,33.284510242770224,0.4428170080923408,0.4428170080923408,-0.40684,27.485700720968588,-1.0,0.683,,0.6048248309227153,False,,True,1.0,False,False,ranging,0,trend,0.638075170712837,40.84736556219446,rising,4,moderate,8.552,8.564,8.519,34001.9,8.657229605129013,8.790556160749523,8.80137906717242,8.687295206594445,8.814411776824475,27.485700720968588,-0.13332655562050988,-0.09853357103841456,-0.034792984582095315,-0.04597949148266253,33.284510242770224,16.04737569921736,31.167996472285243,0.09447442483473754,8.772839878838006,-1,49780.77,,False,False,False,True,False,False,False,False,True,True
LINK_USDT_efaca666,LINK/USDT,1h,BUY,2026-04-06 09:00:00+00:00,backtest,SL,-1.0,-1.2,False,8.0,bos,9.037,8.94663,1.0,1.0,1.3733,True,46.33499397280411,0.8778331324268035,0.8778331324268035,0.098139,78.69269237168096,-1.0,1.1096,,1.0,True,bullish,True,1.0,False,False,bullish,1,range,0.3,23.969072164948454,stable,5,moderate,9.082,9.146,8.973,94978.6,8.956038999682765,8.834709748565624,8.734670981384012,8.920050142449268,8.809980723422187,78.69269237168096,0.12132925111714066,0.11241627548742618,0.008912975629714479,0.002109631354511851,46.33499397280411,41.654571156194514,5.676246485577224,0.07991531505282949,8.84322517013627,1,85600.035,,False,False,True,False,False,False,False,True,False,True
LINK_USDT_526efe32,LINK/USDT,1h,BUY,2026-04-07 23:00:00+00:00,backtest,SL,-1.8239,-2.0239,False,15.0,atr,9.269,9.09993955,1.0,1.0,1.1816,True,28.40170641117765,0.2800568803725883,0.3,0.85299,80.80579763912145,-1.0,2.3084,,1.0,False,,True,1.0,False,False,bearish,1,expansion,1.0,69.16076845298281,rising,6,strong,9.285,9.411,9.197,127458.1,8.930551586846756,8.826263169992222,8.80278276733672,8.829280611660113,8.780389486991444,80.80579763912145,0.1042884168545335,0.025088272477073025,0.07920014437746047,0.0634029243803266,28.40170641117765,52.209989697209586,12.171512276645798,0.11270696637849707,8.987568776573015,1,55214.395000000004,,False,False,True,False,False,False,True,True,False,True
LINK_USDT_d1dd21a1,LINK/USDT,1h,BUY,2026-04-14 13:00:00+00:00,backtest,SL,-1.0,-1.2,False,3.0,structural,9.132,9.04068,1.0,0.6407999210289202,0.6408,True,32.292199341859614,0.40973997806198714,0.40973997806198714,-0.141887,60.76228803622345,0.0,0.7717,,0.43478878411242733,False,,True,1.0,False,False,ranging,0,range,0.3,30.196629213483146,falling,4,moderate,9.233,9.239,9.112,65354.3,9.185732397656636,9.127245018784151,9.012738721403338,9.172227368415676,9.116669520662567,60.76228803622345,0.058487378872484896,0.07158776797669038,-0.013100389104205482,-0.02258011477568421,32.292199341859614,29.3672325024835,18.497512899672817,0.0813289515170012,9.063727362758302,1,84684.42000000001,,False,False,True,False,False,False,False,True,False,True
LINK_USDT_5c5f857c,LINK/USDT,1h,BUY,2026-04-15 17:00:00+00:00,backtest,TP,2.4325,2.2325,True,22.0,structural,9.216,9.44017952,2.43,0.5319091949247113,0.5319,True,20.86083246361396,0.028694415453798663,0.3,0.145737,68.13903959923856,0.0,0.9209,,0.6363812784531278,True,bullish,False,0.0,False,False,bullish,1,range,0.3,21.34935304990758,rising,5,moderate,9.237,9.256,9.193,71555.3,9.166169603710252,9.117671868677691,9.06371727704666,9.145932347627467,9.10573905554546,68.13903959923856,0.048497735032560385,0.0350359654256613,0.013461769606899085,0.011888211459795198,20.86083246361396,26.098225080483502,10.188693119155307,0.07472650650768388,9.039599239115057,1,77703.025,,False,False,True,False,False,False,False,True,False,True
LINK_USDT_b767279d,LINK/USDT,1h,SELL,2026-04-29 18:00:00+00:00,backtest,SL,-1.355,-1.555,False,3.0,atr,8.961,9.08241744,1.0,-0.7254039572861425,0.7254,True,24.93109045366305,0.16436968178876832,0.3,-0.284198,28.63921744426692,0.0,1.9471,,1.0,True,bullish,True,1.0,False,False,bullish,1,expansion,1.0,36.02558976409436,rising,5,moderate,9.029,9.155,8.903,269851.0,9.15347753053609,9.219877218771897,9.26270381729636,9.189042539260688,9.238964940649089,28.63921744426692,-0.06639968823580666,-0.04073943348778433,-0.025660254748022332,-0.022013095274627158,24.93109045366305,12.635984162430383,41.4053861618717,0.08094495816435955,9.25373994148364,-1,138587.72000000003,,False,False,False,True,False,False,True,False,True,True
LINK_USDT_b37e7a6f,LINK/USDT,1h,SELL,2026-04-30 02:00:00+00:00,backtest,SL,-1.2219,-1.4219,False,96.0,atr,9.165,9.27698887,1.0,-0.43825752663722467,0.4383,True,26.78900888614768,0.22630029620492267,0.3,0.091035,41.251645970225944,0.0,0.2525,,0.5776407979659466,True,bullish,True,1.0,False,False,bearish,2,range,0.3,27.461139896373055,falling,3,weak,9.089,9.175,9.056,36570.8,9.118608883671117,9.158571873428416,9.221816912400337,9.127068564720007,9.16552906077126,41.251645970225944,-0.03996298975729928,-0.04823717269315357,0.008274182935854288,0.013913768109828466,26.78900888614768,18.504526002075114,32.94554595122378,0.07465924547602008,9.219765947335278,-1,144848.755,,False,False,False,True,False,False,False,False,True,True
LINK_USDT_bc9d4416,LINK/USDT,1h,BUY,2026-05-05 20:00:00+00:00,backtest,TP,2.3781,2.1781,True,12.0,atr,9.749,9.98084035,2.0,0.8668002783515193,0.8668,True,37.82356883482369,0.5941189611607897,0.5941189611607897,-0.013343,72.06212776514931,-1.0,0.4961,,0.8334298350388519,True,bullish,False,0.0,False,False,bullish,1,range,0.3,33.24518322629392,falling,4,moderate,9.792,9.797,9.72,65128.7,9.71555347421465,9.632062727680125,9.474494479574727,9.69371160970455,9.616069000448139,72.06212776514931,0.08349074653452426,0.08479726797594277,-0.001306521441418504,-0.0078079194402404795,37.82356883482369,33.47592241388351,12.640176537912213,0.07728011829108615,9.572297838525177,1,131282.88999999998,,False,False,True,False,False,False,False,True,False,True
LINK_USDT_a752fd66,LINK/USDT,1h,BUY,2026-05-06 08:00:00+00:00,backtest,TP,2.5535,2.3535,True,1.0,atr,9.921,10.17433735,2.0,1.0,1.0208,True,40.03264283790534,0.6677547612635114,0.6677547612635114,0.1512,82.3231485880963,-1.0,2.7727,,1.0,False,,False,0.0,False,False,ranging,0,expansion,1.0,44.18954494170741,rising,6,strong,10.079,10.079,9.861,255745.4,9.891980703410509,9.792026123674624,9.608710304706035,9.838546618670653,9.763328736042087,82.3231485880963,0.09995457973588451,0.08471516273837705,0.015239416997507457,-0.0018775716110572133,40.03264283790534,37.83069188448593,9.834587349245552,0.08444578284008217,9.752745217613702,1,92236.23,,False,False,True,False,True,False,True,True,False,True
LINK_USDT_8881c1bd,LINK/USDT,1h,BUY,2026-05-06 09:00:00+00:00,backtest,SL,-1.3077,-1.5077,False,4.0,atr,10.117,9.98470052,1.0,1.0,1.2817,True,41.88434108101216,0.7294780360337386,0.7294780360337386,0.270471,85.13536861729995,-1.0,5.0004,,1.0,False,,False,0.0,False,False,ranging,0,expansion,1.0,49.097744360902254,rising,6,strong,10.159,10.19,10.053,591767.8,9.95131832487484,9.825387385158749,9.628363508109391,9.891980703410509,9.792026123674624,85.13536861729995,0.12593093971609193,0.09845375506428201,0.027477184651809913,0.015239416997507457,41.88434108101216,42.62273782248494,8.743444063274689,0.08819965549436191,9.891720695852333,1,118343.055,,False,False,True,False,False,False,True,True,False,True
LINK_USDT_f7cbaf72,LINK/USDT,1h,BUY,2026-05-07 07:00:00+00:00,backtest,SL,-1.3171,-1.5171,False,3.0,atr,10.092,9.95907836,1.0,0.312962695592251,0.313,True,22.195257284741643,0.07317524282472145,0.3,0.163168,66.51610122120684,0.0,0.3853,,0.5591409339045978,True,bearish,True,1.0,False,False,bullish,2,range,0.3,49.47800149142431,rising,5,moderate,10.111,10.127,10.046,73441.7,10.003703591761061,9.972493407574955,9.832457918273734,9.973047475121364,9.958642748332451,66.51610122120684,0.031210184186106105,0.014712297053771015,0.01649788713233509,0.007941373301308998,22.195257284741643,28.493815096620416,14.515291749005469,0.08861442568629363,9.86576778958128,1,190590.425,,False,False,True,False,False,False,False,True,False,True
LINK_USDT_c9c7f447,LINK/USDT,1h,BUY,2026-05-07 11:00:00+00:00,backtest,SL,-1.2626,-1.4626,False,3.0,atr,10.012,9.88558534,1.0,0.2413863092016466,0.2414,True,20.681727655191565,0.02272425517305218,0.3,-0.00041,54.08931247259675,0.5,0.177,,0.21006137935228608,False,,True,1.0,False,False,ranging,0,range,0.3,43.63365599404319,falling,5,moderate,10.021,10.04,9.982,31148.0,10.01006985578697,9.985965103186224,9.857251801894575,10.00694695744039,9.982461613504848,54.08931247259675,0.024104752600745627,0.024145887136770298,-4.113453602467079e-05,0.00031888953075906445,20.681727655191565,23.800202622062283,18.54866813825513,0.08427643721434382,9.86576778958128,1,176023.835,,False,False,True,False,False,True,False,True,False,True
LINK_USDT_d8deacd9,LINK/USDT,1h,BUY,2026-05-08 18:00:00+00:00,backtest,TP,2.9195,2.7195,True,47.0,atr,10.419,10.72318367,2.0,1.0,1.246,True,22.061143219804137,0.06870477399347123,0.3,0.463634,90.54062479389712,-1.0,1.2457,,1.0,False,,True,1.0,False,False,ranging,0,expansion,1.0,65.10857563489142,rising,5,moderate,10.378,10.49,10.289,235949.7,10.130517062500154,10.00584277924062,9.92223522022347,10.059807651785912,9.968627057164683,90.54062479389712,0.12467428325953378,0.07655829596107096,0.04811598729846282,0.038680292309388756,22.061143219804137,43.7384725766599,10.410465025033563,0.10139455527921366,10.117696549975339,1,189405.16000000003,,False,False,True,False,False,False,False,True,False,True
LINK_USDT_b129269c,LINK/USDT,1h,BUY,2026-05-10 17:00:00+00:00,backtest,SL,-1.1021,-1.3021,False,3.0,atr,10.703,10.58503927,1.0,0.9933457975405118,0.9933,True,25.686239996696163,0.1895413332232054,0.3,0.265172,80.10431507873447,-1.0,1.7468,,1.0,False,,False,0.0,False,False,bearish,1,expansion,1.0,35.09406657018813,rising,6,strong,10.788,10.797,10.664,177987.4,10.611840532552876,10.507465069853449,10.365840776760503,10.56150925613941,10.479411576838793,80.10431507873447,0.10437546269942644,0.07576866099905025,0.02860680170037619,0.020632419151754573,25.686239996696163,39.30810605578877,10.675247285850983,0.07864048585171723,10.524837121514574,1,101894.73499999999,,False,False,True,False,False,False,True,True,False,True
LINK_USDT_715e91c3,LINK/USDT,1h,BUY,2026-05-13 09:00:00+00:00,backtest,SL,-1.2869,-1.4869,False,2.0,atr,10.711,10.57316431,1.0,0.9366696891983889,0.9367,True,25.612694580489098,0.1870898193496366,0.3,0.31161,79.24053715839216,-1.0,2.1481,,0.9736918751502677,False,,True,0.8,False,False,ranging,0,expansion,1.0,54.27864214992928,rising,6,strong,10.703,10.802,10.64,187367.9,10.543087361442213,10.445249871930804,10.431659936547728,10.497398036139987,10.419474859123884,79.24053715839216,0.09783748951140936,0.06448590945970285,0.033351580051706506,0.030113057582253695,25.612694580489098,36.71625507427936,12.37395819552267,0.09189046090308735,10.484451596056843,1,87224.44000000002,,False,False,True,False,False,False,True,True,False,True
LINK_USDT_e8a6d681,LINK/USDT,1h,BUY,2026-05-14 16:00:00+00:00,backtest,SL,-1.6545,-1.8545,False,1.0,atr,10.753,10.57509694,1.0,1.0,1.06,True,24.028254472448843,0.1342751490816281,0.3,0.504029,75.64527525766415,-1.0,2.4052,,0.933181235877631,False,,False,0.0,False,False,ranging,0,expansion,1.0,83.38579923050018,rising,6,strong,10.706,10.766,10.584,198711.6,10.450083113529953,10.340477748489075,10.336232098964171,10.376964003109938,10.303925523337982,75.64527525766415,0.1096053650408777,0.05564403767436228,0.05396132736651542,0.04437510578085131,24.028254472448843,35.34764120605199,12.018110309111215,0.11860203793581445,10.359401983003055,1,82618.975,,False,False,True,False,False,False,True,True,False,True
LINK_USDT_4bd1b30b,LINK/USDT,1h,SELL,2026-05-16 06:00:00+00:00,backtest,TP,2.371,2.171,True,3.0,atr,9.913,9.67796652,2.0,-0.894476069501216,0.8945,True,35.22514302885226,0.5075047676284086,0.5075047676284086,-0.105495,22.102823593375557,-1.0,2.1924,,1.0,False,,False,0.0,False,False,ranging,0,trend,0.6704190504808709,33.17224715222644,rising,5,moderate,9.878,9.959,9.831,142615.5,9.996903392743622,10.086323301282869,10.210608284757038,10.030875790670372,10.107155631411157,22.102823593375557,-0.08941990853924686,-0.07899913119836979,-0.010420777340877069,-0.002491098212853718,35.22514302885226,9.773896706030545,37.89392074481039,0.07834449308675982,10.081679708804474,-1,65050.245,,False,False,False,True,False,False,True,False,True,True
LINK_USDT_040abcb2,LINK/USDT,1h,SELL,2026-05-16 09:00:00+00:00,backtest,TP,2.6336,2.4336,True,38.0,atr,9.767,9.50977203,2.0,-1.0,1.3958,True,41.968612845939425,0.7322870948646475,0.7322870948646475,-0.278937,13.356065329108223,-1.0,1.8513,,1.0,False,,False,0.0,False,False,ranging,0,trend,0.7828102140989904,44.862068965517246,rising,5,moderate,9.678,9.806,9.649,118162.8,9.867338633348508,10.005064839431155,10.16427236100915,9.921435385733796,10.03777132337427,13.356065329108223,-0.13772620608264674,-0.1107306591784462,-0.026995546904200543,-0.01910305191412899,41.968612845939425,7.150315935344989,47.66538636533166,0.08574265718353183,9.941877007718462,-1,63828.02999999999,,False,False,False,True,False,False,True,False,True,True
LINK_USDT_3fd1240b,LINK/USDT,1h,SELL,2026-05-17 23:00:00+00:00,backtest,TP,2.6458,2.4458,True,11.0,structural,9.664,9.40830964,2.28,-0.35709181970065373,0.3571,True,20.154155938561832,0.0051385312853944026,0.3,-0.147361,28.18241796867965,0.0,2.8347,,1.0,True,bullish,True,1.0,False,False,bullish,1,expansion,1.0,44.89448604492852,rising,5,moderate,9.562,9.686,9.322,234616.7,9.687880199026377,9.7224748267195,9.831436599713212,9.723845970176772,9.738522309391449,28.18241796867965,-0.034594627693122604,-0.02050394578729131,-0.014090681905831293,-0.0012177343803017032,20.154155938561832,13.86165293528849,45.85613487082586,0.08523011994794479,9.739887526086369,-1,82766.74,,False,False,False,True,False,False,True,False,True,True
LINK_USDT_25667aee,LINK/USDT,1h,SELL,2026-05-18 10:00:00+00:00,backtest,SL,-1.2251,-1.4251,False,1.0,atr,9.416,9.53135248,1.0,-0.946053764741942,0.9461,True,37.60310662693658,0.586770220897886,0.586770220897886,-0.069046,23.293166274900013,-1.0,1.1147,,0.9708578867997226,False,,True,1.0,False,False,bearish,1,trend,0.7100517771156096,31.875211936249574,rising,4,moderate,9.401,9.44,9.4,77303.1,9.475114854985234,9.564754535784445,9.717869993583243,9.496290527838159,9.581129989362891,23.293166274900013,-0.08963968079921081,-0.08314866826090994,-0.0064910125383008666,-0.00493629953297238,37.60310662693658,8.903889749996805,33.175336919989874,0.07690165472936464,9.611709045486858,-1,69348.74500000001,,False,False,False,True,False,False,False,False,True,True
LINK_USDT_680c9c80,LINK/USDT,1h,SELL,2026-05-18 13:00:00+00:00,backtest,SL,-1.3723,-1.5723,False,11.0,atr,9.547,9.67801819,1.0,-0.5865046028187455,0.5865,True,34.08751333790805,0.46958377793026834,0.46958377793026834,0.124992,42.50175233130778,0.0,1.6399,,0.43704550345369086,False,,True,1.0,False,False,bearish,1,range,0.3,48.170731707317074,falling,4,moderate,9.481,9.574,9.441,126782.8,9.4979346985733,9.55364052275315,9.69748610986238,9.502773183879956,9.560904575028466,42.50175233130778,-0.05570582417985115,-0.06755628076919226,0.011850456589341113,0.015350117915352401,34.08751333790805,17.77541121210704,28.701548798449313,0.08734545752201672,9.611709045486858,-1,77309.01000000001,,False,False,False,True,False,False,True,False,True,True
LINK_USDT_2c686ee6,LINK/USDT,1h,SELL,2026-05-22 23:00:00+00:00,backtest,TP,3.4263,3.2263,True,8.0,atr,9.542,9.21506319,2.0,-1.0,1.1121,True,28.94889545646592,0.29829651521553063,0.3,-0.343753,27.605947707208937,-1.0,0.7313,,1.0,True,bullish,True,0.8,False,False,bullish,1,trend,0.565814924274432,74.68933943754088,rising,4,moderate,9.413,9.545,9.36,74637.7,9.567224124520246,9.673619015856001,9.688840591608695,9.611288160097459,9.6996809174416,27.605947707208937,-0.1063948913357553,-0.07403737941237448,-0.03235751192338082,-0.030534133893457813,28.94889545646592,12.241743976858142,37.656720707978856,0.10897893825804848,9.742451015862788,-1,102061.27000000002,,False,False,False,True,False,False,False,False,True,True
LINK_USDT_07f5513a,LINK/USDT,1h,SELL,2026-05-23 07:00:00+00:00,backtest,SL,-1.5672,-1.7672,False,13.0,atr,9.301,9.44676465,1.0,-1.0,1.6506,True,41.85836427299405,0.7286121424331351,0.7286121424331351,-0.218249,14.84451254430501,-1.0,2.2891,,1.0,False,,True,0.8,False,False,ranging,0,trend,0.7809727378832342,61.74168297455969,rising,5,moderate,9.118,9.329,9.059,281131.9,9.334981758639838,9.489067488617838,9.600264973907635,9.39697654682265,9.526174237479621,14.84451254430501,-0.15408572997800007,-0.13418579877744757,-0.0198999312005525,-0.004961857479799867,41.85836427299405,7.588351427143398,47.90700383975041,0.09717643497083389,9.44082481373512,-1,122810.77000000003,,False,False,False,True,False,False,True,False,True,True
LINK_USDT_e779003b,LINK/USDT,1h,SELL,2026-05-25 01:00:00+00:00,backtest,SL,-1.3037,-1.5037,False,9.0,atr,9.449,9.57218758,1.0,-0.37290942109295727,0.3729,True,24.59322200845113,0.15310740028170428,0.3,0.017896,42.55883464691407,0.0,2.257,,0.5263124017638919,False,,False,0.0,False,False,bearish,1,range,0.3,40.31531531531532,falling,4,moderate,9.377,9.477,9.376,474932.1,9.4112258378988,9.446321185688658,9.4860484472658,9.421004648727028,9.453253304257524,42.55883464691407,-0.03509534778985923,-0.036773498361237916,0.0016781505713786837,0.005363918116430652,24.59322200845113,17.427050309755195,30.584860353852495,0.0821250542118693,9.514986275407466,-1,210422.10500000004,,False,False,False,True,False,False,True,False,True,True
LINK_USDT_3e925e09,LINK/USDT,1h,SELL,2026-06-03 15:00:00+00:00,backtest,TP,3.8633,3.6633,True,5.0,atr,8.454,8.12739933,2.0,-0.4458490999233787,0.4458,True,43.01776634366051,0.7672588781220171,0.7672588781220171,-0.043338,36.42007710580457,0.0,1.8336,,0.6346590521256428,False,,False,0.0,False,False,ranging,0,range,0.3,76.06351108448173,stable,5,moderate,8.374,8.493,8.37,87285.4,8.474713686867961,8.512498121561945,8.679454083809661,8.503489025973092,8.52634793371814,36.42007710580457,-0.03778443469398418,-0.034155310086273316,-0.003629124607710865,0.009481840037369599,43.01776634366051,13.509417739773076,29.375894042914144,0.10886689066474028,8.598650207548518,-1,47603.1,,False,False,False,True,False,True,True,False,True,True
LINK_USDT_bc868ca0,LINK/USDT,1h,SELL,2026-06-03 20:00:00+00:00,backtest,SL,-2.2282,-2.4282,False,2.0,atr,8.263,8.44711891,1.0,-1.0,1.2928,True,45.91624706766241,0.8638749022554137,0.8638749022554137,-0.330173,25.735218245214426,-1.0,2.3773,,0.9257479133744675,False,,False,0.0,False,False,ranging,0,trend,0.8486041177943735,87.73556685611726,rising,5,moderate,8.148,8.272,8.11,135317.1,8.308033208609626,8.415439395944107,8.61003145745373,8.35375698249809,8.442183335538518,25.735218245214426,-0.10740618733448137,-0.08050365260406832,-0.026902534730413055,-0.021373967801565447,45.91624706766241,8.271835659085049,31.415533493446738,0.12274594000190306,8.506822173946086,-1,56921.01500000001,,False,False,False,True,False,False,True,False,True,True
LINK_USDT_905ab116,LINK/USDT,1h,SELL,2026-06-05 05:00:00+00:00,backtest,TP,5.386,5.186,True,1.0,atr,7.821,7.39976006,2.0,-1.0,1.4717,True,39.07048261523013,0.6356827538410043,0.6356827538410043,-0.292943,28.937745533188007,0.0,1.8143,,0.7960516880915517,False,,False,0.0,False,False,ranging,0,trend,0.7345080435871688,92.38744075829383,rising,5,moderate,7.648,7.892,7.637,116442.6,7.845317702583533,7.960773510006083,8.185515719276957,7.901694189035972,7.992050861006692,28.937745533188007,-0.11545580742255002,-0.09305150246989138,-0.022404304952658632,-0.00850732197715777,39.07048261523013,9.487161841146564,29.388454043435356,0.14041331359590428,8.116544406891906,-1,64181.79999999999,,False,False,False,True,False,False,True,False,True,True
LINK_USDT_6c2e863c,LINK/USDT,1h,SELL,2026-06-05 13:00:00+00:00,backtest,TP,6.2924,6.0924,True,6.0,atr,7.598,7.1199064,2.0,-1.0,2.2643,True,49.30414024944392,0.976804674981464,0.976804674981464,-0.177594,29.41780848474098,0.0,1.5513,,0.99262686032701,False,,False,0.0,False,False,bearish,1,range,0.3,95.47872340425532,stable,5,moderate,7.372,7.656,7.369,117798.7,7.563846276262744,7.735112712836974,8.023321900808945,7.6186594980521,7.7714239841206725,29.41780848474098,-0.17126643657423024,-0.15817420036907004,-0.013092236205160201,-0.001136403802082464,49.30414024944392,6.3044395408516225,31.12011104902687,0.1593645318647668,7.896589966202715,-1,75934.885,,False,False,False,True,False,False,True,False,True,True
LINK_USDT_0d43764b,LINK/USDT,1h,BUY,2026-06-07 23:00:00+00:00,backtest,SL,-1.0175,-1.2175,False,5.0,bos,7.883,7.80279,1.0,0.9731286093092715,0.9731,True,25.054098178716725,0.16846993929055748,0.3,0.181725,70.61568900658538,0.0,0.3801,,0.6958288188212981,True,bullish,False,0.0,True,True,bullish,1,trend,0.5009016363119454,78.93666472980824,rising,5,moderate,7.91,7.927,7.842,30703.2,7.759642757943693,7.684859194536524,7.634112494574483,7.716683545927606,7.6623451139901775,70.61568900658538,0.07478356340716896,0.06040909136687628,0.014374472040292685,0.0011165765906985606,25.054098178716725,33.20704996188951,15.811329491357059,0.11333481900801459,7.593070965468431,1,80771.93500000001,,False,False,True,False,False,False,False,True,False,True
LINK_USDT_3e6b6944,LINK/USDT,1h,BUY,2026-06-08 07:00:00+00:00,backtest,SL,-2.0763,-2.2763,False,33.0,atr,7.865,7.7016951,1.0,0.7810566836567149,0.7811,True,23.483951089612535,0.11613170298708451,0.3,-0.069449,61.41828878856555,0.0,0.8692,,0.45615232166620784,True,bullish,False,0.0,True,True,bearish,2,range,0.3,74.23188405797102,falling,4,moderate,7.901,7.93,7.8,50867.5,7.836222076906544,7.775491084106994,7.690875657573512,7.817714098879842,7.762940192517694,61.41828878856555,0.06073099279954963,0.06621818331449003,-0.005487190514940399,-0.014187872209812269,23.483951089612535,31.31267104372332,19.908863002068124,0.10886993161156246,7.64771386892159,1,58519.39000000001,,False,False,True,False,False,False,False,True,False,True
LINK_USDT_d66b80a9,LINK/USDT,1h,BUY,2026-06-12 03:00:00+00:00,backtest,SL,-1.3962,-1.5962,False,3.0,atr,7.905,7.79462859,1.0,0.5179786766876272,0.518,True,21.234779967360716,0.041159332245357186,0.3,-0.053892,58.86589193672707,0.0,0.6815,,0.2905338113641775,True,bullish,False,0.0,True,True,bullish,1,range,0.3,25.635234330886504,falling,4,moderate,7.9,7.914,7.869,26380.0,7.88936989786293,7.848715226595232,7.805281410523196,7.886332725823767,7.843586749254754,58.86589193672707,0.040654671267698284,0.04491215890211976,-0.004257487634421478,-0.004294926150318137,21.234779967360716,22.02701483936537,14.763669555260934,0.07358093941769764,7.724138478223392,1,38709.93499999999,,False,False,True,False,False,False,False,True,False,True
LINK_USDT_c3f520a9,LINK/USDT,1h,SELL,2026-06-14 18:00:00+00:00,backtest,SL,-1.0,-1.2,False,3.0,atr,7.827,7.90527,1.0,-0.5501416379837387,0.5501,True,20.744693500138247,0.024823116671274903,0.3,-0.082154,26.160902067615265,-1.0,2.0457,,0.6708041467318637,True,bullish,True,0.8,False,False,bullish,1,compression,0.8196948682385576,3.6061026352288486,rising,5,moderate,7.809,7.833,7.777,77248.7,7.844551741109491,7.887707886550513,7.899111525875286,7.854709381426488,7.895578675205565,26.160902067615265,-0.04315614544102164,-0.03674076940301522,-0.006415376038006425,-0.007336212395064441,20.744693500138247,14.002090692879976,30.77219436117657,0.04635492405602126,7.91941299776477,-1,37762.105,,False,False,False,True,False,False,True,False,True,True
LINK_USDT_f5248129,LINK/USDT,1h,BUY,2026-06-14 23:00:00+00:00,backtest,TP,2.5356,2.3356,True,11.0,bos,8.112,8.31768848,1.9,0.6742228712862312,0.6742,True,25.576465983401025,0.18588219944670084,0.3,0.516569,81.68235223939519,-1.0,0.9817,,0.9537596227474944,True,bullish,True,0.8,False,False,bearish,2,range,0.3,20.055401662049864,falling,5,moderate,8.177,8.177,8.086,52242.6,7.992256111243666,7.9387313686661445,7.917699507902015,7.9394721430275705,7.91490450553276,81.68235223939519,0.0535247425775216,0.011284880717828953,0.04223986185969265,0.03440268770682832,25.576465983401025,38.20689293306467,14.362902364377312,0.06856282690533011,7.94249649394988,1,53215.23,,False,False,True,False,False,False,False,True,False,True
LINK_USDT_c0a6b4ed,LINK/USDT,1h,BUY,2026-06-15 10:00:00+00:00,backtest,TP,2.5149,2.3149,True,1.0,bos,8.22,8.42672862,2.51,1.0,1.2158,True,37.03993454209558,0.5679978180698526,0.5679978180698526,0.095394,80.14981155848942,-1.0,1.8453,,1.0,True,bullish,True,0.8,False,False,bearish,2,range,0.3,20.51919359293013,stable,6,strong,8.336,8.338,8.199,96777.4,8.209101325537375,8.11049689384299,8.009240818429518,8.172844561405196,8.08794658322729,80.14981155848942,0.09860443169438504,0.09065236312491234,0.007952068569472698,-0.0017783506622695427,37.03993454209558,35.40198977768619,10.157672429139309,0.06890954075377557,8.088839564579212,1,52445.26,,False,False,True,False,True,False,True,True,False,True
LINK_USDT_c3f54bbb,LINK/USDT,1h,BUY,2026-06-15 12:00:00+00:00,backtest,TP,2.7171,2.5171,True,3.0,bos,8.311,8.53682213,1.62,1.0,1.3311,True,40.48554065327562,0.6828513551091874,0.6828513551091874,0.112074,76.49706306265641,-1.0,0.8945,,1.0,True,bullish,True,0.8,False,False,bearish,2,trend,0.7580923442212604,29.450731438034776,rising,5,moderate,8.35,8.356,8.277,51273.9,8.25664154260903,8.148179251109909,8.031527495708058,8.22996769764018,8.1279971762209,76.49706306265641,0.10846229149912112,0.0991041522039527,0.009358139295168419,0.007545438862912271,40.48554065327562,37.54860989195817,9.536130835472086,0.07527404279279633,8.16980560812129,1,57321.840000000004,,False,False,True,False,False,False,False,True,False,True
LINK_USDT_6429d3fb,LINK/USDT,1h,BUY,2026-06-17 04:00:00+00:00,backtest,SL,-1.4394,-1.6394,False,4.0,atr,8.35,8.22981243,1.0,0.2958076609469249,0.2958,True,20.356144238593945,0.01187147461979817,-0.3,0.082366,56.85127850167149,0.0,0.2874,,0.5249271697131106,False,,True,0.8,False,False,bearish,1,range,0.3,36.41823641823642,rising,4,moderate,8.349,8.393,8.329,25604.7,8.327303198278276,8.302743048272747,8.243433203578325,8.32110411207207,8.298117353100022,56.85127850167149,0.024560150005529024,0.01768338651948765,0.006876763486041375,0.008741754195582199,20.356144238593945,28.074905573016615,14.951726330188851,0.08012504996907409,8.40325869171512,-1,89105.125,,False,False,True,False,False,False,False,False,True,True
LINK_USDT_2716f97c,LINK/USDT,1h,SELL,2026-06-18 04:00:00+00:00,backtest,SL,-1.8108,-2.0108,False,9.0,atr,7.965,8.10923091,1.0,-0.8942480129081508,0.8942,True,24.297205133579162,0.1432401711193054,0.3,-0.117011,30.952946294448378,0.0,3.679,,0.753763482270798,False,,False,0.0,False,False,bearish,1,range,0.3,62.00162733930025,stable,5,moderate,7.947,8.029,7.931,316642.2,8.053069408746307,8.125083821912135,8.180626077204863,8.083374954102393,8.142892204103347,30.952946294448378,-0.07201441316582802,-0.06271552594860164,-0.009298887217226381,-0.0014511676609662016,24.297205133579162,12.702395004451303,31.546482061221255,0.09615394106835899,8.220537796325738,-1,86068.12000000002,,False,False,False,True,False,False,True,False,True,True
ADA_USDT_7b2262e6,ADA/USDT,1h,SELL,2026-01-16 15:00:00+00:00,backtest,SL,-1.051,-1.251,False,5.0,structural,0.3901,0.3942,1.0,-0.8773066694342397,0.8773,True,36.07582989851895,0.5358609966172982,0.5358609966172982,-0.173248,20.975457170773144,-1.0,5.2889,,1.0,False,,False,0.0,False,False,bearish,1,trend,0.6845971649753158,30.76923076923077,rising,5,moderate,0.3814,0.3908,0.3789,17812156.0,0.3887742167685314,0.39218495890128247,0.39778619240072133,0.39088113584525463,0.39326345479141067,20.975457170773144,-0.0034107421327510545,-0.0027499735039205747,-0.0006607686288304798,3.7270243349298016e-05,36.07582989851895,9.001155585979966,37.24439554470034,0.003794367169576566,0.3942864823813328,-1,3367849.95,,False,False,False,True,False,True,True,False,True,True
ADA_USDT_11138e75,ADA/USDT,1h,SELL,2026-01-20 00:00:00+00:00,backtest,SL,-1.0,-1.2,False,46.0,structural,0.3695,0.373195,1.0,-0.4162768754049078,0.4163,True,31.394558010944166,0.3798186003648055,0.3798186003648055,0.091596,44.93365475843747,0.0,0.5958,,0.4047983026992722,True,bearish,False,0.0,True,True,bullish,2,range,0.3,49.532710280373834,falling,3,weak,0.3681,0.3702,0.3677,1892681.0,0.36892465676579306,0.370460404799576,0.37834083672123203,0.3691602729845911,0.3706964452795336,44.93365475843747,-0.0015357480337829243,-0.0018729142051962131,0.0003371661714132888,0.0005053249959603404,31.394558010944166,18.05152293951434,28.171480506996144,0.003774631716552717,0.37680852364102185,-1,3176756.7,,False,False,False,True,False,False,False,False,True,True
ADA_USDT_ac2fc5dd,ADA/USDT,1h,BUY,2026-01-27 19:00:00+00:00,backtest,SL,-1.5189,-1.7189,False,31.0,atr,0.3551,0.34970647,1.0,0.32093537870550337,0.3209,True,20.051781164677845,0.0017260388225948256,0.3,0.159333,58.291068292525104,0.0,0.6622,,0.33127291609433684,False,,True,1.0,False,False,bearish,1,range,0.3,47.95918367346938,rising,5,moderate,0.3554,0.356,0.3539,2291292.0,0.3529512631565083,0.3518221414345256,0.35160930136680646,0.35225162405836785,0.3514643555779782,58.291068292525104,0.0011291217219827065,0.0005628513040232049,0.0005662704179595017,0.0005075523853461704,20.051781164677845,21.33200154518002,13.0501786428216,0.003595686530455037,0.3468880388326483,1,3460061.6,,False,False,True,False,False,False,False,True,False,True
ADA_USDT_fe37f237,ADA/USDT,1h,SELL,2026-01-29 18:00:00+00:00,backtest,TP,3.9436,3.7436,True,7.0,atr,0.3341,0.32092445,2.0,-1.0,2.2041,True,38.98560403198951,0.6328534677329837,0.6328534677329837,-0.419964,18.0835404634126,-1.0,2.0013,,1.0,False,,False,0.0,False,False,ranging,0,expansion,1.0,87.09677419354838,rising,5,moderate,0.328,0.3351,0.3279,10115597.0,0.33716791214145625,0.34459936587675005,0.35023564100897714,0.33978731561044373,0.3462593024644251,18.0835404634126,-0.007431453735293803,-0.006053971443764161,-0.0013774822915296418,-0.0011067565559820317,38.98560403198951,11.527911130829963,42.01215055507377,0.004391850939108137,0.3433069496006763,-1,5054626.3,,False,False,False,True,False,False,True,False,True,True
ADA_USDT_eb73862e,ADA/USDT,1h,SELL,2026-02-04 23:00:00+00:00,backtest,TP,6.2644,6.0644,True,16.0,atr,0.2843,0.26649028,2.0,-1.0,1.1786,True,20.747161161311443,0.024905372043714753,0.3,-0.071571,41.28463329587608,0.0,0.8018,,0.5390711289045614,False,,True,1.0,True,True,bearish,1,range,0.3,94.08163265306122,rising,4,moderate,0.2861,0.2882,0.2826,4955791.0,0.2872516945534924,0.29063719369775076,0.293874289061115,0.2875807501402045,0.2910909130675258,41.28463329587608,-0.0033854991442583415,-0.003180734733778061,-0.00020476441048028048,-0.0004318103987833934,20.747161161311443,11.999373518712437,25.476151741326472,0.005936574693523106,0.29803593551424507,-1,6180734.8500000015,,False,False,False,True,False,False,False,False,True,True
ADA_USDT_e11906f8,ADA/USDT,1h,SELL,2026-02-05 15:00:00+00:00,backtest,TP,7.3044,7.1044,True,5.0,atr,0.2638,0.2445309,2.0,-1.0,2.5113,True,36.12820601077564,0.5376068670258547,0.5376068670258547,-0.39199,17.36779128082846,-1.0,3.0838,,0.9399640040120595,False,,False,0.0,False,False,ranging,0,expansion,1.0,98.22134387351778,rising,5,moderate,0.2621,0.2724,0.2574,29917209.0,0.27160037479672566,0.27842105909787973,0.28631225022446255,0.2743147675957901,0.2800531650076677,17.36779128082846,-0.006820684301154067,-0.005793277810108212,-0.0010274064910458557,-0.0004588228472923103,36.12820601077564,9.676530321192427,33.17563042149391,0.0064230342067429225,0.2817937208487569,-1,9701450.2,,False,False,False,True,False,False,True,False,True,True
ADA_USDT_bfffca90,ADA/USDT,1h,SELL,2026-02-05 20:00:00+00:00,backtest,TP,8.4598,8.2598,True,4.0,atr,0.2534,0.23196284,2.0,-1.0,4.0141,True,44.358305506417985,0.8119435168805995,0.8119435168805995,-0.653129,15.758758355149464,-1.0,2.3755,,1.0,False,,False,0.0,True,True,ranging,0,expansion,1.0,100.0,rising,5,moderate,0.2475,0.2559,0.2435,30277123.0,0.25942779893323453,0.2698414751214706,0.2813145009642759,0.2628357414855873,0.2720756226336177,15.758758355149464,-0.010413676188236076,-0.008797180729080232,-0.0016164954591558443,-0.001250948148528063,44.358305506417985,6.004688491567855,35.61239238318083,0.007145720049168876,0.26867761572398247,-1,12745581.3,,False,False,False,True,False,False,True,False,True,True
ADA_USDT_be14c974,ADA/USDT,1h,SELL,2026-02-11 16:00:00+00:00,backtest,SL,-1.9645,-2.1645,False,14.0,atr,0.2564,0.26143707,1.0,-1.0,1.1337,True,26.557261547732445,0.21857538492441483,0.3,-0.034857,28.92559045402532,0.0,1.6289,,-0.05217889819765262,False,,False,0.0,False,False,bearish,1,expansion,1.0,27.956989247311824,stable,4,moderate,0.2515,0.2573,0.2515,4244842.0,0.2540011847477114,0.25688076622792694,0.26149022492023083,0.2547158089613432,0.25741884285071964,28.92559045402532,-0.002879581480215554,-0.002791916714203438,-8.766476601211604e-05,4.505044182095269e-05,26.557261547732445,24.374240565176446,23.06976811023513,0.0033580469148532348,0.25882592406867055,-1,2605920.8000000003,,False,False,False,True,False,True,True,False,True,True
ADA_USDT_2493708e,ADA/USDT,1h,SELL,2026-02-19 17:00:00+00:00,backtest,SL,-1.7154,-1.9154,False,12.0,atr,0.2706,0.27524177,1.0,-0.8456424338846998,0.8456,True,22.740715486341013,0.09135718287803378,0.3,-0.070273,32.504006728322814,0.0,1.2101,,0.3261589780676681,False,,True,1.0,False,False,bearish,1,range,0.3,22.156398104265403,rising,4,moderate,0.2693,0.2729,0.268,2514410.0,0.2709191360008628,0.2732101431763999,0.27682595020429746,0.27138174628682366,0.2736011574940399,32.504006728322814,-0.0022910071755370964,-0.0021017623105759747,-0.0001892448649611217,-0.00021227132912083517,22.740715486341013,16.011005199426435,24.164979651118138,0.003094512064833821,0.2761761259424771,-1,2077793.3999999997,,False,False,False,True,False,False,False,False,True,True
ADA_USDT_7ef5fb0f,ADA/USDT,1h,SELL,2026-02-23 18:00:00+00:00,backtest,TP,3.7264,3.5264,True,19.0,atr,0.264,0.25416218,2.0,-0.49767145301425203,0.4977,True,28.430689346713596,0.2810229782237865,0.3,-0.260941,36.59634672615664,0.0,0.5953,,0.6079577389320212,True,bearish,False,0.0,False,False,bullish,2,trend,0.5571781557785599,35.17534537725824,rising,4,moderate,0.2632,0.2656,0.2623,2277482.0,0.26637969281803225,0.26770538850581466,0.2712180957676891,0.26728817648032716,0.26815592735639615,36.59634672615664,-0.0013256956877824022,-0.0006389002347735442,-0.000686795453008858,-0.0005722483677998804,28.430689346713596,19.297675088390413,34.496618561690944,0.003279271737071262,0.2723010226855649,-1,3825622.9,,False,False,False,True,False,False,False,False,True,True
ADA_USDT_cef7542d,ADA/USDT,1h,BUY,2026-02-25 11:00:00+00:00,backtest,TP,3.174,2.974,True,1.0,atr,0.2688,0.27733167,2.0,1.0,1.1347,True,25.400243221888143,0.18000810739627143,0.3,0.178887,72.38943885206088,-1.0,0.8047,,0.5384002772674424,True,bullish,True,0.8,False,False,bullish,1,trend,0.5066707203648024,20.162932790224033,rising,5,moderate,0.271,0.2711,0.2687,2017312.0,0.2679189563220819,0.26491294441179364,0.26467680454803094,0.267038658128391,0.264304238852973,72.38943885206088,0.0030060119102882643,0.0025212268703813517,0.0004847850399069126,0.0004555849249901142,25.400243221888143,31.36645657936303,17.906449647676972,0.0028438887573759997,0.2628991689040408,1,2506984.65,,False,False,True,False,False,False,False,True,False,True
ADA_USDT_4bec6493,ADA/USDT,1h,BUY,2026-02-25 12:00:00+00:00,backtest,TP,3.4824,3.2824,True,2.0,bos,0.2718,0.28126512,3.48,1.0,1.4511,True,26.978349045549667,0.23261163485165556,0.3,0.32268,80.61753690419287,-1.0,2.6583,,1.0,True,bullish,True,0.8,False,False,bullish,1,trend,0.5329724840924944,32.45167853509665,rising,6,strong,0.2765,0.2781,0.2709,7324979.0,0.2698258549171748,0.26596631310163055,0.2650990615284584,0.2679189563220819,0.26491294441179364,80.61753690419287,0.003859541815544265,0.002967331852102323,0.0008922099634419423,0.0004847850399069126,26.978349045549667,42.10124415488099,14.987617388676963,0.003155039560420574,0.266367826812273,1,2755540.0500000003,,False,False,True,False,False,False,True,True,False,True
ADA_USDT_ed3f7dee,ADA/USDT,1h,BUY,2026-03-10 00:00:00+00:00,backtest,TP,3.7929,3.5929,True,9.0,atr,0.2549,0.26456814,2.0,0.28477385508723785,0.2848,True,22.135583813210022,0.07118612710700074,0.3,-0.083847,55.56117290249775,0.0,0.8279,,0.45187894371537385,True,bullish,True,1.0,False,False,bearish,2,range,0.3,34.138737334372564,falling,4,moderate,0.2575,0.2586,0.2548,2116706.0,0.2566878749307132,0.25595897070240237,0.2557598339466507,0.2564558391966313,0.2558048677726426,55.56117290249775,0.0007289042283108449,0.0009448101572635589,-0.00021590592895271397,-0.00040179169775123817,22.135583813210022,27.570054052168164,16.27308045928382,0.003222713996424424,0.25011423088711876,1,2556687.25,,False,False,True,False,False,False,False,True,False,True
ADA_USDT_03ded47d,ADA/USDT,1h,BUY,2026-03-10 09:00:00+00:00,backtest,TP,3.8203,3.6203,True,6.0,bos,0.2631,0.27315108,3.82,0.9273708318355031,0.9274,True,31.226394913754458,0.37421316379181524,0.37421316379181524,0.234253,73.2440523364744,-1.0,2.3926,,1.0,True,bullish,True,1.0,False,False,bullish,1,trend,0.6037732485625743,39.1640866873065,rising,6,strong,0.267,0.2675,0.2613,6684589.0,0.26132924352284104,0.25892802058449144,0.2571812118494037,0.2597090273865099,0.2581208226429406,73.2440523364744,0.002401222938349601,0.0017757667505293377,0.0006254561878202632,0.0001251660869500933,31.226394913754458,36.013857587964914,10.423871036756948,0.003350360818709675,0.2558940099350613,1,2793908.900000001,,False,False,True,False,False,False,True,True,False,True
ADA_USDT_9f256ea0,ADA/USDT,1h,BUY,2026-03-13 11:00:00+00:00,backtest,SL,-1.6875,-1.8875,False,6.0,atr,0.2742,0.26957286,1.0,1.0,1.2892,True,39.275503538596794,0.6425167846198931,0.6425167846198931,0.01774,69.25407619666149,0.0,0.5197,,0.6945206293888759,True,bullish,False,0.0,False,False,bullish,1,range,0.3,28.257686676427525,stable,4,moderate,0.2742,0.2749,0.2731,1532730.0,0.27273280202014993,0.26926141166432094,0.2652997781430903,0.27231360259733567,0.26876755283075304,69.25407619666149,0.003471390355828996,0.0034227474924419846,4.864286338701141e-05,0.00014762370583414758,39.275503538596794,24.27401813616009,6.9110024014381946,0.0030847609011181165,0.2666836140981804,1,2949112.7499999995,,False,False,True,False,False,False,False,True,False,True
ADA_USDT_e609da3c,ADA/USDT,1h,BUY,2026-03-15 22:00:00+00:00,backtest,TP,3.9736,3.7736,True,5.0,atr,0.2655,0.27605,2.75,0.44067229104542305,0.4407,True,18.438977012618807,0.0,0.3,0.226537,73.18957552955294,-1.0,5.8286,,0.7536370168829548,True,bullish,True,0.8,False,False,bearish,2,compression,0.3403508771929824,13.192982456140351,rising,5,moderate,0.2704,0.2716,0.2646,11760333.0,0.2657393129740139,0.2645734112611125,0.26417644840691085,0.2644076881094464,0.26399075238722375,73.18957552955294,0.0011659017129013738,0.0005533451093173815,0.0006125566035839922,0.0001698689146972923,18.438977012618807,30.21060698201027,11.3696815599364,0.0025565504562493294,0.26119826619494224,1,2017709.1999999997,,False,False,True,False,False,False,True,True,False,False
ADA_USDT_7fab329e,ADA/USDT,1h,BUY,2026-03-16 03:00:00+00:00,backtest,TP,3.6762,3.4762,True,1.0,bos,0.2713,0.28127348,1.8,1.0,1.2319,True,27.560309374110126,0.25201031247033756,0.3,0.340262,82.67406741025371,-1.0,2.2905,,1.0,True,bullish,True,0.8,False,False,bullish,1,expansion,1.0,42.51748251748252,rising,6,strong,0.2773,0.2805,0.2702,5577646.0,0.2708025611467468,0.2675071836009168,0.26549878848500286,0.2689461500458173,0.26652790196100845,82.67406741025371,0.0032953775458299805,0.0023518310424276018,0.0009435465034023788,0.0005381902940824264,27.560309374110126,35.824899649993114,7.931392368908139,0.003324494794862603,0.2660284402054514,1,2435171.3,,False,False,True,False,False,False,True,True,False,True
ADA_USDT_4d2442ae,ADA/USDT,1h,BUY,2026-03-16 22:00:00+00:00,backtest,SL,-1.9751,-2.1751,False,6.0,atr,0.2897,0.28397823,1.0,1.0,1.3403,True,41.88096272609972,0.729365424203324,0.729365424203324,-0.040313,71.28376722056967,0.0,0.6857,,0.6542332369609664,True,bullish,False,0.0,True,True,bullish,1,range,0.3,62.45686680469289,falling,4,moderate,0.2913,0.2915,0.2872,2606711.0,0.2877733098606595,0.2839672215452453,0.2762095846415472,0.2867656841065622,0.28323394369976984,71.28376722056967,0.0038060883154142355,0.003923521004810546,-0.00011743268939631065,-0.0004504969427163181,41.88096272609972,24.18406436577502,7.828233441750862,0.003814513209020651,0.27982617461879666,1,3801574.15,,False,False,True,False,False,False,False,True,False,True
ADA_USDT_abfb02cd,ADA/USDT,1h,SELL,2026-03-18 15:00:00+00:00,backtest,SL,-2.0009,-2.2009,False,12.0,atr,0.2709,0.27632049,1.0,-1.0,1.8473,True,27.220668343511516,0.2406889447837172,0.3,-0.664525,19.0490220246841,-1.0,1.2177,,0.9290257870603149,True,bullish,True,0.8,False,False,bullish,1,trend,0.5370111390585253,53.89261744966443,rising,4,moderate,0.2714,0.2722,0.2694,4683548.0,0.2782047392952293,0.28334408613623585,0.28340095327294357,0.2801489505224377,0.2845384947498594,19.0490220246841,-0.005139346841006531,-0.003335825419162529,-0.0018035214218440022,-0.0019554795191811876,27.220668343511516,15.156731652997959,38.38237632950583,0.0036136581594019895,0.2801051644063568,-1,3846359.5500000003,,False,False,False,True,False,False,False,False,True,True
ADA_USDT_999dd222,ADA/USDT,1h,SELL,2026-03-19 04:00:00+00:00,backtest,TP,3.1562,2.9562,True,8.0,atr,0.2732,0.26457728,2.0,-1.0,1.0057,True,23.62209819761747,0.12073660658724895,0.3,0.166856,37.46415750261748,0.0,0.2782,,0.1340062639314543,True,bullish,True,0.8,False,False,bearish,2,range,0.3,22.288755821689954,falling,3,weak,0.2722,0.2745,0.2722,1020101.0,0.27317528821553344,0.2759226596105475,0.27941375771789106,0.27345394199140016,0.27629492557160223,37.46415750261748,-0.0027473713950140755,-0.003201554253741843,0.00045418285872776774,0.0005876621029036544,23.62209819761747,21.079284804810406,24.429441403096764,0.0028742414317492132,0.2786778037366693,-1,3666308.25,,False,False,False,True,False,False,False,False,True,True
ADA_USDT_2bc2d414,ADA/USDT,1h,SELL,2026-03-19 12:00:00+00:00,backtest,SL,-1.5896,-1.7896,False,17.0,atr,0.2682,0.27246336,1.0,-1.0,1.1906,True,24.077877919254473,0.1359292639751491,0.3,-0.093089,27.50180922035366,-1.0,2.542,,0.7642815536700693,False,,False,0.0,False,False,bearish,1,range,0.3,21.575115817339512,stable,5,moderate,0.2647,0.2686,0.2645,5358944.0,0.26891959893716866,0.2721212736726067,0.2767834699769981,0.2701251986335026,0.2728634010398674,27.50180922035366,-0.0032016747354380315,-0.002955268437638398,-0.0002464062977996337,9.386288237378266e-05,24.077877919254473,16.84389047512138,35.950929316873115,0.002842239539584212,0.2735161335000558,-1,2108184.45,,False,False,False,True,False,True,True,False,True,True
ADA_USDT_f2ac3c8f,ADA/USDT,1h,BUY,2026-04-01 14:00:00+00:00,backtest,SL,-1.8171,-2.0171,False,11.0,atr,0.2482,0.24368999,1.0,0.6658842788246971,0.6659,True,21.026179843420767,0.03420599478069223,0.3,-0.059195,57.87820814522223,0.0,1.8099,,0.36319936309693773,True,bullish,False,0.0,False,False,bearish,2,range,0.3,38.52054794520548,falling,5,moderate,0.2485,0.2492,0.2467,6523373.0,0.2477179908860318,0.24607938693500342,0.24510746204042844,0.24749455971061232,0.24583732562850374,57.87820814522223,0.0016386039510283834,0.0017857040694414753,-0.00014710011841309188,-0.00020202004653944376,21.026179843420767,27.81741617543038,18.737432098006938,0.003006671689245793,0.24333087133158365,1,3604310.1999999997,,False,False,True,False,False,False,True,True,False,True
ADA_USDT_00e01b5d,ADA/USDT,1h,SELL,2026-04-02 04:00:00+00:00,backtest,SL,-1.979,-2.179,False,10.0,atr,0.2382,0.24291389,1.0,-1.0,1.0383,True,21.328757960029794,0.04429193200099313,0.3,-0.594801,26.21944134904955,-1.0,1.3418,,0.5393417173504477,False,,True,1.0,False,False,ranging,0,range,0.3,43.93692224034801,rising,4,moderate,0.2369,0.2391,0.2367,4404305.0,0.24268029929745374,0.24520001423884985,0.24538814823275593,0.24433181338244053,0.24603001566273486,26.21944134904955,-0.002519714941396106,-0.0011106323632067423,-0.0014090825781893639,-0.001292111206182265,21.328757960029794,16.837523449730263,30.321066383491456,0.0031425927537401793,0.24600335124924602,-1,3282493.0,,False,False,False,True,False,False,False,False,True,True
ADA_USDT_5b138184,ADA/USDT,1h,BUY,2026-04-06 01:00:00+00:00,backtest,SL,-1.4425,-1.6425,False,20.0,atr,0.2542,0.25053315,1.0,1.0,1.1415,True,26.166387525114622,0.20554625083715408,0.3,0.516064,85.00900958358523,-1.0,3.2901,,1.0,False,,False,0.0,False,False,bearish,1,expansion,1.0,20.70393374741201,rising,6,strong,0.2544,0.2549,0.2528,13158946.0,0.24901386265031844,0.24620340139395994,0.24518124283406778,0.24747496626469515,0.24538374153335596,85.00900958358523,0.002810461256358504,0.001497594882980493,0.001312866373378011,0.001250063035047699,26.166387525114622,39.886491563814204,10.514253394012625,0.0024445683967403093,0.24714031560915378,1,3999522.1499999994,,False,False,True,False,False,False,True,True,False,True
ADA_USDT_da76c746,ADA/USDT,1h,BUY,2026-04-07 23:00:00+00:00,backtest,SL,-1.7986,-1.9986,False,10.0,atr,0.2636,0.25885881,1.0,1.0,1.6849,True,35.34928004131042,0.5116426680436807,0.5116426680436807,0.944198,85.38485999933017,-1.0,4.0538,,1.0,False,,True,1.0,True,True,ranging,0,expansion,1.0,48.685540950455,rising,6,strong,0.2626,0.2664,0.2625,21576011.0,0.2525871848153881,0.24840183150141396,0.2477805885940357,0.24972638047692752,0.24698201465155536,85.38485999933017,0.004185353313974155,0.0017058891206445518,0.002479464193329603,0.0022782088013924076,35.34928004131042,52.753148658568364,11.819392696365624,0.0031607960844151676,0.25564811155092504,1,5322458.750000001,,False,False,True,False,False,False,True,True,False,True
ADA_USDT_0dc67143,ADA/USDT,1h,BUY,2026-04-10 19:00:00+00:00,backtest,SL,-1.3086,-1.5086,False,3.0,atr,0.2576,0.25422909,1.0,0.5273180550270328,0.5273,True,19.92539046900351,0.0,0.3,0.222031,70.26755670391331,0.0,2.1066,,0.7524366272097639,True,bullish,False,0.0,False,False,bullish,1,compression,0.22531769305962857,15.49364613880743,rising,5,moderate,0.2579,0.2581,0.2558,6426955.0,0.2548933272595242,0.25355627921954477,0.25284252659791495,0.2540342779051025,0.25312190714149924,70.26755670391331,0.001337048039979416,0.0007644313721359153,0.0005726166678435007,0.0004342477253891226,19.92539046900351,30.1329441500286,11.322028469784502,0.0022472706964036097,0.251334861113152,1,3050921.45,,False,False,True,False,False,False,True,True,False,False
ADA_USDT_1f1e9d7c,ADA/USDT,1h,BUY,2026-04-14 09:00:00+00:00,backtest,SL,-1.5515,-1.7515,False,9.0,atr,0.2441,0.24031286,1.0,0.41320701974533053,0.4132,True,23.111566417815677,0.1037188805938559,0.3,-0.050853,56.4224046720442,0.0,0.2793,,0.2040723550270988,False,,True,1.0,False,False,ranging,0,range,0.3,29.315196998123827,falling,4,moderate,0.2443,0.2448,0.243,1629485.0,0.24376803311017056,0.24276491145456178,0.24268961398557215,0.2436160425702193,0.24261140260001798,56.4224046720442,0.0010031216556087852,0.0011273557168693955,-0.00012423406126061028,-0.0001848327772983908,23.111566417815677,22.64812686818831,17.54631799251084,0.0025247598530321923,0.24014549398519225,1,5834989.15,,False,False,True,False,False,False,False,True,False,True
ADA_USDT_309bff3b,ADA/USDT,1h,BUY,2026-04-15 19:00:00+00:00,backtest,TP,3.0888,2.8888,True,21.0,atr,0.2473,0.25493865,2.0,0.8251367452359566,0.8251,True,22.44375124030213,0.0814583746767377,0.3,0.305147,77.76156616162707,-1.0,2.2547,,0.9183507197109241,False,,True,1.0,False,False,bearish,1,range,0.3,30.794090489381347,rising,6,strong,0.2487,0.2504,0.2458,5899617.0,0.2447509934266618,0.2427479905582438,0.24226533306373876,0.24362270583427945,0.2421527896140682,77.76156616162707,0.00200300286841798,0.0012441032969090246,0.0007588995715089556,0.0006052627090567069,22.44375124030213,31.101568810306,8.142800817532898,0.002546215560224942,0.2415364806385162,1,2616641.5000000005,,False,False,True,False,False,False,True,True,False,True
ADA_USDT_fe3a5085,ADA/USDT,1h,SELL,2026-04-21 19:00:00+00:00,backtest,SL,-1.0548,-1.2548,False,4.0,structural,0.2465,0.2491,1.0,-0.3520972866637272,0.3521,True,24.60235408289091,0.1534118027630303,0.3,-0.207945,28.18991163969586,0.0,0.1676,,0.3312349176089336,True,bullish,True,1.0,False,False,bullish,1,range,0.3,22.467532467532468,rising,4,moderate,0.2444,0.2478,0.2438,5479806.0,0.2468764997345397,0.2477457451915154,0.24802095020561019,0.24758407108726532,0.24808031971066694,28.18991163969586,-0.000869245456975698,-0.00036102737063457916,-0.0005082180863411189,-0.000389330295937593,24.60235408289091,14.741155136098516,23.022028076321856,0.0023395326721191564,0.25181257816555347,-1,32695050.650000002,,False,False,False,True,False,False,False,False,True,True
ADA_USDT_848bc8a2,ADA/USDT,1h,BUY,2026-04-22 06:00:00+00:00,backtest,SL,-1.5535,-1.7535,False,14.0,bos,0.255,0.2510385,1.0,0.9529625725876893,0.953,True,25.449863652540166,0.1816621217513389,0.3,0.24447,74.14316251028829,-1.0,0.1637,,0.7688230236777582,True,bullish,False,0.0,False,False,bearish,2,trend,0.5074977275423361,23.782852218871177,rising,5,moderate,0.2556,0.256,0.2549,6238213.0,0.25310013025321926,0.25071094874628763,0.2492603297233047,0.25238588175413906,0.25022204362091643,74.14316251028829,0.002389181506931626,0.0017643160720299876,0.0006248654349016382,0.0007119547786434604,25.449863652540166,30.817360583993235,11.59678499204928,0.0023636731739079997,0.24948521950451247,1,38115825.50000001,,False,False,True,False,False,False,False,True,False,True
ADA_USDT_ab675f73,ADA/USDT,1h,BUY,2026-04-29 09:00:00+00:00,backtest,SL,-1.0984,-1.2984,False,4.0,bos,0.2494,0.2466605,1.0,0.5209215052100016,0.5209,True,21.782059294852882,0.059401976495096064,0.3,0.150359,80.32811841289003,-1.0,2.0059,,0.7333793102272149,True,bullish,False,0.0,False,False,bullish,1,compression,0.7792937399678973,4.414125200642054,rising,6,strong,0.2527,0.2532,0.249,13247587.0,0.24958809509960878,0.24829467474258343,0.24807060539778,0.24869897941378272,0.24785414221684177,80.32811841289003,0.0012934203570253433,0.0009134630187409818,0.00037995733828436145,0.0001213528473421496,21.782059294852882,29.335208390120737,11.000725634440364,0.0016923642314353436,0.24671551969806182,1,6604236.300000001,,False,False,True,False,False,False,True,True,False,True
ADA_USDT_e44b4ad0,ADA/USDT,1h,BUY,2026-05-01 13:00:00+00:00,backtest,SL,-1.0,-1.2,False,16.0,bos,0.2495,0.247005,1.0,0.3290496031875434,0.329,True,18.90258316927296,0.0,0.3,0.040054,69.8436564119891,0.0,3.1443,,0.6013332734392755,True,bullish,False,0.0,False,False,bullish,1,compression,0.8447327044025157,3.1053459119496853,falling,5,moderate,0.2502,0.2509,0.2486,5882279.0,0.2486210227009134,0.24780561929395023,0.24718377693844953,0.24816988632974582,0.24756618122334526,69.8436564119891,0.0008154034069631777,0.0007151891625331074,0.00010021424443007031,-6.137693391750727e-05,18.90258316927296,28.397721771105566,13.36438993512368,0.0016025235275820503,0.24578589834586737,1,1870780.4500000002,,False,False,True,False,True,False,True,True,False,False
ADA_USDT_3b6e9c91,ADA/USDT,1h,BUY,2026-05-05 21:00:00+00:00,backtest,TP,2.4174,2.2174,True,11.0,bos,0.2622,0.26853844,1.76,0.9791647204167623,0.9792,True,36.39676686510621,0.5465588955035403,0.5465588955035403,0.154096,81.56456986047887,-1.0,0.7896,,1.0,True,bullish,False,0.0,False,False,bullish,1,trend,0.6899461144184368,22.658610271903324,rising,5,moderate,0.2638,0.2644,0.261,13233006.0,0.25962931179478455,0.25711176410859204,0.253970435729187,0.25843768659329447,0.25644294051945127,81.56456986047887,0.0025175476861925006,0.0021110437038879817,0.0004065039823045189,8.69543611074794e-05,36.39676686510621,36.61825211049748,10.620628790158865,0.002112813690352364,0.2573066127954609,1,16758086.700000001,,False,False,True,False,False,False,False,True,False,True
ADA_USDT_81ac709b,ADA/USDT,1h,BUY,2026-05-06 08:00:00+00:00,backtest,SL,-1.5075,-1.7075,False,31.0,atr,0.2658,0.26179308,1.0,1.0,1.2659,True,45.49229267535343,0.8497430891784478,0.8497430891784478,0.23725,80.6589436925648,-1.0,4.3959,,1.0,False,,False,0.0,False,False,ranging,0,expansion,1.0,45.43061301241068,rising,6,strong,0.272,0.2722,0.2644,26764744.0,0.2650798724645931,0.2617660871926834,0.2572293226773988,0.2631026931687625,0.26074269591195176,80.6589436925648,0.003313785271909675,0.0026684661696574573,0.0006453191022522176,1.4190638279393611e-05,45.49229267535343,39.211350674717444,6.183293202106453,0.002671280884328357,0.2611687938443419,1,6088604.4,,False,False,True,False,False,False,True,True,False,True
ADA_USDT_917ddb87,ADA/USDT,1h,BUY,2026-05-08 17:00:00+00:00,backtest,TP,2.622,2.422,True,4.0,atr,0.2692,0.27625849,2.0,0.8042900071756263,0.8043,True,21.338544725410227,0.04461815751367423,0.3,0.293626,79.33591984115405,-1.0,1.556,,0.8392282413309602,False,,True,0.8,False,False,ranging,0,range,0.3,32.584683357879236,rising,6,strong,0.2708,0.2723,0.2687,15163693.0,0.2672067077589111,0.26507473812859583,0.2637979432676143,0.2661800528328857,0.26450221194145546,79.33591984115405,0.0021319696303152558,0.0013368316243497784,0.0007951380059654774,0.0007385782700632094,21.338544725410227,31.99498515223105,11.014279118957047,0.0023528303053360396,0.2645084464935244,1,9745186.049999999,,False,False,True,False,False,False,True,True,False,True
ADA_USDT_f429a232,ADA/USDT,1h,BUY,2026-05-08 21:00:00+00:00,backtest,TP,2.8899,2.6899,True,42.0,atr,0.2717,0.27955181,2.0,1.0,1.2601,True,30.4666886288593,0.3488896209619766,0.3488896209619766,0.254372,85.63964674597467,-1.0,1.0775,,1.0,False,,True,0.8,False,False,ranging,0,expansion,1.0,44.00735294117647,rising,5,moderate,0.2757,0.2785,0.2712,11932998.0,0.27087628491527904,0.267505503810256,0.26499684663955814,0.26949808060535874,0.2666860541912816,85.63964674597467,0.003370781105023035,0.0026694761369729664,0.0007013049680500687,0.0004932027611291969,30.4666886288593,41.39228737886888,7.3613873938158205,0.002617268491011631,0.2679594917444014,1,11074355.0,,False,False,True,False,False,False,False,True,False,True
ADA_USDT_9f41f2a4,ADA/USDT,1h,BUY,2026-05-10 16:00:00+00:00,backtest,TP,2.5949,2.3949,True,3.0,atr,0.2812,0.28849693,2.0,1.0,1.1136,True,23.151235735599684,0.10504119118665614,0.3,0.480904,87.33603888178632,-1.0,2.7562,,1.0,False,,False,0.0,False,False,ranging,0,expansion,1.0,37.09735794426348,rising,6,strong,0.2844,0.2856,0.28,13092159.0,0.2770179578975034,0.2739670232124452,0.27150320385709636,0.2749088030110758,0.2729237255336897,87.33603888178632,0.003050934685058182,0.0016832434595554923,0.0013676912255026897,0.0009856796305819297,23.151235735599684,44.71880223966952,9.121536667735487,0.002432309937168497,0.2761755868724205,1,4750104.45,,False,False,True,False,False,False,True,True,False,True
ADA_USDT_5b4a6b7a,ADA/USDT,1h,SELL,2026-05-13 13:00:00+00:00,backtest,SL,-1.5218,-1.7218,False,28.0,atr,0.2685,0.27258591,1.0,-0.5677168128754673,0.5677,True,22.561247610269383,0.08537492034231278,0.3,-0.333714,28.19354953172073,0.0,1.9479,,0.6363051169653011,False,,False,0.0,False,False,ranging,0,expansion,1.0,48.97598870056497,rising,5,moderate,0.2656,0.2689,0.2645,5998154.0,0.27054253640953696,0.27207845187471363,0.27377806775681823,0.27195468966940467,0.27272629706218504,28.19354953172073,-0.0015359154651766738,-0.0006495716905424291,-0.0008863437746342447,-0.0005652075895550646,22.561247610269383,13.78397125237509,29.69159917650762,0.0027239416779426765,0.2739416427755058,-1,3079258.8500000006,,False,False,False,True,False,False,True,False,True,True
ADA_USDT_7784c1de,ADA/USDT,1h,SELL,2026-05-16 09:00:00+00:00,backtest,SL,-1.3287,-1.5287,False,25.0,atr,0.2544,0.25778014,1.0,-1.0,1.1789,True,36.118692521256804,0.5372897507085601,0.5372897507085601,-0.209841,18.26720486049357,-1.0,8.2513,,1.0,False,,False,0.0,False,False,bearish,1,trend,0.6853115420209468,28.13793103448276,rising,5,moderate,0.2532,0.2555,0.2519,43326203.0,0.2567349089253137,0.2597616143622156,0.26373506822166576,0.2577448829039748,0.2604177757984372,18.26720486049357,-0.003026705436901922,-0.0024953883323928817,-0.0005313171045090402,-0.00044316311432406963,36.118692521256804,8.280227288973919,41.752999760555674,0.002253429715248419,0.25923209502677674,-1,5250834.199999999,,False,False,False,True,False,False,True,False,True,True
ADA_USDT_f236a5bf,ADA/USDT,1h,SELL,2026-05-17 23:00:00+00:00,backtest,TP,2.4506,2.2506,True,7.0,atr,0.2534,0.24719011,2.0,-0.264741283030299,0.2647,True,22.55454368659356,0.08515145621978538,0.3,-0.094871,31.608729452252412,0.0,4.9556,,1.0,True,bullish,True,0.8,False,False,bullish,1,expansion,1.0,20.694349897889722,rising,5,moderate,0.2521,0.2539,0.2451,18984176.0,0.25413902247336,0.25481183338213664,0.25706671737181497,0.25472160032289143,0.25508301672035033,31.608729452252412,-0.0006728109087766332,-0.0004336412518695355,-0.0002391696569070977,-4.735997404291579e-05,22.55454368659356,11.480465549706906,43.534026762816495,0.0020699629586313694,0.25517889601332766,-1,3830879.5,,False,False,False,True,False,False,True,False,True,True
ADA_USDT_c47fe9b6,ADA/USDT,1h,SELL,2026-05-18 06:00:00+00:00,backtest,SL,-1.3931,-1.5931,False,15.0,atr,0.2493,0.25277298,1.0,-0.7073136872238249,0.7073,True,37.120035378494514,0.5706678459498171,0.5706678459498171,-0.101247,28.03711942826306,0.0,1.1886,,1.0,False,,True,0.8,False,False,bearish,1,trend,0.7020005896415752,32.29202037351443,rising,4,moderate,0.2492,0.2503,0.2469,4996605.0,0.25091216668658706,0.25268690278447115,0.25559636768389493,0.25140135716846906,0.2530355930629183,28.03711942826306,-0.0017747360978840887,-0.0015224285946664378,-0.00025230750321765093,-0.0002379610513916087,37.120035378494514,8.975307364907348,37.57896251127972,0.002315317516615813,0.254811355958597,-1,4203875.9,,False,False,False,True,False,False,False,False,True,True
ADA_USDT_da5d1e9e,ADA/USDT,1h,SELL,2026-05-19 14:00:00+00:00,backtest,SL,-1.296,-1.496,False,36.0,atr,0.2489,0.25212581,1.0,-0.2522436864510524,0.2522,True,22.04483290025046,0.06816109667501528,0.3,-0.120841,36.91067503279405,0.0,0.0744,,0.4877621361628701,False,,True,0.8,False,False,ranging,0,range,0.3,24.82364796775277,rising,4,moderate,0.248,0.2504,0.2468,4174159.0,0.24972376585087813,0.2503536782838048,0.2519077181789406,0.25021627037970046,0.25058904611218524,36.91067503279405,-0.0006299124329266492,-0.00033022760505361446,-0.00029968482787303476,-0.00019239054136768985,22.04483290025046,13.458279998486596,25.652333402558348,0.0021505431690009343,0.2534650134379348,-1,56068031.300000004,,False,False,False,True,False,False,False,False,True,True
ADA_USDT_41a6587d,ADA/USDT,1h,SELL,2026-05-22 20:00:00+00:00,backtest,TP,2.9131,2.7131,True,11.0,atr,0.2453,0.2381541,2.0,-0.694612871275649,0.6946,True,20.448424962999617,0.014947498766653904,0.3,-0.281778,32.17767151035481,0.0,0.6118,,0.7946194148597783,True,bullish,True,0.8,False,False,bullish,1,range,0.3,37.57774140752864,rising,4,moderate,0.2453,0.2458,0.2441,2414471.0,0.24747684378639173,0.24919584979675874,0.24978017833891916,0.24809879915393224,0.24958543477643463,32.17767151035481,-0.001719006010367008,-0.0010278037797360792,-0.0006912022306309288,-0.0008044329580817822,20.448424962999617,10.456086038820908,30.321571410315364,0.0023819683000918927,0.2506216317912706,-1,3946798.8,,False,False,False,True,False,False,False,False,True,True
ADA_USDT_41e8a815,ADA/USDT,1h,SELL,2026-06-03 15:00:00+00:00,backtest,TP,3.9392,3.7392,True,4.0,atr,0.2134,0.20499372,2.0,-0.5657393144649995,0.5657,True,47.560820322747446,0.9186940107582482,0.9186940107582482,-0.093429,34.994786617942275,0.0,1.5704,,0.770626565359756,False,,False,0.0,False,False,ranging,0,trend,0.8760136720457907,58.23846614739365,rising,5,moderate,0.2119,0.2147,0.2113,5644985.0,0.214520195668374,0.21573382075273723,0.22063482826056968,0.21526882300219513,0.21611720282801095,34.994786617942275,-0.0012136250843632346,-0.0010156484205465998,-0.0001979766638166348,6.828026282246756e-05,47.560820322747446,12.492058261343127,31.75772239533703,0.0028020925375059516,0.21842111464094632,-1,3594520.5999999996,,False,False,False,True,False,True,True,False,True,True
ADA_USDT_c8a530ab,ADA/USDT,1h,SELL,2026-06-03 19:00:00+00:00,backtest,TP,4.4374,4.2374,True,5.0,atr,0.208,0.19877015,2.0,-1.0,1.4907,True,49.98023526582782,0.999341175527594,0.999341175527594,-0.422116,21.003508913816905,-1.0,2.4827,,1.0,False,,False,0.0,False,False,ranging,0,trend,0.9163372544304638,65.64931178934769,rising,5,moderate,0.2047,0.2086,0.2041,10128973.0,0.21012068126806369,0.21325305016920781,0.21892799462728,0.21166944734465332,0.2141083551861286,21.003508913816905,-0.003132368901144128,-0.0022682983694841735,-0.0008640705316599545,-0.0006026447378210998,49.98023526582782,8.458709995623014,36.34409727460568,0.0030766182050111276,0.21420496194350355,-1,4079797.9,,False,False,False,True,False,False,True,False,True,True
ADA_USDT_d7782da5,ADA/USDT,1h,SELL,2026-06-04 00:00:00+00:00,backtest,TP,5.198,4.998,True,2.0,atr,0.201,0.19055194,2.0,-1.0,2.5771,True,55.148962282666105,1.0,1.0,-0.449223,21.102714856806546,-1.0,2.8366,,1.0,False,,False,0.0,False,False,ranging,0,expansion,1.0,76.4266507319988,rising,5,moderate,0.1976,0.2016,0.1958,16229296.0,0.20349218598235946,0.2087364848210864,0.21603277192000425,0.20517566769160506,0.20985013330319502,21.102714856806546,-0.00524429883872693,-0.004356634656287071,-0.0008876641824398582,-0.0007616630465228195,55.148962282666105,6.750286775932511,39.91030686502897,0.0034826852338184903,0.2078363289780194,-1,5721343.95,,False,False,False,True,False,False,True,False,True,True
ADA_USDT_1cf8219e,ADA/USDT,1h,SELL,2026-06-05 00:00:00+00:00,backtest,TP,6.9119,6.7119,True,2.0,atr,0.1754,0.16327654,2.0,-1.0,3.4651,True,54.51158084782935,1.0,1.0,-0.401041,18.80100472837971,-1.0,1.9912,,1.0,False,,False,0.0,False,False,ranging,0,trend,0.9918596807971558,87.27380599228715,rising,5,moderate,0.1744,0.1797,0.174,14062188.0,0.181780236901052,0.18807918205531027,0.19967830871345627,0.1838888760156383,0.1894471002608413,18.80100472837971,-0.006298945154258273,-0.005599529716441176,-0.0006994154378170969,-0.0003084022476703696,54.51158084782935,9.182189984443347,38.106185121461316,0.004041152483882073,0.18713461107781057,-1,7062171.4,,False,False,False,True,False,False,True,False,True,True
ADA_USDT_6dcea436,ADA/USDT,1h,SELL,2026-06-05 02:00:00+00:00,backtest,TP,7.694,7.494,True,13.0,atr,0.1703,0.15719712,2.0,-1.0,4.8165,True,56.54939257337559,1.0,1.0,-0.984211,11.919986396575016,-1.0,2.985,,1.0,False,,False,0.0,False,False,ranging,0,expansion,1.0,91.52090127482953,rising,5,moderate,0.1635,0.1723,0.163,25835271.0,0.17604483466853763,0.18452411740108285,0.19743646307667043,0.17962907314526266,0.18662652914119116,11.919986396575016,-0.008479282732545224,-0.0068700976728063735,-0.00160918505973885,-0.0009319508529915437,56.54939257337559,7.325489756345894,48.09832541140159,0.004367626376408523,0.17904803497302657,-1,8655137.450000001,,False,False,False,True,False,False,True,False,True,True
ADA_USDT_99c2ec5c,ADA/USDT,1h,BUY,2026-06-08 15:00:00+00:00,backtest,SL,-2.0129,-2.2129,False,2.0,bos,0.171,0.167558,1.0,1.0,1.1894,True,20.866759831427906,0.028891994380930205,0.3,0.252354,67.395576685812,0.0,2.0765,,0.7672298991011766,True,bullish,True,1.0,False,False,bullish,1,range,0.3,57.721226142278766,rising,6,strong,0.1692,0.1714,0.1678,10835885.0,0.16662157331150845,0.16466300080756618,0.16421228592379822,0.16588487997193946,0.1642093008883228,67.395576685812,0.0019585725039422686,0.00153159037293858,0.0004269821310036886,0.0003574797761799163,20.866759831427906,30.457256008425823,11.276508530896407,0.002837656109667889,0.16244298914060643,1,5218217.399999999,,False,False,True,False,False,False,True,True,False,True
ADA_USDT_8e9dfae0,ADA/USDT,1h,BUY,2026-06-08 17:00:00+00:00,backtest,SL,-2.6574,-2.8574,False,22.0,atr,0.1674,0.16295155,1.0,1.0,1.285,True,24.328834539309245,0.1442944846436415,0.3,0.178673,65.73023082141152,0.0,0.962,,0.6557017572596598,True,bullish,True,1.0,False,False,bullish,1,range,0.3,61.70520231213873,rising,5,moderate,0.1696,0.1699,0.167,5279167.0,0.1675044085464681,0.16537933951038528,0.16453170464087868,0.16690566813117325,0.1649572734614238,65.73023082141152,0.0021250690360828106,0.0018220397710557376,0.000303029265027073,0.00027786953120724164,24.328834539309245,27.14120112530728,10.748657193815783,0.0029656320537442514,0.16244298914060643,1,5487513.85,,False,False,True,False,False,False,False,True,False,True
ADA_USDT_c575a9df,ADA/USDT,1h,BUY,2026-06-12 14:00:00+00:00,backtest,SL,-1.0,-1.2,False,47.0,structural,0.1691,0.167409,1.0,0.5345169862059198,0.5345,True,26.85856111893781,0.2286187039645937,0.3,-0.018677,60.649072420235086,0.0,2.6299,,0.33394196631209894,True,bullish,True,1.0,True,True,bullish,1,range,0.3,39.065578384463834,falling,5,moderate,0.1727,0.1731,0.168,9636476.0,0.17068713077116604,0.16977962981071026,0.16769363532265386,0.17011202527721347,0.1694875927917813,60.649072420235086,0.000907500960455776,0.000939756516100648,-3.225555564487204e-05,-0.0003314518084909093,26.85856111893781,27.28829437853987,18.939745220737397,0.0023799785618556606,0.16684352359513505,1,3664244.9499999993,,False,False,True,False,False,False,True,True,False,True
ADA_USDT_1b981c23,ADA/USDT,1h,SELL,2026-06-14 14:00:00+00:00,backtest,SL,-1.4496,-1.6496,False,7.0,atr,0.1675,0.16992803,1.0,-0.8706731907824135,0.8707,True,18.80593189224379,0.0,0.3,-0.263883,20.506756417969893,-1.0,2.362,,0.7937385450864928,False,,True,0.8,False,False,ranging,0,compression,0.7320188836434324,5.359622327131353,rising,4,moderate,0.1668,0.1679,0.1653,6407810.0,0.16897323091281172,0.17044443553396843,0.17055024678077813,0.16959415403075792,0.17080887908736525,20.506756417969893,-0.0014712046211567131,-0.0010310485322407368,-0.0004401560889159763,-0.00040375456882458117,18.80593189224379,10.122098141950623,29.96556176911294,0.0016186837950178414,0.17060003739572474,-1,2712872.6500000004,,False,False,False,True,False,False,True,False,True,False
ADA_USDT_42532ca5,ADA/USDT,1h,BUY,2026-06-15 12:00:00+00:00,backtest,SL,-2.2688,-2.4688,False,8.0,atr,0.1855,0.18129134,1.0,1.0,2.1897,True,44.10308594477044,0.8034361981590147,0.8034361981590147,0.186678,78.7861833090046,-1.0,1.0043,,1.0,True,bullish,True,0.8,False,False,bullish,1,trend,0.818384765746174,57.79740546508418,rising,5,moderate,0.187,0.1895,0.1842,5912556.0,0.18294704689999075,0.1790269448921289,0.17485135812901983,0.1817890602999881,0.17822963938134181,78.7861833090046,0.003920102007861859,0.0035710140428688976,0.00034908796499296107,0.00016295085827386108,44.10308594477044,39.46485587700985,8.261067776047579,0.0028057713123051733,0.17947040459696034,1,5887471.499999999,,False,False,True,False,False,False,False,True,False,True
ADA_USDT_8eb03bc7,ADA/USDT,1h,SELL,2026-06-17 10:00:00+00:00,backtest,SL,-1.8593,-2.0593,False,6.0,atr,0.1694,0.17254961,1.0,-1.0,1.2796,True,29.661012844034502,0.32203376146781676,0.32203376146781676,-0.136504,27.95233467648764,-1.0,5.4557,,0.6758168877203099,False,,False,0.0,False,False,ranging,0,trend,0.577683547400575,25.047696920141725,rising,5,moderate,0.1689,0.1697,0.1686,26631694.0,0.17050957645908332,0.17269135655284207,0.17491787982398163,0.17096945544739284,0.1730704922081263,27.95233467648764,-0.002181780093758745,-0.0019512249571178924,-0.00023055513664085262,-0.0002650893719359829,29.661012844034502,9.6758399894617,26.571262182469447,0.0020997389470930683,0.17412187583407154,-1,4881431.600000001,,False,False,False,True,False,False,True,False,True,True
ADA_USDT_dea8d81f,ADA/USDT,1h,SELL,2026-06-17 19:00:00+00:00,backtest,TP,4.6637,4.4637,True,20.0,atr,0.1697,0.16178578,2.0,-0.8786787414281572,0.8787,True,31.11648646115054,0.370549548705018,0.370549548705018,-0.066222,31.501932446463403,0.0,2.0114,,0.6905924248791283,False,,False,0.0,False,False,ranging,0,expansion,1.0,51.44100054377378,falling,5,moderate,0.1656,0.1701,0.1646,13862183.0,0.16924145351994097,0.1707285421937047,0.17335199662781947,0.17028186881135268,0.17124139641307518,31.501932446463403,-0.0014870886737637368,-0.0013774247073808303,-0.0001096639663829065,0.00036306512246688395,31.11648646115054,12.730104518253121,29.994915140231328,0.002638072885964386,0.17295259773473434,-1,6891852.1499999985,,False,False,False,True,False,True,True,False,True,True
ADA_USDT_654547f5,ADA/USDT,1h,SELL,2026-06-20 18:00:00+00:00,backtest,SL,-1.1809,-1.3809,False,4.0,structural,0.1609,0.1628,1.0,-0.22432717936669583,0.2243,True,22.24798820878495,0.07493294029283165,0.3,-0.146301,37.77713964610616,0.0,5.0649,,0.35652354847154166,False,,True,0.8,False,False,ranging,0,compression,0.7452654041077621,5.0946919178447585,rising,5,moderate,0.1607,0.1614,0.1607,16849215.0,0.1616444036832931,0.16200701601467996,0.1631070397263941,0.16191423330709112,0.16213771761614795,37.77713964610616,-0.0003626123313868468,-0.00012750678163430892,-0.00023510554975253786,-0.0002135303022987917,22.24798820878495,12.26887401158202,21.18196272337056,0.0015914889550468412,0.1641561587422341,-1,3326641.85,,False,False,False,True,False,False,True,False,True,True
DOT_USDT_9ea3ed98,DOT/USDT,1h,SELL,2026-01-16 15:00:00+00:00,backtest,SL,-1.7469,-1.9469,False,16.0,structural,2.118,2.155,1.0,-0.7653562536183006,0.7654,True,27.770510517506597,0.2590170172502199,0.3,-0.200029,27.07981358799858,-1.0,3.0257,,0.8934452624852554,False,,False,0.0,False,False,ranging,0,trend,0.5461751752917766,38.46153846153847,rising,5,moderate,2.074,2.124,2.059,778249.2,2.111004756190974,2.1271614631066615,2.1526608689854525,2.12157754367411,2.132477609417328,27.07981358799858,-0.01615670691568738,-0.012008109950923237,-0.004148596964764143,-0.0009662542746767255,27.770510517506597,12.024311963484955,34.36044352561634,0.025396692074621675,2.155172038017723,-1,257211.62500000006,,False,False,False,True,False,False,True,False,True,True
DOT_USDT_c637b2ff,DOT/USDT,1h,BUY,2026-01-17 12:00:00+00:00,backtest,SL,-1.7792,-1.9792,False,14.0,atr,2.198,2.15889282,1.0,1.0,1.2462,True,26.804063048695465,0.22680210162318215,0.3,0.254865,69.89880616565918,0.0,1.6168,,0.7038476595727112,False,,False,0.0,False,False,bearish,1,expansion,1.0,68.08510638297872,rising,6,strong,2.208,2.216,2.175,361433.9,2.1794290158391303,2.1526036077927118,2.1481799409146043,2.1712658775074534,2.147063968571983,69.89880616565918,0.02682540804641853,0.021197995238093806,0.005627412808324725,0.005817620101539141,26.804063048695465,28.82180954498404,11.225618055666258,0.026071454427475434,2.1467761698534304,1,223549.105,,False,False,True,False,False,False,True,True,False,True
DOT_USDT_f38b4146,DOT/USDT,1h,SELL,2026-01-19 00:00:00+00:00,backtest,SL,-3.4271,-3.6271,False,16.0,atr,1.941,2.00752062,1.0,-1.0,1.5646,True,23.95385684198281,0.13179522806609362,0.3,-1.097912,17.33849655103347,-1.0,9.562,,1.0,False,,True,0.8,True,True,bearish,1,expansion,1.0,100.0,rising,5,moderate,1.953,2.065,1.831,4313239.3,2.105579439602271,2.1385227179192645,2.1518640277055052,2.14917356520292,2.157074989711191,17.33849655103347,-0.032943278316993396,-0.011501056860795209,-0.021442221456198188,-0.007121478375575023,23.95385684198281,7.768316502327273,58.50037396654321,0.04434707758625994,2.0809283791116373,-1,451080.775,,False,False,False,True,False,False,True,False,True,True
DOT_USDT_a1d96838,DOT/USDT,1h,SELL,2026-01-20 07:00:00+00:00,backtest,TP,8.45,8.25,True,131.0,structural,2.0,1.831,5.83,-0.2607770361225751,0.2608,True,20.45708084704265,0.015236028234755021,-0.3,-0.218349,38.560713191629176,0.0,0.6282,,0.23690281595965929,True,bullish,True,1.0,True,True,bullish,1,range,0.3,73.68421052631578,falling,3,weak,1.988,2.005,1.986,149540.4,2.0118698314630348,2.0171163259801683,2.0514640983608237,2.0186897833096165,2.020027958578185,38.560713191629176,-0.005246494517133549,-0.0009057201905085464,-0.004340774326625003,-0.002602842241372563,20.45708084704265,16.71491767569589,22.637488074687372,0.028349523976320373,1.970565324892615,1,238038.37,,False,False,False,True,False,False,False,True,False,True
DOT_USDT_765893de,DOT/USDT,1h,SELL,2026-01-25 19:00:00+00:00,backtest,SL,-1.7524,-1.9524,False,6.0,atr,1.82,1.8518934,1.0,-1.0,1.7173,True,32.407044544317145,0.4135681514772382,0.4135681514772382,-0.560472,10.962269500793415,-1.0,2.8607,,1.0,False,,False,0.0,False,False,bearish,1,expansion,1.0,25.609756097560975,rising,5,moderate,1.789,1.828,1.78,825976.1,1.846600902422104,1.8783125736200659,1.9047852880957263,1.863058303114134,1.8872438309820725,10.962269500793415,-0.03171167119796192,-0.021684828845023974,-0.010026842352937947,-0.007514120199383596,32.407044544317145,6.880364726475643,44.464692498205366,0.02126226439595463,1.8619444611568265,-1,288736.835,,False,False,False,True,False,False,True,False,True,True
DOT_USDT_27754c55,DOT/USDT,1h,SELL,2026-01-27 17:00:00+00:00,backtest,SL,-1.0,-1.2,False,1.0,structural,1.846,1.86446,1.0,-0.3606623747202588,0.3607,True,20.28846954731082,0.009615651577027389,0.3,-0.025004,38.94243261621464,0.0,1.3714,,0.23546485296013478,False,,True,1.0,False,False,ranging,0,expansion,1.0,23.63013698630137,falling,3,weak,1.833,1.874,1.826,331268.5,1.848749667588358,1.855417412042115,1.8656040504596791,1.8532495726136031,1.8576591532463265,38.94243261621464,-0.006667744453757063,-0.006209421133029537,-0.0004583233207275262,0.0015706788399424297,20.28846954731082,15.933084718340078,21.819706042343448,0.020380273647890603,1.8789238263695593,-1,241554.33500000002,,False,False,False,True,False,True,False,False,True,True
DOT_USDT_19e276a7,DOT/USDT,1h,SELL,2026-01-29 14:00:00+00:00,backtest,TP,3.271,3.071,True,1.0,atr,1.792,1.73338441,2.0,-1.0,1.3582,True,31.39488112954097,0.379829370984699,0.379829370984699,-0.143465,22.47036217804652,-1.0,2.5773,,1.0,False,,False,0.0,False,False,bearish,1,trend,0.6065813521590162,22.8486646884273,rising,5,moderate,1.757,1.795,1.755,507814.5,1.7882937404894004,1.812581839251841,1.838343937268566,1.7972348092006578,1.818140023177025,22.47036217804652,-0.024288098762440535,-0.021767422845462202,-0.0025206759169783335,-0.0003981290893942113,31.39488112954097,8.589621299376399,34.78438733153897,0.019538528653581053,1.8233285902698244,-1,197034.135,,False,False,False,True,False,False,True,False,True,True
DOT_USDT_86d41d56,DOT/USDT,1h,SELL,2026-01-29 17:00:00+00:00,backtest,TP,4.1165,3.9165,True,8.0,atr,1.753,1.68083694,2.0,-1.0,1.9298,True,38.19583861648103,0.6065279538827011,0.6065279538827011,-0.28903,23.22859276145467,-1.0,1.5055,,0.9624948662205881,False,,False,0.0,False,False,bearish,1,trend,0.7199306436080173,63.23529411764706,rising,5,moderate,1.723,1.764,1.721,411988.3,1.7589447914785519,1.7928886846369951,1.8275139721782607,1.7692147319009954,1.7998775531006947,23.22859276145467,-0.03394389315844326,-0.02896390331100926,-0.004979989847434002,-0.004188912812407061,38.19583861648103,10.337365747879124,34.39973740339383,0.02405435402766674,1.789245731242842,-1,273650.77999999997,,False,False,False,True,False,False,True,False,True,True
DOT_USDT_7f27a647,DOT/USDT,1h,SELL,2026-01-31 16:00:00+00:00,backtest,TP,5.1703,4.9703,True,1.0,atr,1.568,1.48692926,2.0,-1.0,2.4794,True,59.05306875076673,1.0,1.0,-0.515906,13.723884873304222,-1.0,1.8787,,1.0,False,,False,0.0,False,False,bearish,1,expansion,1.0,78.81136950904393,rising,5,moderate,1.551,1.591,1.544,731855.6,1.5981281946007657,1.6377524595333817,1.692855581700468,1.6115933930581272,1.6464277054867198,13.723884873304222,-0.03962426493261595,-0.031622566993609595,-0.008001697939006354,-0.0072125944044861695,59.05306875076673,2.8653880294632197,42.2136680702447,0.02702358135112254,1.6391132373662725,-1,389560.0850000001,,False,False,False,True,False,False,True,False,True,True
DOT_USDT_431946f1,DOT/USDT,1h,SELL,2026-01-31 17:00:00+00:00,backtest,TP,6.3658,6.1658,True,1.0,atr,1.499,1.40357717,2.0,-1.0,3.1465,True,61.37455704529084,1.0,1.0,-0.80007,9.18859583121973,-1.0,4.7718,,1.0,False,,False,0.0,False,False,bearish,1,expansion,1.0,94.84536082474226,rising,5,moderate,1.495,1.558,1.464,2376016.8,1.5752108180228177,1.624774963212165,1.6857893109254514,1.5981281946007657,1.6377524595333817,9.18859583121973,-0.049564145189347375,-0.03760309305885552,-0.011961052130491853,-0.008001697939006354,61.37455704529084,2.260531733965093,51.26791425841621,0.031807611254613795,1.5989519136296455,-1,497926.29500000004,,False,False,False,True,False,False,True,False,True,True
DOT_USDT_088b6086,DOT/USDT,1h,SELL,2026-02-01 10:00:00+00:00,backtest,SL,-1.0,-1.2,False,29.0,structural,1.555,1.57055,1.0,-0.8578302094570467,0.8578,True,60.75318560001279,1.0,1.0,0.130808,36.109751230187534,0.0,0.0958,,0.9070645722691054,True,bearish,False,0.0,False,False,bearish,1,range,0.3,69.1358024691358,falling,3,weak,1.53,1.558,1.526,228826.9,1.5433428396067521,1.556582100720391,1.6169061467910493,1.5471550794943958,1.5592403107924302,36.109751230187534,-0.013239261113638934,-0.0152406166574372,0.0020013555437982666,0.004156063131301929,60.75318560001279,7.91972439004982,30.596338696777458,0.025851413512256463,1.5576567222666808,-1,2389436.3400000003,,False,False,False,True,False,False,False,False,True,True
DOT_USDT_babaa46c,DOT/USDT,1h,SELL,2026-02-03 12:00:00+00:00,backtest,TP,4.3421,4.1421,True,6.0,structural,1.52,1.454,4.12,-0.309036248151416,0.309,True,23.84161298287954,0.12805376609598465,-0.3,-0.096207,45.91284440409748,0.5,3.0677,,0.40181493515180605,True,bullish,True,1.0,True,True,bullish,1,range,0.3,20.21978021978022,rising,5,moderate,1.522,1.526,1.511,922567.9,1.5242744519805986,1.52898501255853,1.5414587224809524,1.5249242954036268,1.529683513814383,45.91284440409748,-0.0047105605779314,-0.003246294868711843,-0.0014642657092195565,-0.0022450563966540404,23.84161298287954,12.255175511167995,22.300548889963146,0.02020852451699032,1.4932937991723447,1,300733.81500000006,,False,False,False,True,False,False,True,True,False,True
DOT_USDT_6979a64e,DOT/USDT,1h,SELL,2026-02-03 18:00:00+00:00,backtest,SL,-2.6449,-2.8449,False,1.0,atr,1.458,1.49656212,1.0,-1.0,1.5098,True,31.49179158872698,0.38305971962423263,0.38305971962423263,-0.623179,25.96429611134839,-1.0,1.9182,,1.0,True,bullish,True,1.0,False,False,bullish,1,expansion,1.0,65.0759219088937,rising,5,moderate,1.433,1.471,1.43,951720.9,1.4873463112576286,1.5098015453933167,1.5309755989153209,1.5028738287598082,1.5174816999326484,25.96429611134839,-0.022455234135688062,-0.013525074741360017,-0.008930159394328046,-0.005547876128644132,31.49179158872698,7.134626953399791,32.6909979477192,0.025708082545236467,1.5174700715714675,-1,496165.92500000005,,False,False,False,True,False,False,True,False,True,True
DOT_USDT_e25ac3be,DOT/USDT,1h,SELL,2026-02-05 07:00:00+00:00,backtest,TP,5.8335,5.6335,True,8.0,atr,1.428,1.34469755,2.0,-1.0,1.2138,True,27.99251748320163,0.26641724944005435,0.3,-0.111184,30.668499309787087,0.0,1.6214,,0.456592286883476,False,,False,0.0,False,False,bearish,1,trend,0.5498752913866939,75.1004016064257,rising,5,moderate,1.424,1.445,1.419,1121044.3,1.4396055859521688,1.45707922294692,1.4858747405197292,1.4440643247956457,1.460387145241612,30.668499309787087,-0.01747363699475124,-0.015890375892856242,-0.0015832611018949984,-0.001224075104057483,27.99251748320163,8.687160692456917,20.101967864543816,0.02776748362344871,1.5015647311902953,-1,691398.2850000001,,False,False,False,True,False,False,True,False,True,True
DOT_USDT_413c698e,DOT/USDT,1h,SELL,2026-02-05 15:00:00+00:00,backtest,TP,7.2186,7.0186,True,5.0,atr,1.334,1.23770382,2.0,-1.0,2.5189,True,38.64708773322386,0.6215695911074621,0.6215695911074621,-0.524238,11.148827015696297,-1.0,3.5113,,1.0,False,,False,0.0,False,False,bearish,1,expansion,1.0,92.4901185770751,rising,5,moderate,1.326,1.384,1.294,2443447.5,1.3836187689999115,1.418470620401736,1.4613007648405507,1.4000812744284576,1.4277176824419098,11.148827015696297,-0.03485185140182456,-0.02790046169451983,-0.006951389707304734,-0.00321164117258467,38.64708773322386,6.889141575912941,36.192369430762184,0.032098725405178434,1.4238972765498865,-1,695871.9600000001,,False,False,False,True,False,False,True,False,True,True
DOT_USDT_15c74ba8,DOT/USDT,1h,SELL,2026-02-05 20:00:00+00:00,backtest,TP,8.7014,8.5014,True,4.0,atr,1.289,1.17683934,2.0,-1.0,4.0591,True,49.32307105700927,0.977435701900309,0.977435701900309,-0.649949,15.699660946075221,-1.0,1.7631,,1.0,False,,False,0.0,False,False,ranging,0,expansion,1.0,98.82583170254404,rising,5,moderate,1.256,1.309,1.231,1744776.3,1.3198705592064475,1.3734459148976015,1.434752887255283,1.3381192904082897,1.3851905063873617,15.699660946075221,-0.053575355691154014,-0.045411992963947906,-0.008163362727206108,-0.0057409043787271935,49.32307105700927,4.0832897460769555,37.20909290548139,0.03738688502533342,1.3708348928299425,-1,989605.5699999998,,False,False,False,True,False,False,True,False,True,True
DOT_USDT_739d8ac7,DOT/USDT,1h,SELL,2026-02-16 15:00:00+00:00,backtest,SL,-1.0,-1.2,False,6.0,structural,1.358,1.37158,1.0,-0.2814062335203687,0.2814,True,24.02452872106488,0.1341509573688293,0.3,-0.080378,40.9923266685263,0.0,2.0003,,0.17122048561738054,False,,True,1.0,False,False,ranging,0,expansion,1.0,38.311688311688314,rising,5,moderate,1.338,1.368,1.332,244714.5,1.354673062961628,1.3584851974046233,1.359915841944707,1.3594367952363788,1.3605337171450858,40.9923266685263,-0.0038121344429953297,-0.002736679334509045,-0.0010754551084862845,0.0011020298715589865,24.02452872106488,15.810587015781028,20.09109915621554,0.020202638297138607,1.387244537382901,-1,122341.53000000003,,False,False,False,True,False,True,True,False,True,True
DOT_USDT_e8c20a14,DOT/USDT,1h,BUY,2026-02-20 18:00:00+00:00,backtest,SL,-2.2032,-2.4032,False,42.0,atr,1.347,1.31732347,1.0,1.0,1.3274,True,20.41138706625403,0.013712902208467643,0.3,0.346848,68.06747732394321,0.0,1.2533,,0.27444405958378054,False,,True,1.0,False,False,ranging,0,range,0.3,43.15304948216341,rising,5,moderate,1.342,1.354,1.333,273862.2,1.3287116415835696,1.311305186431249,1.3110140984780068,1.3249149677503038,1.3082357050743738,68.06747732394321,0.017406455152320532,0.012751756768635852,0.00465469838368468,0.006254855099136494,20.41138706625403,26.644703109218078,19.783601619623564,0.019784355501615298,1.2995797383461207,1,218520.80500000005,,False,False,True,False,False,False,False,True,False,True
DOT_USDT_9850002f,DOT/USDT,1h,BUY,2026-02-25 11:00:00+00:00,backtest,TP,4.8582,4.6582,True,1.0,bos,1.329,1.39356511,2.05,1.0,2.2076,True,29.733993557918044,0.3244664519306015,0.3244664519306015,0.802632,86.02316750117859,-1.0,2.7294,,1.0,True,bullish,True,0.6,False,False,bullish,1,expansion,1.0,58.55397148676171,rising,6,strong,1.38,1.39,1.324,402185.2,1.3101406815328933,1.2818423054045205,1.276267732054969,1.2901808762565772,1.2720265359449725,86.02316750117859,0.028298376128372826,0.017222059422637603,0.011076316705735223,0.006470439241834687,29.733993557918044,49.52249462834695,11.163784238339588,0.021521702954833747,1.2976403575794275,1,147351.755,,False,False,True,False,False,False,True,True,False,True
DOT_USDT_150ba600,DOT/USDT,1h,BUY,2026-02-26 09:00:00+00:00,backtest,SL,-4.457,-4.657,False,7.0,atr,1.612,1.54015323,1.0,1.0,2.4197,True,52.24562301723215,1.0,1.0,-0.737934,59.995961137208205,0.0,0.6886,,0.6874823362198736,True,bullish,False,0.0,False,False,bullish,1,range,0.3,98.90438247011953,falling,4,moderate,1.617,1.631,1.591,498651.2,1.6068440083083781,1.5688812962925405,1.4561521630032663,1.6039422963964862,1.5640694259217947,59.995961137208205,0.037962712015837674,0.04989509965309967,-0.011932387637261996,-0.015988422997039092,52.24562301723215,29.256249185180124,12.069190779683284,0.04789784770893054,1.5707659065671509,1,724204.61,,False,False,True,False,False,False,False,True,False,True
DOT_USDT_6d8c1ee6,DOT/USDT,1h,BUY,2026-02-27 21:00:00+00:00,backtest,SL,-3.0266,-3.2266,False,1.0,structural,1.619,1.57,1.0,0.42612754604975867,0.4261,True,26.09486089232085,0.2031620297440283,-0.3,0.360806,60.83581967854351,0.0,0.8369,,0.6097940887118866,True,bullish,False,0.0,False,False,bearish,2,range,0.3,92.40384615384616,falling,4,moderate,1.625,1.628,1.609,261154.5,1.601378753161377,1.5945837923772128,1.556696693896745,1.594629825493199,1.591542171614934,60.83581967854351,0.006794960784164195,0.0009318694364896971,0.005863091347674498,0.00508733011561248,26.09486089232085,26.1345890675648,10.889736849767637,0.036014042737870094,1.6444333257077688,-1,312044.75,,False,False,True,False,False,False,False,False,True,True
DOT_USDT_13752d77,DOT/USDT,1h,BUY,2026-02-28 20:00:00+00:00,backtest,SL,-3.9967,-4.1967,False,16.0,atr,1.619,1.55429372,1.0,0.9745543102029914,0.9746,True,21.617870518248722,0.0539290172749574,0.3,0.984324,68.64671562885111,0.0,0.9013,,0.6538342277233997,False,,True,0.8,False,False,bearish,1,range,0.3,96.42521166509877,falling,5,moderate,1.62,1.637,1.59,308492.9,1.561677833001462,1.546605324153099,1.5459613570966881,1.5450143567161654,1.539265856568409,68.64671562885111,0.015072508848362975,-0.0008735455857890257,0.015946054434152,0.014595072950621433,21.617870518248722,27.876425455095532,11.530569762010542,0.043137522776181436,1.5010119316236175,1,342273.5,,False,False,True,False,False,False,False,True,False,True
DOT_USDT_2c0dce6f,DOT/USDT,1h,BUY,2026-03-04 08:00:00+00:00,backtest,SL,-2.4697,-2.6697,False,32.0,atr,1.529,1.4912376,1.0,0.5690103179832244,0.569,True,23.99545219299205,0.1331817397664017,0.3,0.149542,71.65791105817415,0.0,1.5673,,0.5468533870400946,False,,False,0.0,False,False,ranging,0,range,0.3,64.08020924149956,rising,6,strong,1.56,1.565,1.522,232462.3,1.5343133785185419,1.5256323729022359,1.5255735749879618,1.5269743438095538,1.5221956101924594,71.65791105817415,0.008681005616306026,0.006348144355709981,0.002332861260596045,-0.0004029801083176021,23.99545219299205,24.390810454931668,10.719475778929304,0.025174933707483468,1.4804455184587906,1,148323.43499999997,,False,False,True,False,True,False,True,True,False,True
DOT_USDT_7799d58f,DOT/USDT,1h,BUY,2026-03-09 13:00:00+00:00,backtest,SL,-2.1596,-2.3596,False,104.0,atr,1.491,1.45880024,1.0,0.5800931053854961,0.5801,True,20.268809625432198,0.008960320847739922,0.3,0.050123,65.46163397979768,0.0,2.1854,,0.5181952513400201,True,bullish,False,0.0,False,False,bearish,2,range,0.3,50.314465408805034,falling,6,strong,1.503,1.512,1.479,313033.2,1.4844367989813398,1.4758753478444102,1.4731021333958059,1.4791330272617227,1.4731628826288512,65.46163397979768,0.008561451136929632,0.00780809995534065,0.0007533511815889819,-0.0014612797316746707,20.268809625432198,27.65162090744075,14.696739623940248,0.021466505482501584,1.445295308074725,1,143238.37,,False,False,True,False,True,False,True,True,False,True
DOT_USDT_a46215dd,DOT/USDT,1h,SELL,2026-03-14 01:00:00+00:00,backtest,TP,3.784,3.584,True,24.0,atr,1.446,1.39128394,2.0,-1.0,1.4134,True,20.903125536305808,0.03010418454352693,0.3,-0.176441,25.880537170090598,-1.0,0.4669,,0.5904872282012331,False,,True,1.0,False,False,ranging,0,range,0.3,35.57971014492753,rising,4,moderate,1.448,1.453,1.436,114142.5,1.4629793863677336,1.4836575838158252,1.4978133252311343,1.4672592110442289,1.487223342197408,25.880537170090598,-0.02067819744809163,-0.018123338331750442,-0.0025548591163411863,-0.003118222379599231,20.903125536305808,13.335517411681346,28.097698116712174,0.018238688310606217,1.490657718346207,-1,244465.56999999998,,False,False,False,True,False,False,False,False,True,True
DOT_USDT_d195b59f,DOT/USDT,1h,BUY,2026-03-17 07:00:00+00:00,backtest,SL,-2.3001,-2.5001,False,31.0,atr,1.601,1.56417534,1.0,0.789068007603265,0.7891,True,47.454265125641726,0.9151421708547242,0.9151421708547242,-0.310374,58.8129357043626,0.0,0.695,,0.5773199503044146,True,bullish,False,0.0,False,False,bullish,1,range,0.3,65.50068587105625,falling,4,moderate,1.611,1.616,1.594,133969.2,1.6070241783505397,1.5944429392176838,1.5431237779595408,1.6058882293078367,1.5927872331394521,58.8129357043626,0.012581239132855915,0.017581360364333956,-0.005000121231478041,-0.006980424811688413,47.454265125641726,25.852466006616215,11.41946724900585,0.0245497713240044,1.5702070352473894,1,192752.13499999998,,False,False,True,False,False,False,False,True,False,True
DOT_USDT_6035b9bf,DOT/USDT,1h,SELL,2026-03-19 01:00:00+00:00,backtest,TP,6.1657,5.9657,True,70.0,atr,1.557,1.461,3.29,-0.8195540327011207,0.8196,True,33.089971687871966,0.4363323895957322,0.4363323895957322,0.10858,38.84192856564416,0.0,0.3991,,0.3485819943412426,True,bullish,True,0.8,False,False,bearish,2,range,0.3,44.333333333333336,falling,3,weak,1.559,1.563,1.554,64930.4,1.5644523879697898,1.5772739206050852,1.5790427168726606,1.5660102131040157,1.5791013126655937,38.84192856564416,-0.012821532635295396,-0.014514291333589327,0.0016927586982939304,0.0022695711211582342,33.089971687871966,12.745936197235043,21.460486055766108,0.019461408015924275,1.6050539667422532,-1,162700.07499999998,,False,False,False,True,False,False,False,False,True,True
DOT_USDT_70fa63ab,DOT/USDT,1h,SELL,2026-03-24 15:00:00+00:00,backtest,TP,3.8614,3.6614,True,36.0,atr,1.393,1.33921014,2.0,-0.8815696611612535,0.8816,True,23.07433450169083,0.10247781672302772,0.3,-0.13113,33.924267791549376,0.0,1.7229,,0.4828882575790032,False,,False,0.0,False,False,ranging,0,range,0.3,37.76009791921665,rising,5,moderate,1.382,1.403,1.377,296461.2,1.396810659342438,1.4091245183390675,1.4287780119345286,1.4010422762974204,1.4118369701729745,33.924267791549376,-0.012313858996629401,-0.010501644217544764,-0.0018122147790846366,-0.0011991570475516512,23.07433450169083,10.51350252982368,22.58570896929876,0.017929953267291625,1.4336835646824249,-1,172071.29,,False,False,False,True,False,False,True,False,True,True
DOT_USDT_06adc1e6,DOT/USDT,1h,BUY,2026-04-09 19:00:00+00:00,backtest,TP,3.6219,3.4219,True,3.0,atr,1.299,1.34604819,2.0,0.6481399481882895,0.6481,True,24.63424192288664,0.15447473076288804,0.3,0.444834,75.4092290035957,-1.0,1.6372,,0.6709008960770976,False,,False,0.0,False,False,ranging,0,expansion,1.0,33.432245301681505,rising,6,strong,1.304,1.309,1.283,271998.6,1.2787729013444307,1.2705380367711894,1.2695754443155887,1.271565158871411,1.2671918404483085,75.4092290035957,0.008234864573241296,0.0024342323246690275,0.005800632248572269,0.004839402222719619,24.63424192288664,31.122339246250135,14.349816844322694,0.015682728412393897,1.2546580553647326,1,166139.065,,False,False,True,False,False,False,True,True,False,True
DOT_USDT_67b7bac5,DOT/USDT,1h,SELL,2026-04-12 05:00:00+00:00,backtest,SL,-1.785,-1.985,False,12.0,atr,1.224,1.24584801,1.0,-1.0,1.5271,True,24.262771625205726,0.14209238750685754,0.3,-0.481526,19.70416642599462,-1.0,1.5332,,0.9533361266680597,False,,False,0.0,False,False,ranging,0,range,0.3,25.14423076923077,rising,5,moderate,1.224,1.231,1.222,228560.7,1.2496345758694398,1.2687180848478055,1.2796942899089216,1.2569587404035656,1.273189893332586,19.70416642599462,-0.019083508978365638,-0.013189635640808203,-0.005893873337557434,-0.0059884539569909565,24.262771625205726,11.545594254560509,35.378997421262,0.014565340488332634,1.2638998226098355,-1,149076.585,,False,False,False,True,False,False,True,False,True,True
DOT_USDT_81b4a9f8,DOT/USDT,1h,SELL,2026-04-13 15:00:00+00:00,backtest,SL,-2.4655,-2.6655,False,4.0,atr,1.174,1.20294539,1.0,-1.0,1.5054,True,41.05538895128889,0.7018462983762963,0.7018462983762963,0.150901,36.81876103463447,0.0,3.7065,,0.6509402067431114,False,,False,0.0,True,True,bearish,1,range,0.3,58.84578997161779,falling,4,moderate,1.169,1.181,1.163,1764558.7,1.1744375648595564,1.192117108903043,1.2237850254006828,1.1759911548194297,1.1944288197933473,36.81876103463447,-0.017679544043486484,-0.019443582132594193,0.0017640380891077098,0.0018879362032305225,41.05538895128889,9.431201996425912,25.704707165003697,0.019296925071464716,1.2120967833284026,-1,476077.53500000003,,False,False,False,True,False,False,True,False,True,True
DOT_USDT_1a1bd4f0,DOT/USDT,1h,SELL,2026-04-14 20:00:00+00:00,backtest,SL,-2.0897,-2.2897,False,20.0,atr,1.157,1.18117786,1.0,-1.0,1.1154,True,27.586247153672893,0.25287490512242977,0.3,-0.151983,33.40791946729352,0.0,3.8314,,0.5259710705990714,False,,False,0.0,False,False,ranging,0,trend,0.5431041192278816,38.91740550629958,rising,5,moderate,1.155,1.163,1.15,2622626.7,1.1618511848082689,1.174810769841256,1.195398796805991,1.16380866618206,1.1767918468253817,33.40791946729352,-0.012959585032987109,-0.011204180791566307,-0.001755404241420802,-0.0026567019724659195,27.586247153672893,13.193592290042133,26.34286905501892,0.016118573340961142,1.1907686988803239,-1,684511.77,,False,False,False,True,False,False,True,False,True,True
DOT_USDT_5d6f02c5,DOT/USDT,1h,BUY,2026-04-17 16:00:00+00:00,backtest,SL,-2.4707,-2.6707,False,17.0,atr,1.334,1.30104046,1.0,1.0,1.228,True,40.56510978958607,0.6855036596528689,0.6855036596528689,0.192953,66.81292266107226,0.0,1.5688,,0.559275128240757,False,,False,0.0,False,False,ranging,0,trend,0.7594184964931011,70.4658525554048,rising,6,strong,1.355,1.355,1.331,1669681.0,1.3321437944139185,1.3159831577388768,1.2768355967267506,1.3256134499607524,1.3120814735127644,66.81292266107226,0.01616063667504175,0.013546127361153609,0.002614509313888142,0.0012931037437784454,40.56510978958607,26.972982412923567,12.991104206904643,0.021973023620887804,1.2881782082224689,1,1064293.0250000001,,False,False,True,False,False,False,True,True,False,True
DOT_USDT_e39702e4,DOT/USDT,1h,SELL,2026-04-29 18:00:00+00:00,backtest,SL,-1.7151,-1.9151,False,2.0,atr,1.186,1.20634163,1.0,-0.8026002885311208,0.8026,True,24.783300191471568,0.15944333971571895,0.3,-0.337091,29.223568454216004,0.0,1.2971,,1.0,True,bullish,True,0.8,False,False,bullish,1,range,0.3,25.669732107157138,rising,4,moderate,1.195,1.218,1.177,638312.9,1.2158991078014127,1.2256579175488742,1.2314425065331933,1.2218702814589593,1.2287237093037617,29.223568454216004,-0.009758809747461461,-0.005730572501213907,-0.004028237246247554,-0.0031369739667123434,24.783300191471568,12.764456996728509,39.48376966839617,0.013561083791680462,1.2350477128881399,-1,492120.51,,False,False,False,True,False,False,False,False,True,True
DOT_USDT_174ec5b3,DOT/USDT,1h,SELL,2026-04-29 20:00:00+00:00,backtest,SL,-1.6448,-1.8448,False,4.0,atr,1.199,1.21872059,1.0,-0.9772476062222926,0.9772,True,27.490572366713206,0.24968574555710685,0.3,-0.23135,35.11929973233981,0.0,0.2474,,0.7767073873397947,True,bullish,True,0.8,False,False,bullish,1,trend,0.5415095394452201,21.454254894127047,rising,4,moderate,1.201,1.207,1.195,125929.8,1.2091488429909782,1.2209652211147721,1.2291346776309924,1.2114770838455433,1.2229617432262494,35.11929973233981,-0.01181637812379388,-0.009037860348627715,-0.002778517775166165,-0.0038360579196614524,27.490572366713206,15.699128599727542,35.11681328322241,0.013147056942826531,1.230542941599326,-1,509109.975,,False,False,False,True,False,False,False,False,True,True
DOT_USDT_a09df5cb,DOT/USDT,1h,SELL,2026-04-30 02:00:00+00:00,backtest,SL,-1.063,-1.263,False,67.0,structural,1.223,1.236,1.0,-0.38594664965196124,0.3859,True,25.48383299275212,0.18279443309173735,0.3,0.121421,43.49234267733751,0.0,3.3013,,0.45315231619426044,True,bullish,True,0.8,False,False,bearish,2,compression,0.09525707453168586,18.094858509366283,falling,4,moderate,1.209,1.225,1.204,2065857.8,1.2133303343721047,1.2180131421468248,1.2261638926349023,1.2145675727641345,1.2189144563615073,43.49234267733751,-0.004682807774720077,-0.006150790499489038,0.0014679827247689615,0.0025378982645007323,25.48383299275212,19.01730264845683,30.34611055331334,0.012812807160381141,1.230542941599326,-1,625769.64,,False,False,False,True,False,False,True,False,True,True
DOT_USDT_8e745bc9,DOT/USDT,1h,BUY,2026-05-05 19:00:00+00:00,backtest,TP,3.0788,2.8788,True,8.0,atr,1.266,1.30497746,2.0,0.7698762590046663,0.7699,True,39.00673646676509,0.633557882225503,0.633557882225503,-0.070378,64.25192581902095,0.0,0.0416,,0.6640213833060392,True,bullish,False,0.0,False,False,bullish,1,range,0.3,23.24263038548753,falling,4,moderate,1.272,1.274,1.265,99085.7,1.26760150860216,1.2579171034646266,1.241985459108179,1.2663447967742056,1.2565088138110891,64.25192581902095,0.009684405137533325,0.010579617774685579,-0.000895212637152254,-0.0011912411301452097,39.00673646676509,27.46680237525036,10.866267792599382,0.012992485059727303,1.2472223902973025,1,2380750.0400000005,,False,False,True,False,False,False,False,True,False,True
DOT_USDT_b35041f9,DOT/USDT,1h,BUY,2026-05-06 05:00:00+00:00,backtest,TP,3.3433,3.1433,True,58.0,atr,1.301,1.34449691,2.0,1.0,1.1769,True,42.94702718649445,0.7649009062164818,0.7649009062164818,0.112184,73.40693722166499,-1.0,4.726,,0.853630892949795,False,,False,0.0,False,False,ranging,0,trend,0.7991171197749075,36.06927710843373,rising,6,strong,1.307,1.31,1.298,1835312.5,1.2947618748932137,1.279701062522744,1.2571994917529858,1.291265267719846,1.2769711687750185,73.40693722166499,0.015060812370469634,0.013594567788546442,0.0014662445819231922,0.0014326534472426274,42.94702718649445,30.765380991510508,9.424608667765632,0.014498968418529526,1.2690459987112088,1,388345.11000000004,,False,False,True,False,False,False,True,True,False,True
DOT_USDT_fea59f7e,DOT/USDT,1h,SELL,2026-05-12 11:00:00+00:00,backtest,SL,-1.5743,-1.7743,False,14.0,atr,1.335,1.35601691,1.0,-0.6045178670730478,0.6045,True,21.163571952930628,0.038785731764354264,0.3,-0.184977,27.012151132563822,-1.0,0.2671,,0.6313058814595521,True,bullish,True,0.8,False,False,bullish,1,range,0.3,32.85816108339273,rising,4,moderate,1.33,1.339,1.325,267353.0,1.3449703426235942,1.3531009286515874,1.3561458431896207,1.3492475833731925,1.3554110215167463,27.012151132563822,-0.008130586027993214,-0.005670387216071287,-0.0024601988119219266,-0.0017231503334434774,21.163571952930628,10.094453595307698,25.8771006317965,0.014011273432008935,1.3662193568059964,-1,1000972.7300000001,,False,False,False,True,False,False,False,False,True,True
DOT_USDT_83579291,DOT/USDT,1h,BUY,2026-05-13 08:00:00+00:00,backtest,SL,-1.6218,-1.8218,False,4.0,atr,1.395,1.37237582,1.0,1.0,1.398,True,32.037619360364076,0.4012539786788025,0.4012539786788025,0.207399,75.50587798210923,-1.0,4.822,,0.7176408658467353,False,,False,0.0,False,False,ranging,0,trend,0.6172936560060679,41.245136186770424,rising,6,strong,1.398,1.401,1.39,2183024.9,1.3831738858288825,1.364104226430075,1.356003872376598,1.3789378532085632,1.3607146490730824,75.50587798210923,0.01906965939880756,0.016170228256224137,0.0028994311425834217,0.0035026914505484168,32.037619360364076,31.59801941732261,13.656997771154229,0.015082784458697892,1.3627708815282498,1,452726.41500000004,,False,False,True,False,False,False,True,True,False,True
DOT_USDT_ee8c6087,DOT/USDT,1h,SELL,2026-05-17 23:00:00+00:00,backtest,TP,3.1051,2.9051,True,7.0,atr,1.258,1.21893768,2.0,-0.34761816440287274,0.3476,True,20.892881516910922,0.02976271723036407,0.3,-0.172707,30.583703099787897,0.0,2.0374,,1.0,True,bullish,True,1.0,False,False,bullish,1,expansion,1.0,23.451327433628318,rising,5,moderate,1.25,1.265,1.214,976310.0,1.2667803412437935,1.2711838998130416,1.283833577890743,1.271574724456306,1.2733022897943456,30.583703099787897,-0.004403558569248123,-0.0022447157607395816,-0.002158842808508541,-0.0005622709815542163,20.892881516910922,12.602281171094358,42.09551602686586,0.013020774271575573,1.2751790838461499,-1,479184.3200000001,,False,False,False,True,False,False,True,False,True,True
DOT_USDT_2e82ddfa,DOT/USDT,1h,SELL,2026-05-18 06:00:00+00:00,backtest,SL,-1.5484,-1.7484,False,5.0,atr,1.226,1.24498326,1.0,-1.0,1.1718,True,36.261512403375754,0.5420504134458585,0.5420504134458585,-0.200961,20.146282738681265,-1.0,0.9141,,1.0,False,,True,1.0,False,False,bearish,1,trend,0.6876918733895959,20.33955857385399,rising,4,moderate,1.225,1.233,1.218,477160.0,1.2394484937219827,1.2539729298383233,1.2732272899441848,1.2435766347854063,1.2568702228221558,20.146282738681265,-0.014524436116340578,-0.012062663487733851,-0.0024617726286067267,-0.002461810863319029,36.261512403375754,7.7181574098915435,38.06759230617636,0.012655507331708888,1.2583713634484535,-1,521972.0450000001,,False,False,False,True,False,False,False,False,True,True
DOT_USDT_a20d70f3,DOT/USDT,1h,SELL,2026-05-18 14:00:00+00:00,backtest,SL,-1.6893,-1.8893,False,10.0,atr,1.234,1.25484618,1.0,-0.7127346675806489,0.7127,True,37.973728030407145,0.5991242676802382,0.5991242676802382,0.114961,36.4539478338492,0.0,1.0463,,0.5126519762283097,False,,True,1.0,False,False,ranging,0,range,0.3,32.30612935997291,falling,3,weak,1.225,1.242,1.222,439999.2,1.2331660717213975,1.2419552738233983,1.2625756089082683,1.235499235070368,1.2436508012057381,36.4539478338492,-0.008789202102000848,-0.010197477825910886,0.0014082757239100383,0.0027500495524957463,37.973728030407145,14.794225614178604,27.610525019886346,0.013897451608636726,1.2540842271036083,-1,420547.3550000001,,False,False,False,True,False,False,False,False,True,True
DOT_USDT_37a8f088,DOT/USDT,1h,BUY,2026-05-22 12:00:00+00:00,backtest,SL,-1.0,-1.2,False,2.0,bos,1.332,1.31868,1.0,1.0,1.3776,True,40.652298390361935,0.6884099463453979,0.6884099463453979,0.098827,78.70447423494359,-1.0,0.9372,,0.7388051186111195,True,bullish,False,0.0,False,False,bullish,1,range,0.3,56.219232031506394,stable,5,moderate,1.346,1.346,1.324,590064.1,1.3255838243102176,1.307570365910782,1.2823878232288886,1.319750631255994,1.3037274025018601,78.70447423494359,0.018013458399435578,0.01668324129022695,0.0013302171092086264,5.0960185111192935e-06,40.652298390361935,27.217489979914774,8.747362014636787,0.016814645721656588,1.291419751060936,1,629621.3649999999,,False,False,True,False,False,False,False,True,False,True
DOT_USDT_6c8c2dba,DOT/USDT,1h,SELL,2026-05-23 07:00:00+00:00,backtest,SL,-2.1339,-2.3339,False,11.0,atr,1.242,1.26850362,1.0,-1.0,1.8168,True,37.15912312746232,0.5719707709154107,0.5719707709154107,-0.333978,17.96643053267151,-1.0,1.5817,,1.0,False,,False,0.0,False,False,ranging,0,trend,0.702652052124372,60.82844096542727,rising,5,moderate,1.211,1.246,1.2,536948.6,1.2472309224474025,1.2698901718671072,1.2767951710234904,1.2575826145752318,1.275779189053818,17.96643053267151,-0.022659249419704652,-0.01861477953913246,-0.0040444698805721935,-0.001604029879739774,37.15912312746232,9.841564123377099,41.51033973928815,0.017669080185998977,1.267827449054282,-1,339466.78500000003,,False,False,False,True,False,False,True,False,True,True
DOT_USDT_c9a31dfb,DOT/USDT,1h,SELL,2026-05-24 22:00:00+00:00,backtest,SL,-1.6922,-1.8922,False,9.0,atr,1.246,1.26708474,1.0,-0.9190470587522174,0.919,True,23.20047563827091,0.10668252127569697,0.3,-0.243827,26.348385837169126,-1.0,1.5065,,0.6537139196985089,False,,False,0.0,False,False,ranging,0,range,0.3,34.7181964573269,rising,5,moderate,1.236,1.25,1.231,1823107.2,1.249499696095771,1.260983186301857,1.267157868943498,1.2533567521231341,1.2634815049320427,26.348385837169126,-0.011483490206086078,-0.008469791066557741,-0.0030136991395283367,-0.003161811312114994,23.20047563827091,11.542798893103916,27.885646885566636,0.014056494366429329,1.2745730852854833,-1,1210122.7850000004,,False,False,False,True,False,False,True,False,True,True
DOT_USDT_414915a7,DOT/USDT,1h,SELL,2026-06-01 21:00:00+00:00,backtest,TP,4.1375,3.9375,True,17.0,atr,1.155,1.10721136,2.0,-0.5102634640780097,0.5103,True,24.071587936480107,0.13571959788267024,0.3,0.153907,42.477020530353734,0.0,0.9818,,0.3406665575086351,True,bullish,True,0.8,False,False,bearish,2,range,0.3,51.60800970873787,falling,3,weak,1.15,1.164,1.148,364733.6,1.155870947287914,1.1617689344238167,1.1755875717004158,1.1575483607987467,1.1629458278661984,42.477020530353734,-0.005897987135902616,-0.007667914811548151,0.0017699276756455353,0.003155411581919218,24.071587936480107,15.245946864070868,23.762610801786746,0.01592954552607498,1.1729639612837985,-1,371502.18,,False,False,False,True,False,False,False,False,True,True
DOT_USDT_d30dfedc,DOT/USDT,1h,SELL,2026-06-04 01:00:00+00:00,backtest,TP,6.617,6.417,True,1.0,atr,1.086,1.01413945,2.0,-0.7932936138040932,0.7933,True,35.716248488968155,0.5238749496322719,0.5238749496322719,-0.451837,32.18622327771913,0.0,2.563,,0.8391558677499339,False,,False,0.0,False,False,ranging,0,expansion,1.0,83.66188769414575,rising,5,moderate,1.057,1.103,1.052,481294.8,1.093440827660715,1.1021150239172741,1.1174800154328497,1.1038524927066338,1.1066265263090016,32.18622327771913,-0.008674196256559075,-0.0038982745557656446,-0.00477592170079343,-0.0012637198969989018,35.716248488968155,9.454789878971669,30.433686572720013,0.023953515424683047,1.1413194026717375,-1,187787.06499999997,,False,False,False,True,False,False,True,False,True,True
DOT_USDT_e90455ad,DOT/USDT,1h,SELL,2026-06-06 04:00:00+00:00,backtest,SL,-4.262,-4.462,False,4.0,atr,0.912,0.95086974,1.0,-1.0,2.4696,True,54.29953906787658,1.0,1.0,-0.313265,27.44993239137987,-1.0,2.6618,,1.0,False,,False,0.0,False,False,ranging,0,trend,0.9883256511312764,87.64342453662842,rising,5,moderate,0.895,0.937,0.886,662488.5,0.9340340666952752,0.957100654971973,1.003329632691607,0.9451866571796396,0.9633107204691703,27.44993239137987,-0.02306658827669783,-0.020262870453772727,-0.0028037178229251038,0.0007369482527794166,54.29953906787658,6.935133416362538,37.85848099554531,0.025913158495991004,0.9760582471163812,-1,248884.14999999997,,False,False,False,True,False,True,True,False,True,True
DOT_USDT_a7064e97,DOT/USDT,1h,SELL,2026-06-18 03:00:00+00:00,backtest,TP,4.4814,4.2814,True,12.0,structural,0.996,0.95136523,2.13,-0.813310550023891,0.8133,True,20.472629372129735,0.015754312404324487,0.3,-0.22419,30.774623260088063,0.0,0.2476,,0.6494714829413514,True,bullish,True,1.0,False,False,bullish,1,range,0.3,44.004340748779164,rising,4,moderate,0.981,1.001,0.981,165913.7,0.9987479265057649,1.0068708487601812,1.0086795781659144,1.0038187626502693,1.0094579336361993,30.774623260088063,-0.008122922254416243,-0.005923615712575698,-0.0021993065418405445,-0.0008152085442746058,20.472629372129735,11.984169427716056,28.22095650124984,0.014878255896565912,1.02848647412595,-1,670054.7900000003,,False,False,False,True,False,False,False,False,True,True
DOT_USDT_724d25b0,DOT/USDT,1h,SELL,2026-06-18 15:00:00+00:00,backtest,EOB,3.0832,2.8832,True,100.0,atr,0.973,0.943,1.37,-1.0,1.3238,True,32.34629023732134,0.41154300791071136,0.41154300791071136,-0.210876,24.328525877471975,-1.0,4.0193,,1.0,False,,False,0.0,False,False,bearish,1,expansion,1.0,41.94159004867496,stable,5,moderate,0.944,0.978,0.939,1013497.2,0.9710931527355825,0.9839482037644941,0.9965351361883823,0.9788340535171776,0.9879430241409436,24.328525877471975,-0.012855051028911602,-0.010864383508901503,-0.001990667520010099,0.0007600791251304202,32.34629023732134,9.08366572490604,35.460857568035415,0.014589682704166853,0.9961482968817166,-1,252154.815,,False,False,False,True,False,True,True,False,True,True
UNI_USDT_890ba29d,UNI/USDT,1h,SELL,2026-01-15 14:00:00+00:00,backtest,TP,3.5057,3.3057,True,4.0,structural,5.503,5.31008132,2.51,-1.0,1.082,True,30.77732890348745,0.35924429678291503,0.35924429678291503,-0.035779,28.708618400739848,0.0,1.534,,0.7718635980975158,False,,True,1.0,False,False,bearish,1,range,0.3,100.0,stable,5,moderate,5.437,5.51,5.393,140824.0,5.499021806896839,5.558520041759136,5.5837157414434095,5.516742323153078,5.5706720459350505,28.708618400739848,-0.05949823486229722,-0.05755295331178969,-0.0019452815505075285,0.0026505897545637536,30.77732890348745,12.424511984905674,31.72110193734357,0.06430622685909751,5.611540015627326,-1,91801.79999999999,,False,False,False,True,False,True,True,False,True,True
UNI_USDT_a662e857,UNI/USDT,1h,SELL,2026-01-15 18:00:00+00:00,backtest,TP,3.9966,3.7966,True,21.0,atr,5.349,5.13522242,2.0,-1.0,1.5661,True,36.84436352738102,0.561478784246034,0.561478784246034,-0.213341,20.104499131024273,-1.0,1.4252,,1.0,False,,True,1.0,False,False,bearish,1,trend,0.6974060587896836,100.0,rising,4,moderate,5.317,5.389,5.303,139907.0,5.41427181197368,5.499063412170709,5.555189023369864,5.442063758251874,5.51726975338778,20.104499131024273,-0.08479160019702903,-0.07344825384214165,-0.011343346354887374,-0.007429414471208581,36.84436352738102,8.894552374733088,34.137995241121025,0.07125919266250219,5.529047004253089,-1,98169.95,,False,False,False,True,False,False,False,False,True,True
UNI_USDT_e65ca52f,UNI/USDT,1h,SELL,2026-01-16 15:00:00+00:00,backtest,SL,-1.1178,-1.3178,False,6.0,structural,5.278,5.337,1.0,-0.9668218993361422,0.9668,True,48.519099212116565,0.9506366404038855,0.9506366404038855,-0.1824,21.085169503762053,-1.0,3.9758,,1.0,False,,False,0.0,False,False,ranging,0,trend,0.8919849868686094,30.76923076923077,rising,5,moderate,5.162,5.287,5.125,430201.0,5.265080071249532,5.315984018395955,5.415989237290068,5.294531520177969,5.331382420235551,21.085169503762053,-0.050903947146423434,-0.0414884753828541,-0.009415471763569334,-7.01605565121971e-05,48.519099212116565,6.8670384594907175,39.94886377590687,0.05513996400082688,5.343402258507356,-1,108203.8,,False,False,False,True,False,False,True,False,True,True
UNI_USDT_79e3aad4,UNI/USDT,1h,SELL,2026-01-23 00:00:00+00:00,backtest,SL,-1.0,-1.2,False,3.0,structural,4.835,4.88335,1.0,-0.6299675666368673,0.63,True,25.36793294364423,0.17893109812147437,0.3,-0.006751,38.296102056180565,0.0,2.9141,,0.5060215316482232,False,,False,0.0,True,True,ranging,0,range,0.3,31.843575418994412,stable,4,moderate,4.819,4.843,4.818,546070.0,4.837061308290908,4.867533225711481,4.903713674194257,4.842221682088311,4.87238654828263,38.296102056180565,-0.030471917420573646,-0.03014656541858644,-0.0003253520019872065,-0.00018097677672618273,25.36793294364423,11.094756228719666,23.745294519925245,0.04835672596756967,4.941700736934014,-1,187389.55,,False,False,False,True,False,False,True,False,True,True
UNI_USDT_dc46add6,UNI/USDT,1h,SELL,2026-01-29 14:00:00+00:00,backtest,TP,2.9899,2.7899,True,1.0,atr,4.68,4.54007083,2.0,-1.0,1.1098,True,31.098080398457675,0.3699360132819225,0.3699360132819225,-0.205158,23.20206979896365,-1.0,1.8934,,1.0,False,,False,0.0,False,False,bearish,1,trend,0.6016346733076279,39.16913946587537,rising,5,moderate,4.571,4.69,4.567,195305.0,4.662492437977113,4.714236510518994,4.741620913297319,4.688633134542002,4.728560161570893,23.20206979896365,-0.05174407254188118,-0.04236629933063908,-0.0093777732112421,-0.00224961430387359,31.098080398457675,9.914069413169877,35.50525558440308,0.046643056081469535,4.7469823123813,-1,103149.15000000001,,False,False,False,True,False,False,True,False,True,True
UNI_USDT_eb6c8bd5,UNI/USDT,1h,SELL,2026-01-29 15:00:00+00:00,backtest,TP,3.7108,3.5108,True,10.0,atr,4.437,4.27235149,2.0,-1.0,1.6209,True,34.03816079125142,0.46793869304171404,0.46793869304171404,-0.485966,15.829973531229871,-1.0,4.8186,,1.0,False,,False,0.0,False,False,bearish,1,expansion,1.0,66.5680473372781,rising,5,moderate,4.451,4.571,4.409,624781.0,4.615494118426644,4.690305918653631,4.731241594965272,4.662492437977113,4.714236510518994,15.829973531229871,-0.0748118002269873,-0.05318146629608849,-0.02163033393089881,-0.0093777732112421,34.03816079125142,7.823799472942472,48.5826569828746,0.054882837789935995,4.63713408114317,-1,129661.55,,False,False,False,True,False,False,True,False,True,True
UNI_USDT_70b3780c,UNI/USDT,1h,SELL,2026-02-03 18:00:00+00:00,backtest,SL,-2.5897,-2.7897,False,1.0,atr,3.78,3.87789059,1.0,-0.9421238193018412,0.9421,True,33.1833751965747,0.43944583988582336,0.43944583988582336,-0.552783,29.75131587317599,0.0,2.3289,,0.960676765305833,False,,False,0.0,False,False,ranging,0,expansion,1.0,75.48806941431671,rising,5,moderate,3.709,3.819,3.695,358481.0,3.8425367151755427,3.87873816883463,3.9191307122351056,3.880690062368555,3.8957119857180933,29.75131587317599,-0.036201453659087335,-0.01569872648653234,-0.020502727172554996,-0.009574560449283273,33.1833751965747,8.803622407289508,32.820541539935334,0.06526039184042844,3.9289216076029296,-1,153926.39999999997,,False,False,False,True,False,False,True,False,True,True
UNI_USDT_2597a6b5,UNI/USDT,1h,SELL,2026-02-05 15:00:00+00:00,backtest,TP,7.719,7.519,True,5.0,atr,3.505,3.2344487,2.0,-1.0,2.5535,True,33.98721491884503,0.46624049729483424,0.46624049729483424,-0.832001,13.419286430382535,-1.0,4.2784,,1.0,False,,False,0.0,False,False,ranging,0,expansion,1.0,98.81422924901186,rising,5,moderate,3.35,3.637,3.314,1432512.0,3.588923159477577,3.680566367813066,3.775650216749461,3.657186919328313,3.7136230045943726,13.419286430382535,-0.09164320833548922,-0.06377118018658366,-0.02787202814890556,-0.006600919153928825,33.98721491884503,9.819626097242516,39.69546222654474,0.09018376610177144,3.719150964411152,-1,334822.95000000007,,False,False,False,True,False,False,True,False,True,True
UNI_USDT_809b1ff7,UNI/USDT,1h,BUY,2026-02-11 15:00:00+00:00,backtest,SL,-5.2302,-5.4302,False,2.0,atr,3.825,3.62494436,1.0,1.0,3.3802,True,37.192463867144696,0.5730821289048232,0.5730821289048232,1.969637,75.56088492052713,-1.0,3.4913,,1.0,False,,True,0.8,False,False,bearish,1,expansion,1.0,100.0,rising,6,strong,3.824,3.968,3.749,1087284.0,3.5267964345252407,3.4114800950177084,3.4011234485549293,3.441881130103881,3.3702281045194793,75.56088492052713,0.11531633950753228,0.03999743249948851,0.07531890700804378,0.06931504658893504,37.192463867144696,66.74659877538322,5.495437479042826,0.13337042962076703,3.5778149281849907,1,311428.55,,False,False,True,False,False,False,True,True,False,True
UNI_USDT_a6f4eadb,UNI/USDT,1h,BUY,2026-02-14 15:00:00+00:00,backtest,TP,4.0723,3.8723,True,2.0,atr,3.564,3.70913683,2.0,1.0,1.5137,True,29.254550227946105,0.30848500759820346,0.30848500759820346,0.309615,72.23817883931832,-1.0,1.9734,,0.9870475509494908,False,,False,0.0,False,False,ranging,0,expansion,1.0,32.13296398891966,rising,6,strong,3.58,3.595,3.526,235263.0,3.5050542426951075,3.4527896358671444,3.406397714427057,3.483641169179424,3.4400685994538587,72.23817883931832,0.05226460682796308,0.041180377576449434,0.011084229251513644,0.007934306774872509,29.254550227946105,36.1850751622828,11.50888638854553,0.048378942689585196,3.4362446176451638,1,119217.6,,False,False,True,False,False,False,True,True,False,True
UNI_USDT_dff85690,UNI/USDT,1h,BUY,2026-02-21 11:00:00+00:00,backtest,SL,-1.8107,-2.0107,False,13.0,atr,3.651,3.58489207,1.0,1.0,1.7319,True,21.107079320793883,0.036902644026462754,0.3,0.258825,83.65656014385355,-1.0,0.846,,1.0,False,,True,1.0,False,False,ranging,0,range,0.3,21.44469525959368,rising,5,moderate,3.646,3.659,3.634,81427.0,3.586610473583492,3.5255519300038403,3.4745515484783818,3.5696420374644893,3.5135071230042243,83.65656014385355,0.06105854357965157,0.05162179978270477,0.009436743796946798,0.009231486576033614,21.107079320793883,35.49859851331724,10.286645728444352,0.04407195236115559,3.5350618763464876,1,96245.55000000002,,False,False,True,False,False,False,False,True,False,True
UNI_USDT_98301598,UNI/USDT,1h,SELL,2026-02-23 01:00:00+00:00,backtest,SL,-1.9469,-2.1469,False,8.0,atr,3.348,3.41318137,1.0,-1.0,1.5356,True,30.126555510536217,0.33755185035120727,0.33755185035120727,-0.395317,16.400982447038636,-1.0,3.4553,,1.0,False,,False,0.0,False,False,ranging,0,expansion,1.0,22.727272727272727,stable,5,moderate,3.28,3.436,3.275,361032.0,3.4238116726640775,3.4763881192667867,3.504884805292095,3.4649007219966714,3.4960269311934655,16.400982447038636,-0.052576446602709215,-0.03961006448201335,-0.012966382120695862,0.002000664224871322,30.126555510536217,9.368840961252202,45.60546802757087,0.043454247283289386,3.4728649181795213,-1,104487.65000000001,,False,False,False,True,False,True,True,False,True,True
UNI_USDT_99c5682c,UNI/USDT,1h,SELL,2026-02-23 16:00:00+00:00,backtest,SL,-2.4044,-2.6044,False,33.0,atr,3.364,3.44488326,1.0,-0.27154910199634125,0.2715,True,26.335426218283214,0.2111808739427738,-0.3,-0.100184,41.85072567636258,0.0,0.7923,,0.12862854767507087,True,bearish,False,0.0,False,False,bullish,2,trend,0.5222571036380536,54.9520766773163,rising,3,weak,3.369,3.406,3.362,94278.0,3.4141217848298013,3.423392801877568,3.4602042344106017,3.4270137233526015,3.428832082065325,41.85072567636258,-0.009271017047766783,-0.005895823600001949,-0.003375193447764834,0.0023898681633959095,26.335426218283214,22.93933137339985,26.15504506527662,0.05392217116456161,3.365682435204945,1,118987.04999999999,,False,False,False,True,False,True,False,True,False,True
UNI_USDT_82880709,UNI/USDT,1h,BUY,2026-02-25 07:00:00+00:00,backtest,TP,4.5048,4.3048,True,5.0,atr,3.467,3.62318163,2.0,1.0,1.3452,True,20.50952371953552,0.016984123984517298,0.3,0.138848,67.75883458680222,0.0,0.9771,,0.40588831900997774,True,bullish,False,0.0,False,False,bullish,1,range,0.3,50.306748466257666,stable,5,moderate,3.497,3.498,3.45,88234.0,3.4579490833561732,3.4120486429656136,3.4001707832478285,3.4467916786007944,3.4035535072621754,67.75883458680222,0.04590044039055963,0.04104492030532732,0.004855520085232309,0.004621011075907795,20.50952371953552,27.551177050626332,17.40396907537689,0.05206054328419264,3.388304880409582,1,90300.54999999999,,False,False,True,False,False,False,False,True,False,True
UNI_USDT_a32aa2b5,UNI/USDT,1h,BUY,2026-02-25 12:00:00+00:00,backtest,TP,4.5635,4.3635,True,1.0,bos,3.576,3.73918942,4.32,1.0,2.1592,True,26.60781196121194,0.22026039870706468,0.3,0.367198,84.08726024020764,-1.0,1.8703,,1.0,True,bullish,False,0.0,False,False,bullish,1,trend,0.526796866020199,58.290946083418106,rising,6,strong,3.667,3.691,3.554,173195.0,3.549253945773293,3.474237299343446,3.4288498355723855,3.515612215994234,3.454961029277791,84.08726024020764,0.07501664642984673,0.061551478144113506,0.013465168285733228,0.005832292715196315,26.60781196121194,41.86674329812739,11.499073014152227,0.05439647412093497,3.4814596950587795,1,92600.79999999997,,False,False,True,False,False,False,True,True,False,True
UNI_USDT_0ea2583e,UNI/USDT,1h,SELL,2026-02-28 06:00:00+00:00,backtest,SL,-2.1078,-2.3078,False,12.0,atr,3.686,3.76369221,1.0,-1.0,1.3525,True,30.089398316943754,0.3363132772314585,0.3363132772314585,-0.284813,20.74160158887828,-1.0,1.764,,1.0,False,,False,0.0,False,False,bearish,1,trend,0.5848233052823959,47.37845567206864,rising,5,moderate,3.573,3.703,3.556,182841.0,3.6874295029672948,3.7373032838889917,3.7696385121035996,3.720123646672236,3.753733612277891,20.74160158887828,-0.04987378092169692,-0.03969742866437029,-0.010176352257326632,0.000999286930051753,30.089398316943754,8.806724095766338,38.56724619101626,0.051794809855526674,3.759598629101678,-1,103651.25,,False,False,False,True,False,True,True,False,True,True
UNI_USDT_c67c5983,UNI/USDT,1h,BUY,2026-03-02 19:00:00+00:00,backtest,SL,-1.8002,-2.0002,False,13.0,bos,3.903,3.83274,1.0,1.0,1.4253,True,20.28869660424006,0.00962322014133529,0.3,0.221947,64.67396716907594,0.0,0.8193,,0.5751811592797167,True,bullish,False,0.0,False,False,bullish,1,range,0.3,78.55855855855856,rising,5,moderate,3.939,3.954,3.886,82863.0,3.9024801409278203,3.847640976188631,3.8034934111403227,3.892045895478626,3.8385050738074944,64.67396716907594,0.05483916473918926,0.04609667715984175,0.008742487579347515,0.011815388300963514,20.28869660424006,29.745692611906623,15.366163629913705,0.06780718430930714,3.8161780171723887,1,101135.94999999998,,False,False,True,False,False,False,False,True,False,True
UNI_USDT_b39d1e9d,UNI/USDT,1h,BUY,2026-03-10 00:00:00+00:00,backtest,TP,4.0257,3.8257,True,75.0,atr,3.864,4.01955404,2.0,0.825960902304618,0.826,True,28.48050133415024,0.282683377805008,0.3,-0.20547,59.14772385567875,0.0,0.8823,,0.6163947447124174,True,bullish,False,0.0,False,False,bearish,2,range,0.3,45.44037412314887,falling,4,moderate,3.899,3.921,3.853,79810.0,3.8881160216910344,3.856264782299895,3.817474792128381,3.8850063136027586,3.8519912605298843,59.14772385567875,0.03185123939113943,0.039862504628019914,-0.008011265236880484,-0.010853084173585818,28.48050133415024,32.19496673317945,16.785098115369014,0.05185134691869874,3.809841428982456,1,90460.55,,False,False,True,False,False,False,False,True,False,True
UNI_USDT_8c23e00e,UNI/USDT,1h,BUY,2026-03-13 09:00:00+00:00,backtest,TP,3.1538,2.9538,True,3.0,atr,4.011,4.13750011,2.0,0.8805664880837555,0.8806,True,26.485336480051274,0.2161778826683758,0.3,0.013831,66.57420359163672,0.0,0.0768,,0.5852723677674839,True,bullish,False,0.0,False,False,bullish,1,range,0.3,20.014662756598238,falling,4,moderate,4.024,4.033,3.996,86543.0,3.997414344736303,3.9625217065057687,3.921812152106619,3.98981844323239,3.956373877156346,66.57420359163672,0.034892638230534345,0.03433606975434541,0.0005565684761889358,-0.0006132194402068691,26.485336480051274,25.923753236684654,11.291944042497555,0.042166702207382306,3.9163459344616736,1,1126485.8999999994,,False,False,True,False,True,False,False,True,False,True
UNI_USDT_543f4c28,UNI/USDT,1h,BUY,2026-03-13 12:00:00+00:00,backtest,SL,-1.0852,-1.2852,False,4.0,bos,4.081,4.036715,1.0,1.0,1.4186,True,33.18239986613649,0.4394133288712164,0.4394133288712164,0.25108,78.404580835524,-1.0,0.0804,,1.0,True,bullish,False,0.0,False,False,bullish,1,trend,0.6363733311022749,32.260424286759324,rising,5,moderate,4.129,4.142,4.074,90574.0,4.0538945408018545,3.9971906134528687,3.940348150050774,4.032435838173813,3.984009674798156,78.404580835524,0.05670392734898577,0.046336816833233166,0.010367110515752606,0.007272901800299776,33.18239986613649,37.61707138707535,8.185660286855802,0.04657261106035683,3.9874341160225595,1,1127200.1499999992,,False,False,True,False,False,False,False,True,False,True
UNI_USDT_1378c0ea,UNI/USDT,1h,BUY,2026-03-13 16:00:00+00:00,backtest,SL,-1.0,-1.2,False,1.0,bos,4.058,4.01742,1.0,1.0,1.3006,True,36.83097435104993,0.561032478368331,0.561032478368331,-0.06028,60.40002276340408,0.0,6.2208,,0.5609560571939765,True,bullish,False,0.0,False,False,bullish,1,expansion,1.0,64.18672501823487,falling,5,moderate,4.098,4.108,4.034,1787177.0,4.08396780863668,4.031534330614622,3.962955837429609,4.079958611104303,4.024887763676084,60.40002276340408,0.05243347802205811,0.05490374493072187,-0.002470266908663761,-0.001068030956834859,36.83097435104993,29.419485033697597,15.395583603848186,0.05671450292833331,4.035990704420303,1,287292.45,,False,False,True,False,False,False,True,True,False,True
UNI_USDT_c6e36d35,UNI/USDT,1h,BUY,2026-03-16 01:00:00+00:00,backtest,SL,-1.7542,-1.9542,False,3.0,bos,4.046,3.975025,1.0,1.0,1.0301,True,33.497207684860314,0.4499069228286771,0.4499069228286771,0.196584,72.2798683885065,-1.0,0.305,,0.7382816208737408,True,bullish,False,0.0,False,False,bullish,1,trend,0.6416201280810052,22.759103641456583,rising,5,moderate,4.093,4.1,4.044,81641.0,4.049678557151179,4.008388732986339,3.979147972844323,4.037301002051516,3.999927606284974,72.2798683885065,0.041289824164839395,0.03324365297913598,0.008046171185703416,0.008152828380257594,33.497207684860314,23.961669333609038,5.504628811765517,0.04241150720857756,3.958835125556619,1,267649.95,,False,False,True,False,False,False,False,True,False,True
UNI_USDT_c0d0586d,UNI/USDT,1h,BUY,2026-03-16 05:00:00+00:00,backtest,SL,-1.3397,-1.5397,False,31.0,bos,4.029,3.975025,1.0,0.7364143051125174,0.7364,True,36.15511246471134,0.5385037488237112,0.5385037488237112,-0.096316,56.2668998415771,0.0,0.9982,,0.307822858209539,True,bullish,False,0.0,False,False,bullish,1,expansion,1.0,64.03631284916202,falling,4,moderate,4.062,4.071,4.003,146298.0,4.053737572888275,4.024103499068601,3.9899248943089467,4.051376879427783,4.020313848975461,56.2668998415771,0.029634073819674533,0.03354644817618026,-0.003912374356505724,-0.004439604902111052,36.15511246471134,21.379479313848893,13.68390785861042,0.056307607699504963,3.984499625877698,1,146564.35,,False,False,True,False,False,False,False,True,False,True
UNI_USDT_11801022,UNI/USDT,1h,SELL,2026-03-18 12:00:00+00:00,backtest,TP,3.3769,3.1769,True,2.0,atr,3.845,3.71515718,2.0,-1.0,1.2685,True,35.041645012622595,0.5013881670874198,0.5013881670874198,-0.409977,12.106631500654977,-1.0,1.6575,,1.0,False,,False,0.0,False,False,bearish,1,expansion,1.0,25.353059852051107,rising,5,moderate,3.786,3.86,3.777,164827.0,3.8952165089413704,3.944625405594828,3.989044000841835,3.9264212257817617,3.960487946154311,12.106631500654977,-0.04940889665345782,-0.03388717976914132,-0.0155217168843165,-0.007940399045566246,35.041645012622595,8.184727707237204,41.19087838423277,0.04328094132638927,3.929384621874889,-1,99444.50000000001,,False,False,False,True,False,False,True,False,True,True
UNI_USDT_10b4bc3a,UNI/USDT,1h,BUY,2026-03-23 18:00:00+00:00,backtest,TP,4.1559,3.9559,True,38.0,atr,3.556,3.70378255,2.0,0.7607033939001586,0.7607,True,31.430403747871704,0.38101345826239014,0.38101345826239014,0.05906,61.714922595556324,0.0,0.8599,,0.5403101408219476,True,bullish,False,0.0,False,False,bullish,1,range,0.3,46.80719156850589,falling,5,moderate,3.581,3.584,3.55,89872.0,3.5575150317744555,3.530657202607242,3.529834640095579,3.5508050408528713,3.5256229228679663,61.714922595556324,0.026857829167213687,0.024742888181417365,0.0021149409857963222,0.0014967002963857945,31.430403747871704,30.108742458508857,16.600988937960167,0.04926085017044259,3.4599463760738476,1,104515.25000000001,,False,False,True,False,False,False,False,True,False,True
UNI_USDT_4e818924,UNI/USDT,1h,BUY,2026-03-30 07:00:00+00:00,backtest,TP,4.4358,4.2358,True,47.0,atr,3.483,3.6375,2.57,1.0,1.1769,True,22.847778984311347,0.09492596614371157,0.3,0.374957,77.34380237686041,-1.0,0.1928,,0.7106293968454491,False,,True,0.8,False,False,ranging,0,range,0.3,26.723163841807914,rising,5,moderate,3.535,3.535,3.46,107327.0,3.4582855324954656,3.418058801510478,3.413037952938311,3.4363671132084552,3.406364681661526,77.34380237686041,0.040226730984987746,0.026972014910238012,0.013254716074749734,0.009657774674066241,22.847778984311347,34.74486635282815,16.97913143169192,0.04015086249701569,3.3896331791034506,1,556553.7500000001,,False,False,True,False,False,False,False,True,False,True
UNI_USDT_11d0bfd3,UNI/USDT,1h,BUY,2026-04-01 06:00:00+00:00,backtest,SL,-1.1872,-1.3872,False,7.0,bos,3.62,3.577025,1.0,0.9058599177869591,0.9059,True,26.57357896210739,0.21911929873691302,0.3,0.241301,77.37491356913422,-1.0,2.313,,0.8980297565633668,True,bullish,False,0.0,False,False,bullish,1,trend,0.5262263160351232,22.564667033571823,rising,6,strong,3.648,3.649,3.59,249155.0,3.5825439839656807,3.550382492042145,3.5111351475343717,3.5638422650987325,3.54062074124636,77.37491356913422,0.03216149192353557,0.023358831476587245,0.008802660446948322,0.004264022599259443,26.57357896210739,31.03145803226024,8.580714118176067,0.03793660409760363,3.5248752856475187,1,107717.20000000001,,False,False,True,False,False,False,True,True,False,True
UNI_USDT_8934a4b0,UNI/USDT,1h,BUY,2026-04-01 16:00:00+00:00,backtest,SL,-1.5307,-1.7307,False,9.0,atr,3.605,3.5498169,1.0,0.6952700540598794,0.6953,True,32.679466133908946,0.4226488711302982,0.4226488711302982,0.028035,69.29403556451621,0.0,0.6003,,0.682528526860693,True,bullish,False,0.0,False,False,bullish,1,range,0.3,20.306513409961685,stable,4,moderate,3.638,3.649,3.601,76067.0,3.612191382314882,3.5872503051788023,3.5409758828938567,3.6048174915477054,3.582175335696683,69.29403556451621,0.024941077136079848,0.023921162077062977,0.001019915059016871,-0.0007690486965319585,32.679466133908946,28.83910479196345,11.775891620446124,0.03678873394965122,3.5458377570827673,1,126713.65000000001,,False,False,True,False,True,False,False,True,False,True
UNI_USDT_5053b936,UNI/USDT,1h,SELL,2026-04-02 04:00:00+00:00,backtest,TP,4.6374,4.4374,True,9.0,atr,3.397,3.23946735,2.0,-1.0,1.8465,True,29.44359165500976,0.31478638850032536,0.31478638850032536,-0.968046,14.232754153604118,-1.0,2.6614,,1.0,False,,False,0.0,False,False,ranging,0,expansion,1.0,61.88145731375748,rising,5,moderate,3.286,3.441,3.264,333824.0,3.4718767694977366,3.535984978925933,3.537178351126352,3.524984417925661,3.5609834768185267,14.232754153604118,-0.06410820942819662,-0.03229821248343029,-0.03180999694476633,-0.019605844881818463,29.44359165500976,12.098773367218808,47.07268100115023,0.052510882568447936,3.4980301423587195,-1,125432.40000000001,,False,False,False,True,False,False,True,False,True,True
UNI_USDT_adc7c868,UNI/USDT,1h,SELL,2026-04-02 13:00:00+00:00,backtest,TP,4.961,4.761,True,1.0,atr,3.289,3.12583339,2.0,-1.0,2.999,True,39.734384557781524,0.6578128185927175,0.6578128185927175,-0.411341,14.25855646433975,-1.0,4.5606,,1.0,False,,False,0.0,False,False,bearish,1,expansion,1.0,67.04545454545455,stable,5,moderate,3.129,3.322,3.093,566943.0,3.299911571498588,3.3988744468695393,3.4720201696635993,3.348743449069613,3.4258618915564933,14.25855646433975,-0.0989628753709515,-0.0860920044466297,-0.012870870924321792,0.0025381264975883056,39.734384557781524,10.000653864302148,55.046010415977314,0.054388870145098606,3.354782652226855,-1,124313.15,,False,False,False,True,False,True,True,False,True,True
UNI_USDT_cdfeb7ef,UNI/USDT,1h,BUY,2026-04-08 04:00:00+00:00,backtest,SL,-1.8539,-2.0539,False,10.0,atr,3.211,3.15147233,1.0,1.0,1.4884,True,33.59579776191219,0.4531932587304063,0.4531932587304063,0.062492,64.94278139924964,0.0,0.7281,,0.7963961701765466,True,bullish,False,0.0,False,False,bearish,2,range,0.3,31.41704488149269,falling,5,moderate,3.225,3.234,3.205,79840.0,3.2037943252526193,3.1568084338794753,3.1350718800184896,3.1977355610390816,3.1499892772674225,64.94278139924964,0.04698589137314402,0.04497051135417576,0.0020153800189682547,0.0037834624269674905,33.59579776191219,37.104712884753376,17.19480863033971,0.039685114223034015,3.177829988274167,1,109658.79999999999,,False,False,True,False,False,False,False,True,False,True
UNI_USDT_368eb554,UNI/USDT,1h,BUY,2026-04-16 14:00:00+00:00,backtest,TP,3.3553,3.1553,True,1.0,bos,3.271,3.38075023,3.36,0.8361852108400843,0.8362,True,41.86607965263228,0.7288693217544093,0.7288693217544093,0.063195,69.39562161892371,0.0,0.8224,,0.8882320801611249,True,bullish,False,0.0,False,False,bullish,1,expansion,1.0,30.251716247139587,rising,5,moderate,3.289,3.307,3.235,224139.0,3.2737236396350053,3.2465762491807095,3.202528224443674,3.269358965245007,3.242333874098781,69.39562161892371,0.027147390454295817,0.02506891793125206,0.0020784725230437555,0.0029954094764960207,41.86607965263228,34.594417407371814,12.388615403343692,0.03658341068988091,3.230884245121354,1,272540.9,,False,False,True,False,False,False,False,True,False,True
UNI_USDT_fff3cbc2,UNI/USDT,1h,BUY,2026-04-16 15:00:00+00:00,backtest,TP,3.8517,3.6517,True,4.0,bos,3.319,3.4468395,1.63,1.0,1.2735,True,43.37536794170726,0.779178931390242,0.779178931390242,0.322455,85.63613837174573,-1.0,0.8236,,1.0,True,bullish,False,0.0,False,False,bullish,1,expansion,1.0,45.37968892955169,rising,5,moderate,3.402,3.402,3.281,228104.0,3.302229497493893,3.260705681073372,3.2096522164278287,3.2737236396350053,3.2465762491807095,85.63613837174573,0.04152381642052072,0.030553884094341614,0.010969932326179106,0.0020784725230437555,43.37536794170726,43.501918235999916,9.875940554391855,0.04261316706917513,3.2216512385482967,1,276945.80000000005,,False,False,True,False,False,False,False,True,False,True
UNI_USDT_162a22c6,UNI/USDT,1h,BUY,2026-04-17 07:00:00+00:00,backtest,TP,3.5841,3.3841,True,6.0,atr,3.378,3.49907182,2.0,0.5046967083897466,0.5047,True,43.91480698851363,0.7971602329504545,0.7971602329504545,-0.161814,58.66564616705403,0.0,0.5552,,0.5490797293975048,True,bullish,False,0.0,False,False,bullish,1,range,0.3,38.782924613987284,falling,4,moderate,3.399,3.399,3.365,82357.0,3.3744064730939254,3.357461475541414,3.288591678168937,3.3673797511207613,3.353307623095555,58.66564616705403,0.01694499755251133,0.022445059652506004,-0.005500062099994672,-0.01112296267729726,43.91480698851363,29.487378303347633,15.760385068410011,0.04035727218899506,3.3124994776115377,1,148335.10000000003,,False,False,True,False,False,False,False,True,False,True
UNI_USDT_70133bb8,UNI/USDT,1h,BUY,2026-04-17 13:00:00+00:00,backtest,SL,-1.9248,-2.1248,False,10.0,atr,3.518,3.45028723,1.0,1.0,1.3305,True,43.16756322520758,0.7722521075069193,0.7722521075069193,0.283257,73.41000201945903,-1.0,1.7228,,0.9653539767716782,False,,False,0.0,False,False,bullish,1,trend,0.8027927204201264,50.90579710144928,rising,6,strong,3.52,3.531,3.457,213575.0,3.447345969078463,3.4020828159693135,3.3215950642047787,3.4265876745294523,3.3902910975662452,73.41000201945903,0.045263153109149634,0.03529249551368345,0.009970657595466184,0.005989410247256743,43.16756322520758,35.19323127912351,11.059381859831555,0.04514184667120141,3.377490735063869,1,123971.80000000003,,False,False,True,False,False,False,True,True,False,True
UNI_USDT_132596c0,UNI/USDT,1h,SELL,2026-04-29 16:00:00+00:00,backtest,SL,-1.4588,-1.6588,False,35.0,atr,3.187,3.23349183,1.0,-0.5525129828216871,0.5525,True,20.972842964388228,0.03242809881294093,0.3,-0.435964,28.76756655879514,0.0,0.2993,,0.7539710960306101,True,bullish,True,1.0,False,False,bullish,1,range,0.3,21.008403361344538,falling,4,moderate,3.179,3.192,3.17,116111.0,3.23022325159907,3.24807065443828,3.2488652884619484,3.244858466341662,3.254977719882108,28.76756655879514,-0.017847402839209714,-0.003988106617722444,-0.01385929622148727,-0.01306079503346715,20.972842964388228,14.444351773759868,33.29362917452512,0.03099455551762803,3.262240497654663,-1,387929.69999999995,,False,False,False,True,False,False,False,False,True,True
UNI_USDT_00911b2b,UNI/USDT,1h,BUY,2026-05-06 03:00:00+00:00,backtest,TP,2.7056,2.5056,True,5.0,structural,3.368,3.45912421,2.71,0.415342808873281,0.4153,True,21.859220179018337,0.06197400596727789,0.3,0.030404,63.29640851945855,0.0,0.4469,,0.36134961974075447,True,bullish,False,0.0,False,False,bullish,1,range,0.3,22.418990203466464,rising,5,moderate,3.393,3.396,3.366,352781.0,3.372813552834547,3.3588627579096464,3.3278848843192406,3.3670459965015604,3.3554490337006113,63.29640851945855,0.013950794924900478,0.012919197064507233,0.001031597860393245,-0.000806435333361482,21.859220179018337,23.667466087166257,14.633725593647396,0.030374736716185242,3.3150777140864816,1,789364.1000000001,,False,False,True,False,True,False,False,True,False,True
UNI_USDT_f527ad5b,UNI/USDT,1h,BUY,2026-05-06 08:00:00+00:00,backtest,TP,2.8512,2.6512,True,1.0,bos,3.411,3.50825612,2.85,0.7617369480248556,0.7617,True,24.249068119123777,0.14163560397079256,0.3,0.209347,77.38858058690059,-1.0,2.0094,,0.8469649051603444,True,bullish,False,0.0,False,False,bearish,2,range,0.3,28.544565626175256,rising,6,strong,3.471,3.471,3.393,367755.0,3.404080329598981,3.378346218222579,3.341200973320416,3.3849604237701185,3.369080840044837,77.38858058690059,0.025734111376401803,0.018467678086355417,0.0072664332900463854,0.0010451222839491965,24.249068119123777,31.521774201042547,10.347651572033936,0.032418707829257515,3.3490150106740333,1,183016.0,,False,False,True,False,False,False,True,True,False,True
UNI_USDT_57cdc650,UNI/USDT,1h,BUY,2026-05-06 15:00:00+00:00,backtest,TP,3.6459,3.4459,True,47.0,atr,3.437,3.56231015,2.0,1.0,1.0282,True,28.970621175969857,0.2990207058656619,-0.3,-0.133712,59.1280081638465,0.0,0.6217,,0.19188624519429637,True,bullish,False,0.0,False,False,bearish,2,range,0.3,51.68792198049512,falling,3,weak,3.477,3.487,3.429,177187.0,3.466875369854777,3.4315921977195045,3.3748604246181704,3.4639826183847138,3.427051417491455,59.1280081638465,0.035283172135272434,0.0399323385720179,-0.004649166436745469,-0.005325720897131674,28.970621175969857,27.204422496270535,22.407266366413126,0.04177005119137489,3.540050993212381,-1,285004.35,,False,False,True,False,False,False,False,False,True,True
UNI_USDT_56ca2509,UNI/USDT,1h,BUY,2026-05-10 05:00:00+00:00,backtest,TP,4.7203,4.5203,True,1.0,atr,3.772,3.95004961,2.0,1.0,1.1794,True,38.53512866391172,0.6178376221303907,0.6178376221303907,0.33092,77.43374913354312,-1.0,2.863,,1.0,False,,False,0.0,False,False,ranging,0,expansion,1.0,84.92005813953489,stable,6,strong,3.909,4.009,3.73,634904.0,3.767718909578889,3.723799515126557,3.645898650158657,3.727352883744286,3.7052794666392126,77.43374913354312,0.04391939445233195,0.030983731162053146,0.012935663290278804,-0.002442482411840363,38.53512866391172,51.92283915201438,9.087017648632694,0.059349871520028824,3.7032162176003243,1,221761.94999999998,,False,False,True,False,True,False,True,True,False,True
UNI_USDT_c2745e42,UNI/USDT,1h,BUY,2026-05-10 12:00:00+00:00,backtest,TP,5.0944,4.8944,True,1.0,atr,3.942,4.1428208,2.0,1.0,2.2919,True,46.11073760384444,0.870357920128148,0.870357920128148,0.037664,69.35954014287512,0.0,2.4267,,0.9683735616828207,True,bullish,False,0.0,False,False,bullish,1,expansion,1.0,90.83001087350489,falling,6,strong,3.989,4.001,3.915,731170.0,3.9315376373861772,3.8434504988058844,3.7190547795881255,3.9151198194965136,3.828895548686473,69.35954014287512,0.08808713858029282,0.08658473014136842,0.0015024084389244075,0.00039074488813448105,46.11073760384444,40.29050701213761,16.081167970067092,0.0669402672832349,3.8425016226306363,1,301303.10000000003,,False,False,True,False,False,False,True,True,False,True
UNI_USDT_fe6b161d,UNI/USDT,1h,BUY,2026-05-10 13:00:00+00:00,backtest,SL,-1.2787,-1.4787,False,1.0,bos,4.089,4.036715,1.0,1.0,2.7696,True,46.83411184053891,0.8944703946846303,0.8944703946846303,0.331975,78.54942154142171,-1.0,1.3843,,1.0,True,bullish,False,0.0,False,False,bullish,1,range,0.3,94.20289855072464,stable,5,moderate,4.138,4.15,3.983,435902.0,3.977418162411471,3.8702277261871676,3.73401710888855,3.9315376373861772,3.8434504988058844,78.54942154142171,0.10719043622430346,0.0934532988356801,0.013737137388623366,0.0015024084389244075,46.83411184053891,48.1687372377675,13.491991079499295,0.07408739104871814,3.8616757731471645,1,314880.85,,False,False,True,False,False,False,False,True,False,True
UNI_USDT_8aab48fd,UNI/USDT,1h,SELL,2026-05-14 08:00:00+00:00,backtest,SL,-1.3341,-1.5341,False,5.0,structural,3.598,3.646,1.0,-0.8860374782451466,0.886,True,41.296676233710436,0.7098892077903478,0.7098892077903478,0.081766,37.740808459004015,0.0,1.7956,,0.7465362686832413,False,,False,0.0,False,False,bearish,1,range,0.3,34.23360224482638,falling,4,moderate,3.592,3.613,3.583,354690.0,3.6028506032815155,3.634773209911771,3.7045450800370903,3.6059507756476625,3.6390505309029484,37.740808459004015,-0.03192260663025559,-0.03485963670795053,0.002937030077694941,0.003228396491512145,41.296676233710436,10.840731904337533,29.504138621418566,0.03540165164977745,3.6747493907445987,-1,197536.70000000004,,False,False,False,True,False,False,True,False,True,True
UNI_USDT_25242484,UNI/USDT,1h,BUY,2026-05-20 14:00:00+00:00,backtest,SL,-1.8463,-2.0463,False,52.0,atr,3.574,3.50801252,1.0,1.0,1.1394,True,27.35858186480717,0.24528606216023902,0.3,0.013767,63.325133721200814,0.0,1.6441,,0.369580630642697,False,,False,0.0,False,False,ranging,0,range,0.3,57.8807064311896,falling,5,moderate,3.6,3.613,3.554,491079.0,3.580555742450223,3.5402174213432036,3.511129486864181,3.5750002402931442,3.5342391634775243,63.325133721200814,0.040338321107019404,0.03984271096475365,0.0004956101422657552,0.0011661709219991448,27.35858186480717,24.39104645074089,15.151530684673467,0.04399165062963813,3.5219467704644543,1,298685.15,,False,False,True,False,False,False,True,True,False,True
UNI_USDT_7ada759d,UNI/USDT,1h,SELL,2026-05-28 00:00:00+00:00,backtest,TP,4.4807,4.2807,True,38.0,atr,3.085,2.94677099,2.0,-1.0,1.4352,True,21.931211254785307,0.06437370849284356,0.3,-0.621603,23.41042159820164,-1.0,1.2531,,1.0,True,bullish,True,0.8,False,False,bearish,2,expansion,1.0,63.825102233406724,rising,4,moderate,3.1,3.114,3.076,247007.0,3.1883779739372775,3.2341388591680134,3.2790144090438766,3.2136288236336426,3.247552745084815,23.41042159820164,-0.04576088523073585,-0.02649117961803221,-0.01926970561270364,-0.017067594639492013,21.931211254785307,9.714631799885563,40.683945557269794,0.046076338243950195,3.2211558927288584,-1,197123.70000000004,,False,False,False,True,False,False,False,False,True,True
UNI_USDT_ddb0d567,UNI/USDT,1h,SELL,2026-06-04 00:00:00+00:00,backtest,TP,5.5199,5.3199,True,1.0,atr,2.817,2.66150391,2.0,-0.8516175079679698,0.8516,True,32.78742875268452,0.426247625089484,0.426247625089484,-0.332134,36.033552548035765,0.0,4.7668,,0.8254334538342998,False,,False,0.0,False,False,ranging,0,expansion,1.0,75.97848819838661,rising,5,moderate,2.766,2.825,2.727,570692.0,2.8169631438726697,2.8409528951988943,2.876459497814598,2.831524042122004,2.8484481847187837,36.033552548035765,-0.023989751326224606,-0.01480293727747767,-0.009186814048746937,-0.006714612343675454,32.78742875268452,10.772860148358234,31.40869649421573,0.05183202840373931,2.913272116335965,-1,119721.65000000001,,False,False,False,True,False,False,True,False,True,True
UNI_USDT_20cb481b,UNI/USDT,1h,SELL,2026-06-04 01:00:00+00:00,backtest,TP,6.244,6.044,True,25.0,atr,2.738,2.56703935,2.0,-1.0,1.5054,True,34.69353610749344,0.48978453691644813,0.48978453691644813,-0.677978,25.897469240449862,-1.0,7.3881,,1.0,False,,False,0.0,False,False,ranging,0,expansion,1.0,84.16965352449223,rising,5,moderate,2.664,2.777,2.653,1343973.0,2.7829713341231876,2.8248662683626313,2.868871658606934,2.8169631438726697,2.8409528951988943,25.897469240449862,-0.04189493423944368,-0.023833602931466344,-0.018061331307977338,-0.009186814048746937,34.69353610749344,9.09849658565706,35.80234115961482,0.056986883517757936,2.8695449047023684,-1,181910.90000000002,,False,False,False,True,False,False,True,False,True,True
UNI_USDT_f5f5e699,UNI/USDT,1h,SELL,2026-06-05 13:00:00+00:00,backtest,TP,7.1639,6.9639,True,6.0,structural,2.525,2.3441121,2.03,-1.0,2.1555,True,47.75304277731144,0.9251014259103815,0.9251014259103815,-0.202358,30.30372040948971,0.0,1.5824,,0.9291683103760177,False,,False,0.0,False,False,bearish,1,trend,0.8792173796218574,87.20449172576832,rising,5,moderate,2.445,2.542,2.443,162489.0,2.5171656014824455,2.5714231699743633,2.671342462804633,2.5377843447631445,2.5840654869717996,30.30372040948971,-0.05425756849191776,-0.049309903633784485,-0.004947664858133277,0.0005549289960627493,47.75304277731144,8.059257129582381,31.288464888982823,0.0602959654221652,2.624672422644946,-1,102684.29999999999,,False,False,False,True,False,True,True,False,True,True
UNI_USDT_1c7224ed,UNI/USDT,1h,BUY,2026-06-11 15:00:00+00:00,backtest,TP,4.0816,3.8816,True,87.0,atr,2.507,2.60932676,2.0,0.9836001937844958,0.9836,True,24.047999373473733,0.13493331244912443,0.3,0.08074,70.69900791161885,0.0,1.4409,,0.6474459357587236,True,bullish,False,0.0,False,False,bearish,2,range,0.3,32.889518413597735,falling,5,moderate,2.55,2.565,2.488,130851.0,2.5114211377093434,2.486959400229346,2.480287556507804,2.500398605626299,2.48065534025228,70.69900791161885,0.02446173747999758,0.022402868067663,0.002058869412334581,-0.0016301679874768799,24.047999373473733,29.177220947285498,12.991072553317409,0.0341089191770603,2.4499072929776977,1,90814.65,,False,False,True,False,True,False,False,True,False,True
UNI_USDT_84f60de7,UNI/USDT,1h,BUY,2026-06-15 13:00:00+00:00,backtest,TP,3.4435,3.2435,True,9.0,atr,2.695,2.78780296,2.0,1.0,1.8376,True,42.60231119743551,0.7534103732478504,0.7534103732478504,0.317472,87.04668191077239,-1.0,1.2228,,1.0,False,,True,0.8,False,False,ranging,0,expansion,1.0,23.344370860927153,rising,5,moderate,2.699,2.729,2.677,115702.0,2.651664366171206,2.6038154952920434,2.5623352909586457,2.638139899362979,2.594297044821248,87.04668191077239,0.047848870879162675,0.039280311780300406,0.008568559098862269,0.008846822310861605,42.60231119743551,38.272703444259214,5.802873555355361,0.03093431854984669,2.6199508764839514,1,94617.45000000003,,False,False,True,False,False,False,False,True,False,True
UNI_USDT_b39948c5,UNI/USDT,1h,BUY,2026-06-15 22:00:00+00:00,backtest,TP,4.1218,3.9218,True,2.0,atr,2.786,2.90083433,2.0,1.0,1.9626,True,49.187905887613866,0.9729301962537955,0.9729301962537955,0.140094,78.3883795680395,-1.0,2.9574,,1.0,False,,False,0.0,False,False,ranging,0,expansion,1.0,46.54555463804019,stable,6,strong,2.782,2.8,2.727,304932.0,2.7283200723913628,2.6758049722249084,2.6080423693783747,2.7129829502174663,2.6651854694473998,78.3883795680395,0.05251510016645433,0.048617696481162466,0.0038974036852918656,0.0011284861315499842,49.187905887613866,36.04561953266522,9.831525128955976,0.038278109317843506,2.658669896123891,1,103109.45000000001,,False,False,True,False,False,False,True,True,False,True
UNI_USDT_02a11204,UNI/USDT,1h,BUY,2026-06-16 00:00:00+00:00,backtest,SL,-2.5882,-2.7882,False,2.0,atr,2.88,2.80545918,1.0,1.0,3.1548,True,52.142805968765444,1.0,1.0,0.725072,89.99715593443005,-1.0,2.5132,,1.0,False,,False,0.0,False,False,ranging,0,expansion,1.0,72.9573590096286,rising,6,strong,2.971,2.976,2.825,291619.0,2.8022430067552686,2.716541299359428,2.6291312337714734,2.7540267229710595,2.691095429295371,89.99715593443005,0.08570170739584082,0.06415983282928327,0.021541874566557553,0.009542398129684021,52.142805968765444,48.75555510505211,6.529788257351341,0.04969387997303852,2.757812615860352,1,116033.1,,False,False,True,False,False,False,True,True,False,True
UNI_USDT_0d57fa3f,UNI/USDT,1h,BUY,2026-06-16 10:00:00+00:00,backtest,TP,7.1986,6.9986,True,7.0,atr,2.948,3.16021566,2.0,1.0,3.3035,True,48.95133180503618,0.9650443935012061,0.9650443935012061,0.120222,69.47530623170907,0.0,3.5431,,0.8973991951054567,True,bullish,False,0.0,False,False,bullish,1,expansion,1.0,94.12894375857339,stable,6,strong,3.025,3.061,2.93,684296.0,2.9496819303906547,2.855355360518481,2.7220374077621092,2.928162481930842,2.8383908965703295,69.47530623170907,0.09432656987217358,0.09068983987775807,0.0036367299944155135,0.0009001104799620241,48.95133180503618,33.63768414541152,11.2027042677751,0.07073855458731354,2.799268785370738,1,193136.84999999998,,False,False,True,False,False,False,True,True,False,True
NEAR_USDT_b110f6e5,NEAR/USDT,1h,SELL,2026-01-18 23:00:00+00:00,backtest,TP,4.2123,4.0123,True,1.0,atr,1.702,1.63030672,2.0,-0.811000112759367,0.811,True,22.00339760564959,0.06677992018831963,0.3,-0.40194,22.091876386608245,-1.0,5.2338,,1.0,False,,False,0.0,False,False,bearish,1,expansion,1.0,91.66666666666666,rising,5,moderate,1.626,1.728,1.624,2277637.0,1.7005411974087647,1.7143325884372693,1.7301132661398755,1.7218386823826974,1.7231658472809963,22.091876386608245,-0.013791391028504574,-0.007255842239426506,-0.006535548789078068,0.0026609029465886006,22.00339760564959,11.986304982230342,39.169575517253925,0.023897760079491997,1.741867330464816,-1,435182.30000000005,,False,False,False,True,False,True,True,False,True,True
NEAR_USDT_890f6cdb,NEAR/USDT,1h,SELL,2026-01-21 16:00:00+00:00,backtest,SL,-1.0,-1.2,False,3.0,structural,1.543,1.55843,1.0,-0.3724223340614786,0.3724,True,22.01786642291768,0.06726221409725604,0.3,-0.054449,37.308818064744734,0.0,2.2919,,0.5222083529073924,False,,True,0.8,True,True,ranging,0,expansion,1.0,83.22147651006712,falling,5,moderate,1.493,1.553,1.49,813124.0,1.5219771658564085,1.5276453487413737,1.5564611109719555,1.5302563561010967,1.5311098836155113,37.308818064744734,-0.005668182884965178,-0.0048552588068942045,-0.0008129240780709738,0.00359526925344413,22.01786642291768,20.774566989406416,33.82977581209123,0.022819768190552654,1.5831591285834408,-1,354785.55000000005,,False,False,False,True,False,True,True,False,True,True
NEAR_USDT_cb870562,NEAR/USDT,1h,SELL,2026-01-29 14:00:00+00:00,backtest,TP,3.3439,3.1439,True,1.0,atr,1.424,1.37638315,2.0,-1.0,1.3826,True,31.584901787046586,0.3861633929015529,0.3861633929015529,-0.188065,22.854926549908647,-1.0,2.7686,,0.9815121537770162,False,,False,0.0,False,False,bearish,1,trend,0.6097483631174431,26.548672566371685,rising,5,moderate,1.395,1.428,1.393,874567.0,1.4224158313506812,1.4420822327323535,1.4589670833359678,1.4302489260223041,1.446790456005589,22.854926549908647,-0.019666401381672305,-0.017042894300265586,-0.002623507081406719,-0.000810389223722726,31.584901787046586,10.164604635691175,34.70240848011658,0.015872283864648506,1.4499216038726208,-1,315886.15,,False,False,False,True,False,False,True,False,True,True
NEAR_USDT_cc58c9aa,NEAR/USDT,1h,SELL,2026-01-29 17:00:00+00:00,backtest,TP,4.3407,4.1407,True,8.0,atr,1.396,1.33540371,2.0,-1.0,2.0292,True,37.657942664612705,0.5885980888204235,0.5885980888204235,-0.339443,23.74915811485216,-1.0,5.7985,,0.9195549945193232,False,,False,0.0,False,False,bearish,1,expansion,1.0,77.19298245614034,rising,5,moderate,1.365,1.403,1.363,3130411.0,1.397065336287083,1.4254149006253594,1.4503122312910832,1.4062268609405355,1.4314563906878954,23.74915811485216,-0.02834956433827629,-0.023716162554726434,-0.004633401783549856,-0.00383006808440842,37.657942664612705,11.345953029747719,34.3348278927308,0.020198763721076065,1.420479443485359,-1,539862.0000000001,,False,False,False,True,False,False,True,False,True,True
NEAR_USDT_3bc6c072,NEAR/USDT,1h,SELL,2026-02-03 17:00:00+00:00,backtest,SL,-2.6068,-2.8068,False,3.0,atr,1.164,1.19434315,1.0,-0.7330875826670569,0.7331,True,20.99648912936587,0.03321630431219565,0.3,-0.417494,33.240566013350076,0.0,1.3967,,0.7013551219600223,False,,True,1.0,False,False,ranging,0,range,0.3,65.5844155844156,rising,4,moderate,1.147,1.176,1.147,617278.0,1.1812715993396234,1.1899313547519548,1.201250720694705,1.1910634848652302,1.1942244902271502,33.240566013350076,-0.008659755412331327,-0.0038710988186609003,-0.004788656593670427,-0.0016842348400943014,20.99648912936587,11.308171182877924,28.84204923187848,0.020228765924255793,1.2137133165146394,-1,441948.20000000007,,False,False,False,True,False,False,False,False,True,True
NEAR_USDT_d5fbdf8e,NEAR/USDT,1h,SELL,2026-02-05 00:00:00+00:00,backtest,TP,5.7923,5.5923,True,11.0,structural,1.155,1.08809841,2.31,-0.6633641653359075,0.6634,True,20.804278890481505,0.026809296349383515,0.3,0.040567,44.575096485777784,0.0,0.4525,,0.42849191954262617,False,,True,1.0,True,True,ranging,0,range,0.3,79.3103448275862,rising,3,weak,1.156,1.164,1.153,230989.0,1.1586788791865679,1.1663651396624073,1.1804034860873427,1.159444273239873,1.167401653628648,44.575096485777784,-0.007686260475839424,-0.008155210715466016,0.0004689502396265921,0.0004323054465043951,20.804278890481505,12.850228586478265,23.56252657504392,0.022300529503949618,1.1889740639140938,-1,510429.1,,False,False,False,True,False,False,False,False,True,True
NEAR_USDT_7929badf,NEAR/USDT,1h,SELL,2026-02-05 15:00:00+00:00,backtest,TP,7.5721,7.3721,True,5.0,atr,1.077,0.99544841,2.0,-1.0,2.0186,True,37.369585916104874,0.5789861972034959,0.5789861972034959,-0.364849,21.93618004730864,-1.0,2.9169,,1.0,False,,False,0.0,False,False,ranging,0,expansion,1.0,94.88188976377953,rising,5,moderate,1.058,1.118,1.033,2669624.0,1.10272118485084,1.1249804842319047,1.1535672539083353,1.1154986662367943,1.1316785326550953,21.93618004730864,-0.022259299381064634,-0.018399192195215214,-0.0038601071858494207,0.00028927218398945576,37.369585916104874,10.821240173447276,36.62867314896273,0.027183863660859408,1.1488756667732045,-1,915241.1500000001,,False,False,False,True,False,True,True,False,True,True
NEAR_USDT_9e2284b5,NEAR/USDT,1h,SELL,2026-02-05 20:00:00+00:00,backtest,TP,9.2947,9.0947,True,4.0,atr,1.007,0.91340229,2.0,-1.0,4.2614,True,45.24667473361195,0.8415558244537316,0.8415558244537316,-0.97167,13.8368264943218,-1.0,2.1493,,1.0,False,,False,0.0,True,True,ranging,0,expansion,1.0,99.02534113060429,rising,5,moderate,0.98,1.024,0.963,2501251.0,1.0426344722821397,1.0870655160364757,1.1325802747841351,1.0605300357913225,1.0977720676401233,13.8368264943218,-0.04443104375433604,-0.03490867474049259,-0.00952236901384345,-0.007094541615229846,45.24667473361195,6.5090983462797425,40.663241783335,0.031199236720993253,1.0781919974729097,-1,1163776.4000000001,,False,False,False,True,False,False,True,False,True,True
NEAR_USDT_ed1e4128,NEAR/USDT,1h,BUY,2026-02-25 11:00:00+00:00,backtest,TP,3.6672,3.4672,True,1.0,bos,1.01,1.0470387,3.67,1.0,1.3396,True,22.900931176498265,0.09669770588327549,0.3,0.368929,78.43614499149652,-1.0,1.1159,,0.7698973484567452,True,bullish,True,0.8,False,False,bullish,1,range,0.3,23.272357723577237,rising,5,moderate,1.028,1.029,1.009,210070.0,1.006286564996032,0.9929847758136525,0.9916394623247083,1.0000827264234697,0.9894832533950177,78.43614499149652,0.013301789182379453,0.009509203812441908,0.0037925853699375452,0.0029865619009788544,22.900931176498265,35.51157039627475,16.26413668485612,0.012346233253982906,0.9876076455529159,1,188246.64999999997,,False,False,True,False,False,False,False,True,False,True
NEAR_USDT_0a6c0e6c,NEAR/USDT,1h,SELL,2026-02-28 06:00:00+00:00,backtest,SL,-2.2779,-2.4779,False,12.0,atr,1.068,1.09232757,1.0,-1.0,1.5899,True,37.239785830647634,0.5746595276882545,0.5746595276882545,-0.39375,19.678964981362913,-1.0,2.6197,,1.0,False,,False,0.0,False,False,bearish,1,trend,0.7039964305107939,51.28449096098954,rising,5,moderate,1.032,1.075,1.03,511957.0,1.0724806709859378,1.0895316610154826,1.0971018147743163,1.08404657698192,1.0952848271170308,19.678964981362913,-0.0170509900295448,-0.01298749402505426,-0.00406349600449054,-0.00028250411230171593,37.239785830647634,6.47089206186544,39.22261656478794,0.016218383143943114,1.0936321881567184,-1,195422.75000000003,,False,False,False,True,False,False,True,False,True,True
NEAR_USDT_4ac47951,NEAR/USDT,1h,BUY,2026-02-28 21:00:00+00:00,backtest,SL,-3.1346,-3.3346,False,23.0,atr,1.151,1.11492108,1.0,1.0,1.8203,True,41.35430542429624,0.7118101808098748,0.7118101808098748,0.930634,75.58848573377188,-1.0,1.4838,,0.7416380332827179,False,,True,0.8,False,False,bearish,1,expansion,1.0,89.77485928705441,rising,5,moderate,1.152,1.167,1.135,393537.0,1.1116332523920116,1.0917596030797547,1.0916364979434012,1.1000998959325865,1.0857355633877301,75.58848573377188,0.01987364931225688,0.009152746494029336,0.010720902818227544,0.010572037459940797,41.35430542429624,28.983856563899717,10.44290573183177,0.02405261352501075,1.0859049196386843,1,265218.15,,False,False,True,False,False,False,False,True,False,True
NEAR_USDT_4200801a,NEAR/USDT,1h,BUY,2026-03-02 06:00:00+00:00,backtest,TP,7.1207,6.9207,True,8.0,atr,1.197,1.28223511,2.0,1.0,1.7801,True,22.635827124165214,0.08786090413884047,0.3,0.501653,74.13592589001615,-1.0,1.5062,,0.5170698296482068,False,,False,0.0,False,False,ranging,0,expansion,1.0,96.17834394904459,rising,6,strong,1.219,1.224,1.189,498054.0,1.1862488016393666,1.1655012131601352,1.1414984431861779,1.1768913163934713,1.1601513344761487,74.13592589001615,0.020747588479231416,0.014632434722257639,0.006115153756973777,0.005165124073551873,22.635827124165214,26.012013952657593,13.085268211452423,0.028411703887351963,1.133534567214332,1,330667.05,,False,False,True,False,False,False,True,True,False,True
NEAR_USDT_7568a1c7,NEAR/USDT,1h,BUY,2026-03-02 14:00:00+00:00,backtest,TP,7.5406,7.3406,True,2.0,atr,1.232,1.32490006,2.0,1.0,2.4985,True,27.06663999536635,0.2355546665122117,0.3,0.652601,81.84424003295211,-1.0,3.8668,,1.0,False,,False,0.0,False,False,ranging,0,trend,0.5344439999227725,98.193315266486,rising,6,strong,1.299,1.3,1.214,1696987.0,1.2235176328050497,1.1936927117799867,1.1599242284638285,1.201951242177921,1.1831619829579856,81.84424003295211,0.029824921025062956,0.02134763686142074,0.008477284163642216,0.001680264440335831,27.06663999536635,37.67324084244154,9.40573184398231,0.030966686381815912,1.175203271085622,1,438862.9,,False,False,True,False,False,False,True,True,False,True
NEAR_USDT_70374922,NEAR/USDT,1h,BUY,2026-03-02 16:00:00+00:00,backtest,TP,7.8169,7.6169,True,11.0,atr,1.311,1.41348015,2.0,1.0,3.6854,True,32.36319140815394,0.4121063802717979,0.4121063802717979,0.902911,84.08355259659481,-1.0,1.8205,,1.0,False,,False,0.0,False,False,ranging,0,expansion,1.0,99.09828674481514,rising,6,strong,1.32,1.337,1.279,1009511.0,1.2592143704623142,1.2144567865950304,1.1706718910078202,1.241847047737261,1.2039024652545334,84.08355259659481,0.04475758386728379,0.03283916266810995,0.011918421199173843,0.011064630414204562,32.36319140815394,36.855021966882006,7.351897633337093,0.034160051012892295,1.2159946495793534,1,554510.3,,False,False,True,False,False,False,True,True,False,True
NEAR_USDT_b273af50,NEAR/USDT,1h,BUY,2026-03-03 15:00:00+00:00,backtest,SL,-2.2388,-2.4388,False,27.0,structural,1.34,1.31,1.0,0.9619199461615132,0.9619,True,38.71668757639775,0.623889585879925,0.623889585879925,-0.072665,63.37209500748472,0.0,1.6646,,0.4843012762742324,False,,False,0.0,False,False,ranging,0,range,0.3,99.91166077738515,falling,5,moderate,1.39,1.398,1.323,1181619.0,1.3527732425120658,1.339884625048176,1.2761405676916602,1.3421370260869419,1.3348730875529935,63.37209500748472,0.012888617463889807,0.013898662992858992,-0.0010100455289691855,-0.007139747223395226,38.71668757639775,26.391041900048936,14.283509993193126,0.04088040598277656,1.3127505671326973,1,709861.55,,False,False,True,False,False,False,True,True,False,True
NEAR_USDT_b4f6eade,NEAR/USDT,1h,BUY,2026-03-15 08:00:00+00:00,backtest,TP,3.0985,2.8985,True,19.0,atr,1.338,1.3794582,2.0,0.6319016880668613,0.6319,True,28.31593283287792,0.27719776109593064,0.3,0.020334,61.98990799660586,0.0,0.9103,,0.509779623440058,True,bullish,False,0.0,False,False,bullish,1,range,0.3,27.954706298655342,falling,4,moderate,1.346,1.347,1.335,153713.0,1.3393271351981437,1.3309170479056582,1.3271524645797728,1.3374206023976134,1.329408752696224,61.98990799660586,0.00841008729248549,0.008136393320215887,0.00027369397226960357,1.230336730837639e-05,28.31593283287792,27.916239239108286,15.171748653106837,0.013819401204980295,1.3309140448917425,1,168852.30000000002,,False,False,True,False,False,False,False,True,False,True
NEAR_USDT_5b08b386,NEAR/USDT,1h,BUY,2026-03-16 03:00:00+00:00,backtest,TP,3.8,3.6,True,10.0,atr,1.37,1.42205947,2.0,0.8984784041940261,0.8985,True,34.92906280683837,0.4976354268946122,0.4976354268946122,0.271394,77.37279722741624,-1.0,2.0033,,1.0,False,,True,0.8,False,False,bearish,1,expansion,1.0,51.047486033519554,rising,6,strong,1.388,1.406,1.365,430365.0,1.3632380774902244,1.3510987470288343,1.3395190051469206,1.3561632424874315,1.3474086217317178,77.37279722741624,0.012139330461390152,0.008372384684226748,0.003766945777163404,0.0022657089600686027,34.92906280683837,35.29682328631534,7.781486554109917,0.017353157829662524,1.3391090298762494,1,214823.84999999998,,False,False,True,False,False,False,True,True,False,True
NEAR_USDT_07624f60,NEAR/USDT,1h,BUY,2026-03-16 13:00:00+00:00,backtest,TP,4.1131,3.9131,True,7.0,atr,1.4,1.45758329,2.0,1.0,1.2835,True,39.61476725572575,0.6538255751908584,0.6538255751908584,0.16989,74.74352153221606,-1.0,1.847,,1.0,True,bullish,True,0.8,False,False,bearish,2,trend,0.7435794542620959,62.413314840499304,rising,6,strong,1.43,1.436,1.395,633140.0,1.39716804605245,1.3794627510091684,1.3569483524238957,1.3877874877817216,1.3744090261100852,74.74352153221606,0.017705295043281666,0.015275863170542959,0.002429431872738707,-0.0006826855625372379,39.61476725572575,36.82516560133174,10.59080649392868,0.019194428940393745,1.365080026732525,1,342799.55,,False,False,True,False,True,False,True,True,False,True
NEAR_USDT_328d6613,NEAR/USDT,1h,BUY,2026-03-16 20:00:00+00:00,backtest,TP,4.3313,4.1313,True,2.0,bos,1.444,1.50654372,1.89,1.0,1.8914,True,48.81428455734704,0.9604761519115679,0.9604761519115679,0.220518,77.12494189251227,-1.0,0.8587,,1.0,True,bullish,True,0.8,False,False,bearish,2,trend,0.8969047426224506,72.60179434092477,rising,5,moderate,1.464,1.465,1.441,336786.0,1.4345607734756745,1.4079311545062996,1.374762683564559,1.4261495658972958,1.4023242699569296,77.12494189251227,0.02662961896937488,0.023401231965127868,0.0032283870042470117,0.0020382574773618357,48.81428455734704,34.55312426988173,6.690548954714761,0.020847906855193714,1.3988813955880839,1,392204.75,,False,False,True,False,False,False,False,True,False,True
NEAR_USDT_083ef588,NEAR/USDT,1h,SELL,2026-03-19 08:00:00+00:00,backtest,TP,3.3857,3.1857,True,52.0,bos,1.351,1.3052592,1.64,-1.0,1.4151,True,25.928898148718112,0.19762993829060374,0.3,-0.126569,20.97103167811714,-1.0,0.7744,,0.748340602334625,True,bearish,False,0.0,False,False,bearish,1,trend,0.5154816358119685,36.71305500331346,rising,4,moderate,1.347,1.355,1.347,158043.0,1.3648266875546047,1.384140561935589,1.4044848605800997,1.3699200268559204,1.3878546181291482,20.97103167811714,-0.01931387438098442,-0.01760899274136435,-0.0017048816396200706,-0.0011780393516735155,25.928898148718112,13.593737759029313,32.30225281739494,0.015246933791505771,1.3880841221373392,-1,204090.50000000003,,False,False,False,True,False,False,False,False,True,True
NEAR_USDT_6cd47efb,NEAR/USDT,1h,SELL,2026-03-23 06:00:00+00:00,backtest,SL,-1.4914,-1.6914,False,5.0,atr,1.275,1.29401478,1.0,-0.321823000062155,0.3218,True,32.72814863291259,0.42427162109708644,0.42427162109708644,-0.02261,34.84438804333961,0.0,1.5359,,0.6695946537903731,False,,False,0.0,False,False,ranging,0,range,0.3,21.459762944479102,falling,4,moderate,1.266,1.284,1.261,208336.0,1.2786876038635322,1.2828027146717087,1.2984213901304524,1.2823126335388273,1.2844829861388796,34.84438804333961,-0.004115110808176503,-0.0038288632905507988,-0.00028624751762570434,0.0015153869316856744,32.72814863291259,11.63980681467943,28.37967315943876,0.012676519625150692,1.3020433232704323,-1,135646.55,,False,False,False,True,False,True,True,False,True,True
NEAR_USDT_a8c67d9d,NEAR/USDT,1h,BUY,2026-03-24 03:00:00+00:00,backtest,SL,-1.9158,-2.1158,False,14.0,atr,1.298,1.27313323,1.0,0.33025887928656594,0.3303,True,22.213763575508118,0.07379211918360393,0.3,-0.149194,53.324905042364044,0.5,0.5306,,0.03771358987243417,False,,True,0.8,True,True,bearish,1,range,0.3,48.52216748768473,falling,5,moderate,1.307,1.31,1.296,97463.0,1.3058481129937096,1.3015496297730627,1.300226202937654,1.3055190024204837,1.3010045927503688,53.324905042364044,0.004298483220646965,0.00624844626569793,-0.0019499630450509654,-0.0027090181181085634,22.213763575508118,17.012096988153367,16.069257241342513,0.016577846923849796,1.2771736341506594,1,183673.99999999997,,False,False,True,False,False,False,False,True,False,True
NEAR_USDT_da59ff4a,NEAR/USDT,1h,SELL,2026-03-26 05:00:00+00:00,backtest,TP,3.17,2.97,True,14.0,atr,1.242,1.20262922,2.0,-1.0,1.1352,True,21.853791492140125,0.061793049738004174,0.3,-0.294897,20.311523130848958,-1.0,1.2064,,0.8622287624056539,True,bullish,True,1.0,False,False,bullish,1,range,0.3,24.253285543608126,rising,4,moderate,1.235,1.249,1.232,215940.0,1.2576909414658293,1.2719685603978261,1.2845122110502618,1.2641740675989235,1.2756654164376087,20.311523130848958,-0.01427761893199686,-0.010635642185465522,-0.0036419767465313384,-0.002676695026485338,21.853791492140125,8.976444654417444,30.53216371455879,0.013123593949837056,1.2725907140979893,-1,178998.44999999998,,False,False,False,True,False,False,False,False,True,True
NEAR_USDT_a26aa2f4,NEAR/USDT,1h,BUY,2026-03-30 08:00:00+00:00,backtest,SL,-1.6381,-1.8381,False,6.0,atr,1.207,1.18722871,1.0,1.0,1.2357,True,25.042424407953707,0.1680808135984569,0.3,0.296784,78.33507331230858,-1.0,1.7428,,0.7349731898551098,False,,True,1.0,False,False,ranging,0,trend,0.5007070734658952,28.70840383530739,rising,6,strong,1.219,1.224,1.202,305728.0,1.1968792334113882,1.1822698153134972,1.1808550192639748,1.1905590143860705,1.1785967968448468,78.33507331230858,0.01460941809789107,0.010991623122562327,0.003617794975328742,0.0027794919063257734,25.042424407953707,35.81163949149947,17.437309745121723,0.01318086145309191,1.1777769641569296,1,175421.99999999997,,False,False,True,False,False,False,True,True,False,True
NEAR_USDT_80a2071e,NEAR/USDT,1h,BUY,2026-03-31 23:00:00+00:00,backtest,TP,3.641,3.441,True,7.0,structural,1.181,1.224,2.26,0.22306400784677483,0.2231,True,21.78159394566955,0.059386464855651626,0.3,0.000221,55.26303785800266,0.0,0.4346,,0.31417769535863266,True,bullish,False,0.0,False,False,bullish,1,range,0.3,29.083885209713024,falling,4,moderate,1.188,1.188,1.178,96937.0,1.1837724469914104,1.1811377537796381,1.1798213854719484,1.182564574703242,1.1804515291576019,55.26303785800266,0.002634693211772232,0.002632068923041296,2.6242887309359773e-06,-0.0005177112330356482,21.78159394566955,21.156233614685956,13.30179123072014,0.013184500554365848,1.1525989292541319,1,223050.05000000002,,False,False,True,False,True,False,False,True,False,True
NEAR_USDT_65168f9b,NEAR/USDT,1h,BUY,2026-04-01 06:00:00+00:00,backtest,SL,-1.5637,-1.7637,False,14.0,bos,1.216,1.196985,1.0,0.7565673549725379,0.7566,True,25.863843701820436,0.19546145672734785,0.3,0.282527,73.1143878826832,-1.0,0.8942,,0.9177658705895854,True,bullish,False,0.0,False,False,bullish,1,trend,0.5143973950303405,28.642111050027484,rising,5,moderate,1.22,1.224,1.205,180837.0,1.1978907403147807,1.1888959417350202,1.1833869860718338,1.1915738089761467,1.1857855359085223,73.1143878826832,0.008994798579760488,0.005547969074990755,0.003446829504769733,0.0019637187450185297,25.863843701820436,33.27664020214967,10.332493437410035,0.013113922682734615,1.181675369856858,1,202233.69999999998,,False,False,True,False,False,False,False,True,False,True
NEAR_USDT_f1df2050,NEAR/USDT,1h,SELL,2026-04-02 04:00:00+00:00,backtest,SL,-1.734,-1.934,False,23.0,atr,1.157,1.17706252,1.0,-1.0,1.1578,True,22.374268675691912,0.0791422891897304,0.3,-0.434594,25.90876112784276,-1.0,0.4818,,0.4292335744825307,True,bullish,True,1.0,False,False,bullish,1,range,0.3,31.993481803367736,rising,4,moderate,1.152,1.161,1.152,132307.0,1.1730856781969516,1.186667641063527,1.1884926593434504,1.179110157681795,1.1901344051698797,25.90876112784276,-0.013581962866575426,-0.008575440387707293,-0.005006522478868132,-0.0049520683398113895,22.374268675691912,17.023588717609325,27.754428079672593,0.013375012797311209,1.1906448409311414,-1,274616.75,,False,False,False,True,False,False,False,False,True,True
NEAR_USDT_49493ee2,NEAR/USDT,1h,BUY,2026-04-03 12:00:00+00:00,backtest,SL,-1.4987,-1.6987,False,3.0,atr,1.224,1.20565593,1.0,1.0,1.5709,True,35.584871445063825,0.5194957148354609,0.5194957148354609,0.179665,75.39607021642986,-1.0,1.9307,,0.8420810620729128,False,,True,1.0,False,False,bearish,1,trend,0.6764145240843971,20.448478376935398,rising,6,strong,1.216,1.228,1.211,316910.0,1.2088503696139061,1.1901546836507666,1.181756968778343,1.2068076180750222,1.1875701520158433,75.39607021642986,0.01869568596313953,0.016510955949820556,0.0021847300133189737,0.0038188751160179116,35.584871445063825,30.960900903577933,9.908874351755113,0.012229378486137464,1.1929327383557902,1,164141.40000000002,,False,False,True,False,False,False,True,True,False,True
NEAR_USDT_455ad0a5,NEAR/USDT,1h,BUY,2026-04-07 21:00:00+00:00,backtest,TP,3.4885,3.2885,True,2.0,atr,1.289,1.33396674,2.0,0.7996750991909787,0.7997,True,22.87143168072689,0.09571438935756298,0.3,0.57948,81.36634811445936,-1.0,2.0152,,1.0,False,,True,0.8,False,False,bearish,1,expansion,1.0,48.837209302325576,rising,6,strong,1.307,1.313,1.266,358610.0,1.2626165890514642,1.2525998598795067,1.250834683479436,1.2499356144947398,1.2471598458674573,81.36634811445936,0.010016729171957506,0.0024429198771549004,0.007573809294802605,0.004119753397528862,22.87143168072689,40.784639094731716,15.547598479302353,0.01498891194855439,1.2488941752716085,1,177955.40000000002,,False,False,True,False,False,False,True,True,False,True
NEAR_USDT_e7f61212,NEAR/USDT,1h,BUY,2026-04-07 23:00:00+00:00,backtest,SL,-1.9692,-2.1692,False,1.0,atr,1.33,1.30381026,1.0,1.0,1.6245,True,27.202366862453253,0.24007889541510843,0.3,0.655955,69.91469322920716,0.0,1.4677,,1.0,False,,True,0.8,False,False,bearish,1,expansion,1.0,62.77777777777778,rising,5,moderate,1.309,1.34,1.309,294276.0,1.2847433686854537,1.2642064957681873,1.2556728115516693,1.2778129025955833,1.259727145345006,69.91469322920716,0.020536872917266358,0.0119504236401748,0.008586449277091558,0.010428558248948241,27.202366862453253,40.70938057232853,11.508642997759763,0.01745982713931476,1.275984281970003,1,200496.7,,False,False,True,False,False,False,False,True,False,True
NEAR_USDT_5605a811,NEAR/USDT,1h,BUY,2026-04-08 01:00:00+00:00,backtest,TP,4.1181,3.9181,True,5.0,atr,1.287,1.34,2.0,1.0,1.4636,True,27.642285712480106,0.2547428570826702,0.3,0.216152,60.76838975790407,0.0,0.5868,,0.6159859511068828,False,,True,0.8,False,False,bearish,1,trend,0.5440380952080017,63.773965691220994,rising,5,moderate,1.294,1.298,1.284,119680.0,1.2875361119208302,1.268964046089411,1.2581893872718966,1.2856892867553529,1.2664604506983521,60.76838975790407,0.018572065831419238,0.01577506268543983,0.0027970031459794084,0.004852274944550641,27.642285712480106,34.73016848810395,19.33051971043188,0.017646483604817322,1.275984281970003,1,203961.59999999998,,False,False,True,False,False,False,False,True,False,True
NEAR_USDT_2c4a6b78,NEAR/USDT,1h,BUY,2026-04-08 06:00:00+00:00,backtest,TP,3.9053,3.7053,True,3.0,atr,1.323,1.37466753,2.0,1.0,1.7407,True,31.141819043779446,0.3713939681259815,0.3713939681259815,0.229753,74.39825764977346,-1.0,0.8054,,1.0,True,bullish,True,0.8,False,False,bearish,2,trend,0.6023636507296575,61.04680422747861,rising,5,moderate,1.336,1.34,1.319,161086.0,1.3078994975876541,1.2855225401204653,1.2670322780635155,1.299870782612698,1.2804747941325119,74.39825764977346,0.02237695746718882,0.01930745293565322,0.0030695045315355975,0.001623287810300779,31.141819043779446,41.01204194036439,13.67356677651108,0.017222511150643046,1.284168921464978,1,200017.9,,False,False,True,False,False,False,False,True,False,True
NEAR_USDT_7ac6c6e3,NEAR/USDT,1h,BUY,2026-04-08 09:00:00+00:00,backtest,SL,-2.2507,-2.4507,False,13.0,bos,1.364,1.3333,1.0,1.0,2.4843,True,36.63360968309562,0.5544536561031873,0.5544536561031873,0.404241,81.40639793801317,-1.0,0.979,,1.0,True,bullish,True,0.8,False,False,bearish,2,trend,0.6938934947182603,66.98492462311559,rising,5,moderate,1.37,1.377,1.36,250896.0,1.3367867320611322,1.3043820737193579,1.2767379887538346,1.3272972269357413,1.2978202810912938,81.40639793801317,0.032404658341774306,0.026866550674444448,0.0055381076673298585,0.00537944900366797,36.63360968309562,44.69164245969844,10.386027292277081,0.018154102404505375,1.3206511437479693,1,256287.3,,False,False,True,False,False,False,False,True,False,True
NEAR_USDT_33fea127,NEAR/USDT,1h,BUY,2026-04-09 20:00:00+00:00,backtest,SL,-1.957,-2.157,False,34.0,atr,1.364,1.33730674,1.0,0.6845519328137729,0.6846,True,27.19208103032428,0.23973603434414273,0.3,0.096829,60.157371105666414,0.0,0.8559,,0.5937272920113399,True,bullish,False,0.0,False,False,bullish,1,trend,0.536534683838738,64.5432098765432,rising,5,moderate,1.365,1.369,1.359,212963.0,1.3573421376278347,1.3481135999230363,1.3274460461119693,1.3551541769500735,1.34642495991534,60.157371105666414,0.009228537704798478,0.007906823404962796,0.0013217142998356822,0.001483250779688551,27.19208103032428,26.12033440174413,11.277152101460633,0.017795507279410542,1.3219290760978668,1,248814.1,,False,False,True,False,False,False,False,True,False,True
NEAR_USDT_dc9679e4,NEAR/USDT,1h,BUY,2026-04-13 05:00:00+00:00,backtest,TP,4.9337,4.7337,True,25.0,structural,1.358,1.425,3.94,0.3554542634307974,0.3555,True,23.531431076701363,0.11771436922337877,0.3,0.021678,54.71279810837618,0.5,5.7786,,0.35177668336241225,False,,False,0.0,False,False,ranging,0,expansion,1.0,57.45489078822412,falling,6,strong,1.365,1.365,1.349,1243907.0,1.3611345849490644,1.356313510749617,1.3550198130904405,1.360030180648797,1.3554448618245787,54.71279810837618,0.004821074199447439,0.004525172214578577,0.00029590198486886213,0.00020809760207427495,23.531431076701363,24.564823505961233,15.770406421900926,0.016633702974484365,1.3346441759010266,1,215261.40000000002,,False,False,True,False,False,False,True,True,False,True
NEAR_USDT_3e5b8fa7,NEAR/USDT,1h,SELL,2026-04-14 23:00:00+00:00,backtest,SL,-1.6335,-1.8335,False,12.0,atr,1.355,1.37713331,1.0,-1.0,1.0362,True,26.742714826435154,0.2247571608811718,0.3,-0.104681,29.422587177340176,0.0,0.3183,,0.5395129160924532,True,bullish,True,1.0,False,False,bullish,1,trend,0.5290452471072525,45.2513966480447,rising,4,moderate,1.358,1.36,1.35,191372.0,1.3663912992003533,1.3805497603073438,1.3817298724777907,1.3687888132575972,1.3828047363380782,29.422587177340176,-0.014158461106990483,-0.012736887204675914,-0.0014215739023145692,-0.0019898228269624244,26.742714826435154,12.670977010161296,26.158799912472627,0.014755542532635722,1.3899115624262395,-1,601244.95,,False,False,False,True,False,False,False,False,True,True
NEAR_USDT_805ba9e6,NEAR/USDT,1h,BUY,2026-04-16 19:00:00+00:00,backtest,SL,-1.2006,-1.4006,False,9.0,structural,1.416,1.399,1.0,0.2037217199870214,0.2037,True,24.95434323831865,0.16514477461062166,0.3,0.226403,61.40068360160104,0.0,0.6846,,0.5345914415191685,True,bearish,True,1.0,False,False,bullish,2,range,0.3,75.45620437956204,falling,5,moderate,1.431,1.434,1.415,281109.0,1.4093995443740386,1.4065341288545317,1.397889676315652,1.4032279856237637,1.404087541739985,61.40068360160104,0.0028654155195069198,-0.00037441653142306747,0.0032398320509299874,0.0011347764406668226,24.95434323831865,29.142210316148613,15.7774242781694,0.019491397512557473,1.3723382464037885,1,410622.55,,True,False,True,False,False,False,False,True,False,True
NEAR_USDT_54b78676,NEAR/USDT,1h,SELL,2026-04-29 18:00:00+00:00,backtest,SL,-1.4515,-1.6515,False,2.0,atr,1.303,1.32191354,1.0,-0.8853208792388011,0.8853,True,24.31741039192993,0.14391367973099764,0.3,-0.286591,27.60277503405946,-1.0,1.935,,1.0,False,,True,1.0,False,False,ranging,0,expansion,1.0,30.643228126248502,rising,5,moderate,1.315,1.327,1.292,775655.0,1.3312989424508093,1.3430852099534116,1.3542548988814873,1.3359557831510405,1.3458937309487529,27.60277503405946,-0.011786267502602366,-0.008017602205881338,-0.003768665296721027,-0.003804678240191574,24.31741039192993,11.255843208828008,39.58644189089745,0.012609024811202458,1.3436961928521558,-1,400851.55000000005,,False,False,False,True,False,False,True,False,True,True
NEAR_USDT_537be0d4,NEAR/USDT,1h,SELL,2026-04-29 20:00:00+00:00,backtest,SL,-1.406,-1.606,False,4.0,atr,1.315,1.33348922,1.0,-0.9850960527022846,0.9851,True,27.601488111812788,0.25338293706042625,0.3,-0.164147,35.83938652885925,0.0,1.9851,,0.8141044533598364,False,,True,1.0,False,False,ranging,0,expansion,1.0,27.864271457085827,rising,5,moderate,1.32,1.323,1.311,906544.0,1.3252796071616006,1.338334884259018,1.3515418638834238,1.3267880663506293,1.3401683726849196,35.83938652885925,-0.013055277097417273,-0.010888539198261982,-0.0021667378991552903,-0.0035751360856059906,27.601488111812788,14.56392770926381,34.91653904325972,0.012326148944353134,1.3435265735669404,-1,456684.4,,False,False,False,True,False,False,True,False,True,True
NEAR_USDT_8c803026,NEAR/USDT,1h,SELL,2026-04-30 02:00:00+00:00,backtest,TP,3.5101,3.3101,True,20.0,atr,1.339,1.292,2.63,-0.4326542674975603,0.4327,True,25.771030169780275,0.19236767232600915,0.3,0.132859,42.08951358236352,0.0,0.2065,,0.430799231692925,False,,True,1.0,False,False,bearish,1,range,0.3,22.73994424532059,falling,3,weak,1.324,1.34,1.321,111778.0,1.3284338477892281,1.3341813735225703,1.3470289231689698,1.3297006614432934,1.3351995108748271,42.08951358236352,-0.00574752573334214,-0.00750658249254421,0.0017590567592020694,0.0028872614406114626,25.771030169780275,19.61645437089662,30.386435163219744,0.011900491831096127,1.3435265735669404,-1,541289.3,,False,False,False,True,False,False,False,False,True,True
NEAR_USDT_daed3e49,NEAR/USDT,1h,BUY,2026-05-06 01:00:00+00:00,backtest,TP,3.184,2.984,True,6.0,bos,1.297,1.33829688,3.18,0.7738403038388989,0.7738,True,21.245577594507147,0.04151925315023822,0.3,0.1271,68.49027191959412,0.0,0.1501,,0.706954824465751,True,bullish,False,0.0,False,False,bullish,1,range,0.3,44.31047475508666,stable,5,moderate,1.311,1.316,1.292,133737.0,1.2967953318772898,1.2868372664645682,1.2813486755257084,1.2927368552708012,1.2844209931110249,68.49027191959412,0.009958065412721595,0.008291782567028316,0.0016662828456932791,0.000857221015594635,21.245577594507147,33.8386583512179,16.164787739574127,0.013765627672745534,1.2794025202155075,1,890698.1999999998,,False,False,True,False,False,False,False,True,False,True
NEAR_USDT_d94bfc97,NEAR/USDT,1h,BUY,2026-05-06 07:00:00+00:00,backtest,TP,3.6344,3.4344,True,1.0,bos,1.325,1.37315577,3.3,1.0,1.4019,True,30.22410915506472,0.34080363850215734,0.34080363850215734,0.309114,79.7043032292484,-1.0,0.6628,,1.0,True,bullish,False,0.0,False,False,bullish,1,trend,0.5870684859177453,60.97744360902255,rising,5,moderate,1.358,1.358,1.318,322922.0,1.3216373595564348,1.3033648485514002,1.2895839265707083,1.3112480337154162,1.2979013334065403,79.7043032292484,0.018272511005034575,0.014074736448301657,0.004197774556732918,0.0013708511389406638,30.22410915506472,38.13226180992434,8.886501813081708,0.016051923855793657,1.294881191195202,1,487204.55,,False,False,True,False,False,False,False,True,False,True
NEAR_USDT_777819fe,NEAR/USDT,1h,BUY,2026-05-06 20:00:00+00:00,backtest,SL,-2.8059,-3.0059,False,3.0,atr,1.521,1.47832166,1.0,1.0,4.0113,True,52.59532244746219,1.0,1.0,-0.157546,74.11804999683157,-1.0,1.5664,,1.0,False,,False,0.0,False,False,ranging,0,range,0.3,96.07182940516273,falling,5,moderate,1.515,1.524,1.497,1715949.0,1.4928828166859376,1.4353083502345056,1.3626383715976607,1.4865636214533482,1.4273391852579562,74.11804999683157,0.05757446645143194,0.05996128779807831,-0.0023868213466463686,-0.0019302622760095159,52.59532244746219,37.30724634701122,8.637170399152426,0.028452227141940543,1.4342695747972303,1,1095463.55,,False,False,True,False,False,False,True,True,False,True
NEAR_USDT_54393274,NEAR/USDT,1h,BUY,2026-05-07 06:00:00+00:00,backtest,TP,5.7275,5.5275,True,28.0,atr,1.487,1.57216801,2.0,1.0,1.7771,True,48.444933142436426,0.9481644380812142,0.9481644380812142,-0.096028,68.8951692729876,0.0,3.5186,,0.8293232196505269,False,,False,0.0,False,False,ranging,0,range,0.3,95.78829668281774,falling,5,moderate,1.526,1.527,1.485,5154916.0,1.498516012559499,1.4723505340525866,1.4029335996826462,1.4906634447193559,1.4669855874578452,68.8951692729876,0.02616547850691231,0.027630869958991396,-0.0014653914520790859,-0.00468570842352032,48.444933142436426,30.93599204268645,10.202911551423275,0.02838933520409013,1.445892617317507,1,1465047.05,,False,False,True,False,False,False,True,True,False,True
NEAR_USDT_e3c790d8,NEAR/USDT,1h,BUY,2026-05-08 19:00:00+00:00,backtest,SL,-2.4058,-2.6058,False,55.0,atr,1.566,1.52832564,1.0,1.0,1.5801,True,32.143301809146706,0.40477672697155687,0.40477672697155687,-0.060134,64.54646155789189,0.0,2.6766,,0.4745079682788105,False,,False,0.0,False,False,bearish,1,range,0.3,92.05882352941175,falling,5,moderate,1.57,1.573,1.562,2493373.0,1.5584572810142203,1.534215504825277,1.4872598854640284,1.5551593613039976,1.5306370553078046,64.54646155789189,0.024241776188943298,0.025185883428446187,-0.0009441072395028893,-0.0011356310520046486,32.143301809146706,27.114514910080885,15.251815703110623,0.025116238649712005,1.5087170452983405,1,931544.0499999999,,False,False,True,False,False,False,True,True,False,True
NEAR_USDT_abea2093,NEAR/USDT,1h,BUY,2026-05-12 21:00:00+00:00,backtest,SL,-2.7421,-2.9421,False,2.0,bos,1.642,1.596975,1.0,1.0,1.3889,True,20.827163465845913,0.027572115528197116,0.3,0.379251,60.025714004668245,0.0,1.2383,,0.6430431115202271,True,bullish,True,1.0,False,False,bullish,1,expansion,1.0,98.82895670688431,rising,5,moderate,1.609,1.65,1.607,682078.0,1.5925762485410369,1.5707600444318954,1.5578437161162932,1.58788374812419,1.566936048875085,60.025714004668245,0.021816204109141424,0.015714050808848825,0.006102153300292599,0.008284725090402588,20.827163465845913,26.60955774291917,10.533479954913492,0.03530059334045058,1.5314894011091538,1,550830.4999999999,,False,False,True,False,False,False,False,True,False,True
NEAR_USDT_c9ea39cf,NEAR/USDT,1h,BUY,2026-05-12 23:00:00+00:00,backtest,TP,1.7489,1.5489,True,1.0,bos,1.601,1.629,1.75,1.0,1.3854,True,22.68658376744211,0.08955279224807029,0.3,0.158951,58.64735927174104,0.0,0.3119,,0.4514639409002785,True,bullish,True,1.0,False,False,bullish,1,range,0.3,98.43971631205673,rising,5,moderate,1.607,1.623,1.592,171896.0,1.5994843972655655,1.5776281358941284,1.561533251337727,1.5973370821985842,1.5746909494835413,58.64735927174104,0.021856261371437036,0.01930191697553247,0.002554344395904566,0.004621387937462716,22.68658376744211,23.69787131755993,12.411272795052966,0.034177552421102785,1.5314894011091538,1,551126.4,,False,False,True,False,False,False,False,True,False,True
NEAR_USDT_77e85856,NEAR/USDT,1h,BUY,2026-05-13 00:00:00+00:00,backtest,TP,1.9279,1.7279,True,1.0,bos,1.608,1.639,1.93,1.0,1.4678,True,23.613808218781188,0.12046027395937292,0.3,0.160736,62.903165367348684,0.0,0.927,,0.5113630334081232,True,bullish,True,1.0,False,False,bullish,1,range,0.3,98.40482098546615,stable,5,moderate,1.625,1.634,1.6,500924.0,1.605154531206551,1.581934668994662,1.563799920932808,1.5994843972655655,1.5776281358941284,62.903165367348684,0.023219862211888875,0.020607898720984605,0.0026119634909042705,0.002554344395904566,23.613808218781188,24.313107239922562,11.529031404719484,0.03416487010530971,1.5314894011091538,1,540393.5499999999,,False,False,True,False,False,False,False,True,False,True
NEAR_USDT_7c6a4f33,NEAR/USDT,1h,BUY,2026-05-13 01:00:00+00:00,backtest,SL,-3.7967,-3.9967,False,8.0,bos,1.66,1.596975,1.0,1.0,1.8306,True,25.556326246869503,0.1852108748956501,0.3,0.339771,70.56890195291884,0.0,1.0813,,0.8426249267684534,True,bullish,True,1.0,False,False,bullish,1,trend,0.5092721041144918,98.86605244507442,rising,5,moderate,1.666,1.683,1.625,546695.0,1.618675746493984,1.5895769718133292,1.5674499237566364,1.605154531206551,1.581934668994662,70.56890195291884,0.029098774680654804,0.02343819070754134,0.005660583973113465,0.0026119634909042705,25.556326246869503,31.262995252111608,10.197372082900275,0.035867379383501874,1.557732096067716,1,505597.15,,False,False,True,False,False,False,False,True,False,True
NEAR_USDT_118fe860,NEAR/USDT,1h,SELL,2026-05-16 10:00:00+00:00,backtest,SL,-1.9699,-2.1699,False,19.0,atr,1.498,1.52750874,1.0,-1.0,1.1578,True,23.076876417454354,0.10256254724847848,0.3,-0.179253,32.47844208578766,0.0,2.112,,0.7269027553376963,False,,False,0.0,True,True,ranging,0,range,0.3,75.43920082673097,rising,5,moderate,1.494,1.513,1.49,789963.0,1.5100505299444653,1.5275332771413128,1.548347988678453,1.5146363956428839,1.5308866048554441,32.47844208578766,-0.017482747196847503,-0.01480471341781726,-0.002678033779030243,-0.0027845126842581253,23.076876417454354,13.687154099769153,31.85972298321156,0.019672491867761915,1.541270420885024,-1,374031.30000000005,,False,False,False,True,False,False,True,False,True,True
NEAR_USDT_cfdc6871,NEAR/USDT,1h,BUY,2026-05-18 20:00:00+00:00,backtest,TP,4.7675,4.5675,True,11.0,atr,1.584,1.65951674,2.0,1.0,1.1828,True,20.903535312666136,0.030117843755537877,0.3,0.534334,70.13892472874352,0.0,0.8768,,0.6403088980852274,False,,True,0.8,False,False,ranging,0,range,0.3,90.64505234718001,rising,5,moderate,1.586,1.59,1.574,431301.0,1.5432864408008768,1.5252457984328172,1.5219301556287386,1.5310825667439842,1.519170378276099,70.13892472874352,0.01804064236805969,0.009566099793193148,0.008474542574866541,0.006583359962125344,20.903535312666136,29.327319889985606,13.31959743785492,0.025172246464755795,1.514057247839639,1,491917.95,,False,False,True,False,False,False,False,True,False,True
NEAR_USDT_7d48a55c,NEAR/USDT,1h,BUY,2026-05-20 21:00:00+00:00,backtest,TP,5.0551,4.8551,True,7.0,atr,1.691,1.77648119,2.0,1.0,1.4696,True,28.154529126406906,0.27181763754689686,0.3,0.171756,70.46663058886237,0.0,0.6556,,0.6450684462743175,True,bullish,False,0.0,False,False,bullish,1,range,0.3,95.14950166112956,stable,5,moderate,1.72,1.728,1.69,381740.0,1.688374259431393,1.663922078613957,1.626212014666777,1.6793383335546481,1.6583142864753528,70.46663058886237,0.024452180817436053,0.02149797980630204,0.002954201011134014,0.0010031677785602502,28.154529126406906,27.84004261015604,11.713331453298103,0.028493730659510712,1.634722036546394,1,582270.6000000001,,False,False,True,False,False,False,False,True,False,True
NEAR_USDT_feb27d60,NEAR/USDT,1h,BUY,2026-05-21 04:00:00+00:00,backtest,SL,-1.7631,-1.9631,False,2.0,bos,1.733,1.702445,1.0,1.0,1.9116,True,35.45850626872461,0.5152835422908204,0.5152835422908204,0.284993,75.36666877342861,-1.0,1.5643,,0.9223091268750294,True,bullish,False,0.0,False,False,bullish,1,trend,0.6743084378120768,97.24892277096453,rising,6,strong,1.776,1.781,1.73,1184763.0,1.7279767342700547,1.6955645738491014,1.648668647910324,1.7142558012043558,1.6875210312340116,75.36666877342861,0.032412160420953295,0.027350685747616437,0.005061474673336858,0.0019148215593961793,35.45850626872461,31.57666675806865,8.518938586192917,0.03200036492176306,1.6710972310918268,1,757389.65,,False,False,True,False,False,False,True,True,False,True
NEAR_USDT_16256d68,NEAR/USDT,1h,BUY,2026-05-23 14:00:00+00:00,backtest,TP,9.1121,8.9121,True,2.0,atr,2.14,2.335,2.33,0.3159280755236008,0.3159,True,23.350638167812413,0.11168793892708043,0.3,0.589051,68.49944543583962,0.0,1.5255,,0.1894876084518046,False,,False,0.0,False,False,ranging,0,range,0.3,99.15447154471545,falling,6,strong,2.184,2.19,2.101,1324377.0,2.106613654436579,2.099979230467368,2.0296494610906968,2.084503269989887,2.091577153514105,68.49944543583962,0.006634423969210879,-0.006230446753125927,0.012864870722336805,0.005588998590076433,23.350638167812413,20.881642131954834,16.14445192065972,0.05569425838033803,2.007343183719293,1,868138.0499999999,,True,False,True,False,False,False,True,True,False,True
NEAR_USDT_3735c63d,NEAR/USDT,1h,BUY,2026-05-23 16:00:00+00:00,backtest,TP,8.8648,8.6648,True,22.0,structural,2.274,2.47558668,2.84,1.0,2.7223,True,26.14387854582279,0.20479595152742636,0.3,1.490607,84.62956709802278,-1.0,3.5539,,1.0,False,,False,0.0,False,False,ranging,0,expansion,1.0,100.0,rising,6,strong,2.404,2.41,2.24,3310843.0,2.1990378897208935,2.1407596946011305,2.050917674917242,2.140477286784006,2.1144356640612436,84.62956709802278,0.058278195119763065,0.022444004865812262,0.03583419025395081,0.021514712983925585,26.14387854582279,37.67900366152756,11.537820814591957,0.0671955595218221,2.1467429788126275,1,931614.7999999999,,False,False,True,False,False,False,True,True,False,True
NEAR_USDT_cd9919b2,NEAR/USDT,1h,BUY,2026-05-24 14:00:00+00:00,backtest,SL,-2.625,-2.825,False,12.0,structural,2.4,2.337,1.0,1.0,1.77,True,34.230374053494245,0.4743458017831415,0.4743458017831415,0.171927,72.00556848080447,-1.0,2.0185,,0.7808546802821473,False,,False,0.0,False,False,ranging,0,range,0.3,99.4514359470797,stable,6,strong,2.491,2.509,2.368,2319875.0,2.4082225470785366,2.366337927901371,2.2407394182788103,2.384571846243833,2.353871720691508,72.00556848080447,0.04188461917716557,0.03760192786988513,0.004282691307280442,-0.004760456663919971,34.230374053494245,29.731484773235426,10.210117766181742,0.06582787845638888,2.274550919015263,1,1149307.2999999998,,False,False,True,False,True,False,True,True,False,True
NEAR_USDT_66262316,NEAR/USDT,1h,BUY,2026-05-25 21:00:00+00:00,backtest,SL,-4.023,-4.223,False,21.0,atr,2.77,2.65856248,1.0,1.0,4.5807,True,50.94668623674309,1.0,1.0,0.261687,78.95352762463983,-1.0,0.6749,,1.0,True,bullish,False,0.0,False,False,bullish,1,range,0.3,99.61661341853035,stable,5,moderate,2.788,2.79,2.748,1037888.0,2.7140279557226266,2.595152711042124,2.4433442406439068,2.692893085929091,2.5758679821463364,78.95352762463983,0.11887524468050259,0.11157942414267678,0.007295820537825806,0.009093589908990896,50.94668623674309,29.754938431445602,3.8616057579973213,0.07429168290153826,2.579014829778323,1,1537943.8499999999,,False,False,True,False,False,False,False,True,False,True
NEAR_USDT_e8d95072,NEAR/USDT,1h,SELL,2026-05-27 09:00:00+00:00,backtest,SL,-4.0209,-4.2209,False,6.0,atr,2.507,2.60780354,1.0,-1.0,2.3623,True,30.26004189458277,0.34200139648609235,0.34200139648609235,0.016012,31.271872472093193,0.0,1.5745,,0.4814617351714405,True,bullish,True,1.0,False,False,bearish,2,range,0.3,97.91535060012635,falling,4,moderate,2.475,2.531,2.473,1779471.0,2.522246028195797,2.5818283609016497,2.5821273433387684,2.535744893394596,2.592511196991815,31.271872472093193,-0.05958233270585289,-0.059978640586745485,0.0003963078808925935,0.0034104909299727676,30.26004189458277,15.145023297384377,27.18156667667039,0.06720236087457888,2.661218526734983,-1,1130181.9500000002,,False,False,False,True,False,False,True,False,True,True
NEAR_USDT_40f29fa2,NEAR/USDT,1h,BUY,2026-05-29 16:00:00+00:00,backtest,SL,-1.6081,-1.8081,False,2.0,bos,2.604,2.562125,1.0,1.0,1.1028,True,23.199374046297404,0.1066458015432468,0.3,0.368468,68.02402265099798,0.0,1.6082,,0.6788431503771912,True,bullish,False,0.0,False,False,bearish,2,expansion,1.0,98.35454827693263,rising,6,strong,2.591,2.628,2.532,1428702.0,2.508130363693011,2.4807733096623497,2.4798976504918526,2.4844533247481566,2.4697506406285843,68.02402265099798,0.027357054030661132,0.01781005620305349,0.009546997827607644,0.0016661268303226479,23.199374046297404,28.3483317861561,11.37725302672632,0.07104807086467238,2.394687373767991,1,888358.8500000001,,False,False,True,False,False,False,True,True,False,True
NEAR_USDT_e1820335,NEAR/USDT,1h,SELL,2026-05-31 14:00:00+00:00,backtest,SL,-1.3835,-1.5835,False,1.0,structural,2.313,2.345,1.0,-0.4137534552181116,0.4138,True,28.07396239888306,0.2691320799627687,0.3,0.207871,46.43995419634337,0.5,1.6943,,0.31643865128659937,False,,False,0.0,False,False,bearish,1,range,0.3,92.74563820018365,falling,5,moderate,2.288,2.328,2.277,829303.0,2.2936515306082583,2.303141593066813,2.3534739205447126,2.2952662536391895,2.3046557523734945,46.43995419634337,-0.009490062458554771,-0.014246146215390991,0.00475608375683622,0.007234689359504044,28.07396239888306,19.43903592871968,27.350002210884664,0.04120295303781586,2.35333986867535,-1,489456.95,,False,False,False,True,False,False,True,False,True,True
NEAR_USDT_cda2f3c3,NEAR/USDT,1h,SELL,2026-05-31 16:00:00+00:00,backtest,SL,-2.4017,-2.6017,False,6.0,structural,2.29,2.345,1.0,-0.47632678517457994,0.4763,True,26.038910623524163,0.20129702078413877,0.3,0.014552,40.33475191587297,0.0,1.5309,,0.34147871978520355,False,,False,0.0,False,False,ranging,0,range,0.3,93.1783420006118,falling,4,moderate,2.255,2.32,2.248,800443.0,2.2889249999975885,2.2998277628651342,2.3486664388738463,2.2986178571397566,2.304310539151648,40.33475191587297,-0.010902762867545768,-0.011230915276442634,0.000328152408896866,0.005702309468999852,26.038910623524163,18.54266854131937,27.079636535949458,0.04511377073158611,2.35333986867535,-1,522872.1000000001,,False,False,False,True,False,False,True,False,True,True
NEAR_USDT_f0864986,NEAR/USDT,1h,BUY,2026-06-02 10:00:00+00:00,backtest,SL,-2.2829,-2.4829,False,4.0,structural,2.672,2.611,1.0,1.0,2.0992,True,37.842632157864614,0.5947544052621538,0.5947544052621538,-0.206914,61.41526665094814,0.0,0.8956,,0.5588118655611328,True,bullish,False,0.0,False,False,bullish,1,range,0.3,99.27514346118997,falling,4,moderate,2.681,2.696,2.617,755396.0,2.6385324646580495,2.5842822845377937,2.4823119936665456,2.626398883131778,2.5746105129915735,61.41526665094814,0.05425018012025573,0.059797554552917784,-0.005547374432662053,-0.010782871629044372,37.842632157864614,23.951751354062452,9.98145471503413,0.07863343075409344,2.479007166269418,1,843449.6,,False,False,True,False,False,False,False,True,False,True
NEAR_USDT_16fb55b6,NEAR/USDT,1h,BUY,2026-06-03 02:00:00+00:00,backtest,TP,10.905,10.705,True,11.0,structural,2.708,3.00330663,3.04,1.0,1.4169,True,22.790882955406662,0.09302943184688874,-0.3,0.282529,58.069289229703614,0.0,0.3187,,0.3132998963272391,True,bullish,False,0.0,False,False,bearish,2,range,0.3,99.81965734896303,rising,4,moderate,2.714,2.727,2.676,298501.0,2.6788940344939562,2.6414676232427126,2.555878231526751,2.6688637586350867,2.634214385566984,58.069289229703614,0.037426411251243685,0.029758568754660056,0.0076678424965836295,0.008724725561734321,22.790882955406662,25.079967080943877,17.2474696727629,0.09843554341178908,2.7350220481275693,-1,936563.0000000001,,False,False,True,False,False,False,False,False,True,True
NEAR_USDT_f5fa1cf4,NEAR/USDT,1h,BUY,2026-06-03 13:00:00+00:00,backtest,SL,-7.0081,-7.2081,False,12.0,bos,2.966,2.75814,1.0,1.0,4.0176,True,28.691642089456852,0.2897214029818951,0.3,0.536962,74.67164998990837,-1.0,1.6738,,0.7839879439910397,True,bullish,False,0.0,True,True,bearish,2,trend,0.5615273681576142,99.9700419412822,rising,6,strong,3.052,3.067,2.936,1754463.0,2.9247192069941956,2.8117550608129376,2.66530221739185,2.888353266135394,2.7877305668942314,74.67164998990837,0.11296414618125805,0.09657606122292438,0.016388084958333674,0.012240680497405204,28.691642089456852,29.10390758201822,9.504208982242229,0.10438981192298565,2.734067376256473,1,1048200.9500000001,,False,False,True,False,False,False,True,True,False,True
NEAR_USDT_909e3fe8,NEAR/USDT,1h,SELL,2026-06-04 08:00:00+00:00,backtest,TP,14.4555,14.2555,True,23.0,atr,2.36,2.01884996,2.0,-1.0,5.5813,True,25.814314328263382,0.1938104776087794,0.3,-1.796391,20.0405569893189,-1.0,1.7393,,0.9786826768554829,False,,False,0.0,False,False,ranging,0,trend,0.5135719054710564,99.85105749180816,rising,5,moderate,2.331,2.412,2.301,2255772.0,2.5320976034578457,2.673421029485567,2.6832486562506634,2.589554061588659,2.707663132434124,20.0405569893189,-0.1413234260277214,-0.09944954311410835,-0.04187388291361306,-0.039596469188162814,25.814314328263382,11.35860136335257,35.82566828473964,0.11371667935494244,2.644630482617341,-1,1296966.4000000001,,False,False,False,True,False,False,True,False,True,True
NEAR_USDT_443a69e9,NEAR/USDT,1h,BUY,2026-06-08 05:00:00+00:00,backtest,SL,-1.0,-1.2,False,49.0,structural,2.025,2.00475,1.0,1.0,1.9859,True,28.80573821130304,0.2935246070434347,0.3,-0.058568,60.64440615768339,0.0,0.6468,,0.34038007134325676,True,bullish,True,1.0,False,False,bullish,1,range,0.3,91.56521739130434,falling,4,moderate,2.074,2.074,2.017,361278.0,2.0523313515096318,2.0123675512222916,2.0077712113617627,2.0461403090838126,2.0062043063445207,60.64440615768339,0.039963800287340145,0.041178509925437756,-0.0012147096380976108,-0.0018498620051946857,28.80573821130304,22.822774895377165,14.313273111795747,0.06025497626485594,1.9239082932915443,1,558587.1,,False,False,True,False,False,False,False,True,False,True
NEAR_USDT_96a54e35,NEAR/USDT,1h,BUY,2026-06-15 04:00:00+00:00,backtest,TP,5.3545,5.1545,True,7.0,atr,2.35,2.47583132,2.0,1.0,3.3314,True,46.805741084009725,0.8935247028003241,0.8935247028003241,0.753576,88.90876173932045,-1.0,3.1563,,1.0,False,,False,0.0,False,False,bearish,1,expansion,1.0,85.40226707215925,rising,6,strong,2.361,2.382,2.314,1202011.0,2.261556929432022,2.1886445183204972,2.1298273416432476,2.233144623555457,2.171408970152547,88.90876173932045,0.07291241111152491,0.05512049327200363,0.017791917839521283,0.015511119050666669,46.805741084009725,44.221372035335946,4.7376604847180666,0.04194377275935167,2.2375458378267536,1,380831.0,,False,False,True,False,False,False,True,True,False,True
NEAR_USDT_f0720297,NEAR/USDT,1h,BUY,2026-06-15 11:00:00+00:00,backtest,SL,-2.9705,-3.1705,False,15.0,atr,2.426,2.35393666,1.0,1.0,4.1912,True,59.94212183934579,1.0,1.0,0.356992,92.38030147357753,-1.0,2.0456,,1.0,False,,False,0.0,False,False,bearish,1,expansion,1.0,86.31346578366445,stable,6,strong,2.492,2.495,2.416,1245444.0,2.3901641232329203,2.294016811634945,2.190732730913021,2.361068158442326,2.2742184927984397,92.38030147357753,0.09614731159797518,0.08725107690761684,0.008896234690358343,0.004046706081448526,59.94212183934579,41.05351722442318,4.513315319408278,0.04804222648774032,2.327331634640439,1,608840.2999999999,,False,False,True,False,False,False,True,True,False,True
NEAR_USDT_b519fcb4,NEAR/USDT,1h,BUY,2026-06-21 09:00:00+00:00,backtest,SL,-1.8231,-2.0231,False,3.0,bos,2.256,2.21487,1.0,1.0,1.3274,True,22.907299343728774,0.09690997812429245,0.3,0.284173,71.57415850041859,0.0,0.8937,,0.6715888565410921,True,bullish,True,1.0,False,False,bearish,2,range,0.3,79.47424322889007,rising,5,moderate,2.269,2.278,2.236,600429.0,2.2277113219177758,2.1985287162517646,2.1862569774310976,2.215914556751426,2.1914815878769414,71.57415850041859,0.029182605666011163,0.022734722324820954,0.0064478833411902095,0.004922188220258798,22.907299343728774,27.053166452990112,10.263445039462807,0.033631927500681245,2.1708525657511095,1,671875.7999999999,,False,False,True,False,False,False,False,True,False,True
NEAR_USDT_bdeb3700,NEAR/USDT,1h,SELL,2026-06-21 21:00:00+00:00,backtest,SL,-2.5755,-2.7755,False,4.0,atr,2.114,2.16844656,1.0,-0.9177697134670864,0.9178,True,20.373818950471524,0.012460631682384123,0.3,-0.417527,35.08318667212324,0.0,0.7087,,0.6464807855926664,False,,True,1.0,False,False,ranging,0,range,0.3,81.15404976177872,rising,4,moderate,2.121,2.132,2.1,407362.0,2.1589197179710586,2.178733629280666,2.182537308703383,2.1697539231056466,2.184506992208733,35.08318667212324,-0.019813911309607413,-0.010958156282773426,-0.008855755026833986,-0.008222790333729727,20.373818950471524,16.222364445736947,32.384384085553606,0.036297703872195206,2.209089316440414,-1,574834.0000000001,,False,False,False,True,False,False,False,False,True,True
APT_USDT_152114fc,APT/USDT,1h,SELL,2026-01-16 16:00:00+00:00,backtest,SL,-1.6156,-1.8156,False,4.0,atr,1.76,1.78843404,1.0,-1.0,1.2187,True,36.366627564694106,0.5455542521564702,0.5455542521564702,-0.100284,25.497593426253033,-1.0,1.7408,,0.8967635849723399,False,,False,0.0,False,False,ranging,0,trend,0.6894437927449018,25.925925925925924,rising,5,moderate,1.7587,1.7723,1.7509,194754.8,1.7767359248742294,1.7983897002869393,1.834318739767001,1.7818890462668664,1.8023586703156333,25.497593426253033,-0.021653775412709964,-0.019890073629492043,-0.0017637017832179205,-0.0014614013108838753,36.366627564694106,11.39858534348289,33.81767496779139,0.018956024186533475,1.8073934202102673,-1,111874.6,,False,False,False,True,False,False,True,False,True,True
APT_USDT_abf0e092,APT/USDT,1h,BUY,2026-01-17 14:00:00+00:00,backtest,SL,-1.8308,-2.0308,False,12.0,atr,1.8702,1.83596078,1.0,1.0,1.4505,True,31.20131838382902,0.37337727946096727,0.37337727946096727,0.234578,73.92499800216822,-1.0,1.8104,,0.9894329969088318,False,,False,0.0,False,False,ranging,0,expansion,1.0,71.42857142857143,rising,6,strong,1.898,1.9076,1.8638,274472.6,1.861740588237534,1.8351224105980721,1.8307046060074434,1.8513807563054008,1.8288346516578795,73.92499800216822,0.026618177639461837,0.022165890843763567,0.004452286795698271,0.002606357201606839,31.20131838382902,37.11179106960802,12.375966146887222,0.022826146616338867,1.8249086195474733,1,151605.52000000002,,False,False,True,False,False,False,True,True,False,True
APT_USDT_1fce4364,APT/USDT,1h,SELL,2026-01-20 11:00:00+00:00,backtest,TP,5.4017,5.2017,True,29.0,structural,1.5995,1.5131,3.06,-0.779313406922251,0.7793,True,45.92465921897033,0.8641553072990111,0.8641553072990111,0.062236,38.97127868076031,0.0,0.7771,,0.3933839166863524,False,,True,1.0,False,False,ranging,0,range,0.3,61.86440677966102,falling,3,weak,1.5826,1.6038,1.582,175322.7,1.5925371787848253,1.6049480345293168,1.6637915677677118,1.5953763727233465,1.6071828379822484,38.97127868076031,-0.012410855744491522,-0.013395808077114255,0.0009849523326227322,0.0020818189845237846,45.92465921897033,18.656447780391076,28.491045697549886,0.022215715605282956,1.6264635833889503,-1,225626.015,,False,False,False,True,False,False,False,False,True,True
APT_USDT_fa5872cc,APT/USDT,1h,SELL,2026-01-25 19:00:00+00:00,backtest,SL,-2.2264,-2.4264,False,6.0,atr,1.4843,1.51734678,1.0,-1.0,1.5964,True,20.587136545493856,0.019571218183128517,0.3,-0.658595,18.730902898895188,-1.0,2.4205,,1.0,True,bullish,True,0.8,False,False,bullish,1,expansion,1.0,63.00813008130082,rising,5,moderate,1.4571,1.4921,1.4467,826150.4,1.505677605619685,1.5297140970676961,1.5457427758095392,1.5195569215110236,1.5369755067744657,18.730902898895188,-0.02403649144801112,-0.01444010918801725,-0.00959638225999387,-0.007776667205421774,20.587136545493856,12.544170401978416,40.84721825937035,0.022031189250722383,1.5298190295715823,-1,341318.61,,False,False,False,True,False,False,True,False,True,True
APT_USDT_075973ff,APT/USDT,1h,BUY,2026-01-26 21:00:00+00:00,backtest,SL,-1.0,-1.2,False,18.0,structural,1.5374,1.522026,1.0,0.471294845973749,0.4713,True,22.061298155568323,0.06870993851894411,0.3,-0.084608,57.53352229632199,0.0,0.1358,,0.3601029683797101,True,bullish,True,1.0,False,False,bearish,2,range,0.3,38.23529411764706,falling,4,moderate,1.5522,1.5565,1.5341,126645.4,1.5472619964479692,1.5400040367947678,1.5385241981068427,1.5458511382902462,1.5387844404742448,57.53352229632199,0.007257959653201418,0.008571252174762801,-0.0013132925215613832,-0.002161200619542048,22.061298155568323,26.403461682274997,17.400887472782244,0.019876952135875137,1.5237590773989689,1,932335.405,,False,False,True,False,False,False,False,True,False,True
APT_USDT_77121fbc,APT/USDT,1h,SELL,2026-01-29 14:00:00+00:00,backtest,TP,3.9492,3.7492,True,1.0,atr,1.556,1.49455,2.31,-0.9710212471091563,0.971,True,28.020047972881432,0.26733493242938106,0.3,-0.162106,26.81265769249538,-1.0,2.1046,,0.9029913931790918,True,bullish,True,0.8,False,False,bearish,2,trend,0.5503341328813572,25.816023738872403,rising,5,moderate,1.5162,1.561,1.5143,446477.6,1.5477396387995526,1.5627685195422267,1.5680809805900757,1.5567509641708532,1.5674253714964497,26.81265769249538,-0.015028880742674167,-0.012571033465565866,-0.0024578472771083007,0.00066770250141528,28.020047972881432,10.974926666401009,33.549711495878306,0.017725245592257313,1.5822620582593876,-1,212141.975,,False,False,False,True,False,True,True,False,True,True
APT_USDT_f2e2c369,APT/USDT,1h,SELL,2026-01-29 15:00:00+00:00,backtest,SL,-2.1047,-2.3047,False,2.0,atr,1.4688,1.49971373,1.0,-1.0,1.4086,True,30.882090248316658,0.36273634161055524,0.36273634161055524,-0.405291,20.64789986805384,-1.0,4.2923,,1.0,True,bullish,True,0.8,False,False,bearish,2,expansion,1.0,58.875739644970416,rising,5,moderate,1.4872,1.5165,1.4584,1101033.9,1.5342863857329854,1.555898654129297,1.56519237414043,1.5477396387995526,1.5627685195422267,20.64789986805384,-0.021612268396311585,-0.015584778442481106,-0.006027489953830479,-0.0024578472771083007,30.882090248316658,8.764940760509516,46.1681032309392,0.020609156621381797,1.5421258524334487,-1,256512.90500000006,,False,False,False,True,False,False,True,False,True,True
APT_USDT_c00222d4,APT/USDT,1h,SELL,2026-01-29 17:00:00+00:00,backtest,TP,4.5171,4.3171,True,8.0,atr,1.5066,1.43854519,2.0,-1.0,1.9614,True,34.94996280793599,0.4983320935978663,0.4983320935978663,-0.505899,21.850086337664997,-1.0,1.3376,,1.0,True,bullish,True,0.8,False,False,bearish,2,trend,0.6658327134655998,76.76470588235294,rising,4,moderate,1.4693,1.5112,1.467,305080.6,1.5135386777890902,1.5432245075448736,1.5594467356484358,1.5261783000145444,1.550616958299361,21.850086337664997,-0.029685829755783377,-0.02225265773410087,-0.007433172021682508,-0.005902586561557004,34.94996280793599,11.022289825164284,36.16557094898527,0.02268493606639553,1.540583267190104,-1,228082.74,,False,False,False,True,False,False,False,False,True,True
APT_USDT_76bd7658,APT/USDT,1h,SELL,2026-01-30 01:00:00+00:00,backtest,TP,5.0271,4.8271,True,5.0,atr,1.5019,1.42639776,2.0,-1.0,1.4766,True,39.85484190655132,0.6618280635517108,0.6618280635517108,0.231883,37.74241305000539,0.0,1.9834,,1.0,True,bullish,True,0.8,False,False,bearish,2,expansion,1.0,89.36781609195403,falling,4,moderate,1.48,1.5059,1.4209,499050.6,1.4883356834463009,1.5103120115909143,1.5394014212669092,1.4907173072881013,1.5133432127500057,37.74241305000539,-0.021976328144613477,-0.025408199768148086,0.003431871623534609,0.004498230118010923,39.85484190655132,12.444215489337706,42.1078311138977,0.025167411745449165,1.5204449464239844,-1,251612.31,,False,False,False,True,False,False,True,False,True,True
APT_USDT_f0164509,APT/USDT,1h,SELL,2026-02-05 07:00:00+00:00,backtest,TP,5.7377,5.5377,True,8.0,atr,1.2015,1.13256117,2.0,-1.0,1.1964,True,24.691390698414125,0.1563796899471375,0.3,-0.06799,30.468826750967064,0.0,1.7014,,0.35130239963892346,False,,False,0.0,False,False,ranging,0,range,0.3,66.66666666666666,rising,5,moderate,1.1955,1.2145,1.1916,788112.6,1.205742846398963,1.2201681303377658,1.2418890666126117,1.208669373941524,1.2226349433715424,30.468826750967064,-0.014425283938802824,-0.013612457929022714,-0.0008128260097801099,-0.0007595245058858186,24.691390698414125,11.253836211147297,20.036396202120383,0.022979608612451317,1.258947546353319,-1,463226.7099999999,,False,False,False,True,False,False,True,False,True,True
APT_USDT_c3552534,APT/USDT,1h,SELL,2026-02-05 15:00:00+00:00,backtest,TP,7.4571,7.2571,True,5.0,atr,1.1196,1.03611003,2.0,-1.0,2.5621,True,34.29574636779916,0.4765248789266387,0.4765248789266387,-0.487463,12.069980706635155,-1.0,2.9961,,1.0,False,,False,0.0,False,False,ranging,0,expansion,1.0,92.29249011857708,rising,5,moderate,1.1074,1.163,1.0781,1409535.6,1.1566929381418758,1.1863289079502917,1.2211607006894167,1.1707766347538404,1.194221798745321,12.069980706635155,-0.029635969808415874,-0.024237806343150724,-0.00539816346526515,-0.0019064393809624103,34.29574636779916,9.972673805425437,38.74692934682978,0.027829990951655857,1.1948408503064534,-1,470456.07500000007,,False,False,False,True,False,False,True,False,True,True
APT_USDT_c090165f,APT/USDT,1h,SELL,2026-02-05 20:00:00+00:00,backtest,TP,9.0758,8.8758,True,4.0,atr,1.0691,0.97207057,2.0,-1.0,4.3675,True,44.01758960102443,0.8005863200341478,0.8005863200341478,-0.752976,9.105511492802973,-1.0,2.1466,,1.0,False,,False,0.0,True,True,ranging,0,expansion,1.0,97.65166340508806,rising,5,moderate,1.0387,1.0856,1.017,1301116.3,1.0978391879854104,1.1457877038641744,1.1978959810532392,1.1147360988383848,1.1564964742505919,9.105511492802973,-0.04794851587876403,-0.04012735251266583,-0.0078211633660982,-0.005543604582590393,44.01758960102443,5.924054484017346,40.38482133051401,0.032343142794693344,1.1388428041974574,-1,606118.2949999999,,False,False,False,True,False,False,True,False,True,True
APT_USDT_137bd41f,APT/USDT,1h,SELL,2026-02-11 15:00:00+00:00,backtest,SL,-2.79,-2.99,False,13.0,atr,0.9343,0.96036658,1.0,-1.0,1.843,True,28.65112729554184,0.2883709098513947,0.3,-0.24432,19.199081753461627,-1.0,2.8288,,0.32470806004753355,False,,False,0.0,False,False,ranging,0,expansion,1.0,24.153846153846153,rising,5,moderate,0.9295,0.952,0.92,638835.2,0.9511937506075827,0.9687244009207252,0.9998212854743131,0.9573919650668921,0.9726468410127977,19.199081753461627,-0.017530650313142493,-0.015259696030178498,-0.0022709542829639946,-0.0011306570572091907,28.65112729554184,22.605213037086962,30.7229145382753,0.017377719453280642,0.9818787331602681,-1,225830.95,,False,False,False,True,False,False,True,False,True,True
APT_USDT_8bfa4177,APT/USDT,1h,BUY,2026-02-25 12:00:00+00:00,backtest,TP,4.1727,3.9727,True,2.0,bos,0.8743,0.91078173,3.4,1.0,1.8967,True,24.099017733642697,0.13663392445475656,0.3,0.399842,81.6250873454995,-1.0,2.2411,,1.0,True,bullish,False,0.0,False,False,bullish,1,compression,0.038657171922685585,19.22685656154629,rising,6,strong,0.8906,0.8952,0.8705,390731.6,0.8629149512752483,0.8468526359335568,0.8374130591372648,0.8550049373538906,0.8424778995269124,81.6250873454995,0.016062315341691558,0.012501324359674368,0.0035609909820171898,0.0018062089583123983,24.099017733642697,42.91631786835663,13.379919490684248,0.012160577643081528,0.8513676157201544,1,174349.28999999998,,False,False,True,False,False,False,True,True,False,True
APT_USDT_d65b624d,APT/USDT,1h,SELL,2026-02-28 04:00:00+00:00,backtest,TP,4.6743,4.4743,True,2.0,atr,0.9242,0.881,2.06,-1.0,1.339,True,23.544157475326507,0.11813858251088358,0.3,-0.037234,30.121911120217465,0.0,0.5825,,0.5890926414111199,True,bullish,True,0.8,False,False,bearish,2,range,0.3,28.462273161413563,stable,4,moderate,0.9212,0.9259,0.9181,123732.2,0.9311800474465232,0.9436486459272403,0.9449205340685654,0.9340314895741013,0.9458935105199643,30.121911120217465,-0.01246859848071713,-0.01212559817001639,-0.00034300031070074073,9.207706880304603e-05,23.544157475326507,13.928983098771887,28.656299134049885,0.013967347825406897,0.9545485951493617,-1,212428.59500000003,,False,False,False,True,False,True,False,False,True,True
APT_USDT_3b3d7167,APT/USDT,1h,SELL,2026-02-28 06:00:00+00:00,backtest,TP,5.4956,5.2956,True,5.0,atr,0.9171,0.8667,2.16,-1.0,1.9486,True,26.907461460019686,0.23024871533398952,0.3,-0.417972,16.400101224724004,-1.0,4.0727,,1.0,False,,True,0.8,False,False,bearish,1,trend,0.5317910243336614,38.03622497616777,rising,5,moderate,0.8813,0.9202,0.8792,922051.0,0.9181113867269091,0.9360013602704464,0.9417798078265104,0.9286289257917403,0.941471496297491,16.400101224724004,-0.017889973543537385,-0.014206383813575474,-0.0036835897299619114,-0.000477981557156254,26.907461460019686,10.80702988773631,40.00571945308316,0.01552235603313146,0.9381818620709831,-1,226400.19,,False,False,False,True,False,False,True,False,True,True
APT_USDT_a165ae83,APT/USDT,1h,SELL,2026-02-28 11:00:00+00:00,backtest,SL,-2.7565,-2.9565,False,6.0,atr,0.8778,0.9019963,1.0,-1.0,2.9409,True,37.58917835691916,0.5863059452306387,0.5863059452306387,-0.366546,21.791355917689813,-1.0,0.6829,,1.0,False,,True,0.8,False,False,bearish,1,trend,0.709819639281986,41.935483870967744,rising,4,moderate,0.8653,0.8817,0.8647,141829.4,0.8877490470070477,0.9138566002511294,0.9312328268274376,0.8941630604376328,0.9187122602762423,21.791355917689813,-0.02610755324408165,-0.02293583437631107,-0.003171718867770578,-0.0031992248961837007,37.58917835691916,7.179312862212002,33.57691711161521,0.016130866489054922,0.9137039797342947,-1,207683.44,,False,False,False,True,False,False,False,False,True,True
APT_USDT_aec73ea5,APT/USDT,1h,BUY,2026-03-01 07:00:00+00:00,backtest,SL,-2.5821,-2.7821,False,5.0,atr,0.9604,0.93560165,1.0,1.0,1.6096,True,27.883892196904867,0.26279640656349557,0.3,-0.047666,65.44981908277127,0.0,0.914,,0.23779218610674646,True,bullish,False,0.0,False,False,bearish,2,range,0.3,44.134078212290504,falling,4,moderate,0.9654,0.9663,0.9567,179413.4,0.9599285256848641,0.9447225136746203,0.937022983340441,0.958365247309111,0.9426547650420823,65.44981908277127,0.015206012010243741,0.015666183618552897,-0.0004601716083091553,-0.00018578715567882376,27.883892196904867,23.437966692531035,17.493162039862373,0.01653223244410232,0.9223640474431279,1,196284.68000000002,,False,False,True,False,False,False,False,True,False,True
APT_USDT_fa791cc5,APT/USDT,1h,SELL,2026-03-01 20:00:00+00:00,backtest,SL,-2.5317,-2.7317,False,3.0,atr,0.9114,0.93447361,1.0,-0.9130387034970915,0.913,True,24.184021346285306,0.1394673782095102,0.3,-0.421011,27.56724225214112,-1.0,0.6627,,0.6883080671316059,False,,True,0.8,False,False,ranging,0,range,0.3,35.602575896964126,rising,4,moderate,0.9066,0.9194,0.9058,143068.7,0.9264083839663296,0.9348668510643842,0.9355711397553534,0.9320679222424237,0.9376935361708226,27.56724225214112,-0.008458467098054534,-0.004641579327909829,-0.0038168877701447047,-0.0028924784855614096,24.184021346285306,13.131729751373872,30.339431429664018,0.015382409904045002,0.9500500733049627,-1,215896.34000000003,,False,False,False,True,False,False,False,False,True,True
APT_USDT_374c7328,APT/USDT,1h,BUY,2026-03-03 00:00:00+00:00,backtest,TP,5.7242,5.5242,True,18.0,structural,0.9718,1.02742745,2.16,1.0,1.3392,True,21.96638822944569,0.06554627431485636,0.3,0.054927,64.02757907810276,0.0,0.5895,,0.315705364020144,True,bullish,False,0.0,False,False,bullish,1,range,0.3,57.75784753363229,stable,5,moderate,0.9794,0.9817,0.9646,112342.8,0.9712062844829001,0.9583716908389682,0.9467808138200543,0.9688652229065859,0.956268859922865,64.02757907810276,0.012834593643931913,0.01229663907689416,0.0005379545670377538,0.0005687011903456277,21.96638822944569,24.29227355276947,16.39963945226587,0.018542482306591036,0.9331337520969342,1,190578.33500000005,,False,False,True,False,False,False,False,True,False,True
APT_USDT_c6819637,APT/USDT,1h,BUY,2026-03-09 19:00:00+00:00,backtest,TP,4.1053,3.9053,True,20.0,atr,0.9575,0.99680778,2.0,0.869698421479289,0.8697,True,22.423621921642134,0.08078739738807113,0.3,0.071176,68.55616886670909,0.0,1.2582,,0.7009240376480779,True,bullish,True,0.8,False,False,bullish,1,range,0.3,23.708920187793428,stable,5,moderate,0.9698,0.9844,0.9568,175941.9,0.9617666672695645,0.9534743161924285,0.9499687584540363,0.9594714293465829,0.9518417478116714,68.55616886670909,0.008292351077135995,0.007602081970169071,0.0006902691069669243,0.00037273411822589565,22.423621921642134,30.303758415626955,12.78065747442501,0.013102591973552444,0.9371774000051855,1,139831.28,,False,False,True,False,False,False,False,True,False,True
APT_USDT_897a36c8,APT/USDT,1h,BUY,2026-03-13 15:00:00+00:00,backtest,SL,-1.9253,-2.1253,False,1.0,bos,0.9634,0.944852,1.0,1.0,1.0923,True,24.72001027662421,0.1573336758874736,0.3,0.344862,73.50665164217861,-1.0,1.4771,,0.6712490876264076,True,bullish,False,0.0,False,False,bullish,1,expansion,1.0,29.781021897810216,rising,5,moderate,0.9623,0.9679,0.9478,308245.0,0.9464177499580495,0.9361920351667308,0.9353881094094597,0.9418799642317779,0.9335812386834038,73.50665164217861,0.01022571479131873,0.006907103434899961,0.0033186113564187686,0.0030509277916834993,24.72001027662421,30.97887985494353,14.197652664283341,0.013582339347256585,0.9286298093104138,1,208680.81499999997,,False,False,True,False,False,False,False,True,False,True
APT_USDT_236bb732,APT/USDT,1h,BUY,2026-03-17 09:00:00+00:00,backtest,SL,-1.5459,-1.7459,False,26.0,structural,0.9962,0.9808,1.0,0.23237145096012246,0.2324,True,39.83807080714206,0.6612690269047353,0.6612690269047353,-0.14171,52.70238998519121,0.5,0.7061,,0.25726912305302335,True,bullish,False,0.0,False,False,bullish,1,range,0.3,30.616438356164384,falling,5,moderate,0.9986,1.0022,0.9921,125658.8,0.997730666032898,0.9954175997133317,0.9743341785699051,0.9974822848994402,0.9950993596846649,52.70238998519121,0.0023130663195662926,0.0037281843640670446,-0.001415118044500752,-0.002052818171542076,39.83807080714206,22.986963124508442,16.55523504818286,0.013194308662207057,0.9833032927535197,1,177972.755,,False,False,True,False,False,False,False,True,False,True
APT_USDT_cbd243fc,APT/USDT,1h,BUY,2026-03-21 15:00:00+00:00,backtest,SL,-2.0162,-2.2162,False,8.0,atr,1.0021,0.98189547,1.0,0.4847201582733958,0.4847,True,25.28600419301246,0.176200139767082,0.3,-0.016299,59.10109983170337,0.0,0.7168,,0.2755985176446993,True,bullish,False,0.0,False,False,bullish,1,range,0.3,33.61075544174136,falling,4,moderate,1.0094,1.0108,1.0009,132395.7,1.0038030771727584,0.9989609122577732,0.9891936631157153,1.002203956364975,0.9979170034835505,59.10109983170337,0.004842164914985236,0.005006684281470239,-0.0001645193664850022,-0.0008019910832882957,25.28600419301246,22.070082691585768,15.180119750468286,0.013469689000933734,0.9878946039012214,1,184698.29499999998,,False,False,True,False,False,False,False,True,False,True
APT_USDT_3f83aba0,APT/USDT,1h,SELL,2026-03-22 10:00:00+00:00,backtest,TP,3.9045,3.7045,True,8.0,atr,0.952,0.91482929,2.0,-1.0,1.5062,True,32.33197819691523,0.4110659398971743,0.4110659398971743,-0.266081,18.516938065364172,-1.0,1.8373,,0.951435866361399,False,,False,0.0,False,False,bearish,1,trend,0.6221996366152538,25.363693864642634,rising,5,moderate,0.9415,0.955,0.9414,351734.0,0.9600559759715915,0.9745163233643312,0.9821231850894323,0.9653576833920463,0.9778179557007645,18.516938065364172,-0.014460347392739714,-0.011955192652884496,-0.0025051547398552178,-0.0017576570257612691,32.33197819691523,9.358023916900331,33.143920575935304,0.012390238170121932,0.9785545223026779,-1,191443.93500000006,,False,False,False,True,False,False,True,False,True,True
APT_USDT_de0d639f,APT/USDT,1h,SELL,2026-03-23 06:00:00+00:00,backtest,SL,-1.8988,-2.0988,False,5.0,atr,0.9269,0.94449983,1.0,-0.3935963047703538,0.3936,True,35.389035298054424,0.5129678432684808,0.5129678432684808,0.002741,32.3728079866392,0.0,1.5174,,0.6355747026982962,False,,False,0.0,False,False,ranging,0,range,0.3,21.61149281698938,falling,4,moderate,0.9209,0.9407,0.9188,325581.9,0.9365520107735216,0.9402382448801786,0.9566022876853505,0.9410240138516706,0.9421720693681965,32.3728079866392,-0.003686234106657027,-0.0037114760248592132,2.5241918202186225e-05,0.0025760414674343363,35.389035298054424,15.135496588943953,31.024864156401357,0.011733219027718464,0.9594945105130603,-1,214561.48,,False,False,False,True,False,False,True,False,True,True
APT_USDT_549b838d,APT/USDT,1h,BUY,2026-03-25 19:00:00+00:00,backtest,SL,-2.132,-2.332,False,7.0,atr,1.0751,1.05217878,1.0,0.3289483454012599,0.3289,True,24.39281477617389,0.1464271592057963,0.3,-0.020414,55.57881443027151,0.0,0.2241,,0.33466303686449755,True,bullish,False,0.0,False,False,bullish,1,range,0.3,47.0517448856799,stable,4,moderate,1.0759,1.078,1.0706,94534.0,1.0727062009433208,1.0691891210205136,1.0478464953724982,1.0717936869271267,1.068518033122565,55.57881443027151,0.0035170799228072536,0.0037367109747999117,-0.0002196310519926581,-0.0005708726962345007,24.39281477617389,20.65927368116139,12.292697759548952,0.015280812052341075,1.0518522838182653,1,421763.965,,False,False,True,False,False,False,False,True,False,True
APT_USDT_7e1a10c2,APT/USDT,1h,SELL,2026-03-27 10:00:00+00:00,backtest,TP,7.5509,7.3509,True,37.0,atr,1.0012,0.9256,4.15,-1.0,1.1865,True,33.378281118408765,0.44594270394695884,0.44594270394695884,-0.328064,20.792147877574067,-1.0,2.2782,,1.0,False,,False,0.0,False,False,bearish,1,trend,0.639638018640146,24.279835390946502,rising,5,moderate,0.9849,1.0066,0.9824,416486.0,1.0101388915383553,1.0221237591972403,1.0327748602784481,1.0173500034064569,1.0258461351169645,20.792147877574067,-0.011984867658884957,-0.00875376453229234,-0.0032311031265926174,-0.001357918741511639,33.378281118408765,6.982005147185868,34.51450755517945,0.012152886629785739,1.0253593569614325,-1,182811.74,,False,False,False,True,False,False,True,False,True,True
APT_USDT_073390ce,APT/USDT,1h,SELL,2026-04-02 12:00:00+00:00,backtest,TP,3.1544,2.9544,True,66.0,atr,0.8619,0.83471215,2.0,-1.0,1.3578,True,29.158068525867307,0.3052689508622436,0.3052689508622436,0.004241,28.723798247417886,0.0,4.4619,,0.7280199937147225,True,bullish,True,1.0,True,True,bullish,1,compression,0.6859772604223064,6.280454791553872,stable,4,moderate,0.8545,0.8628,0.8513,1467501.8,0.8621773278485426,0.8738842765709546,0.8894999994091553,0.8643708500909834,0.8758227042280501,28.723798247417886,-0.011706948722411958,-0.011743187075924826,3.6238353512867486e-05,0.00030945211561452836,29.158068525867307,11.772892856097966,29.973392698966027,0.009062615881660203,0.879579185366501,-1,328897.95,,False,False,False,True,False,False,True,False,True,True
APT_USDT_f8c69b4f,APT/USDT,1h,BUY,2026-04-08 01:00:00+00:00,backtest,SL,-1.8334,-2.0334,False,13.0,atr,0.8648,0.84894439,1.0,1.0,1.1881,True,32.18234791605778,0.40607826386859264,0.40607826386859264,0.418683,65.8930109287046,0.0,0.5308,,0.6106969062044689,False,,True,0.6,False,False,bearish,1,trend,0.619705798600963,22.22222222222222,rising,5,moderate,0.8659,0.8671,0.8598,122325.6,0.8551323990659581,0.8450922741200625,0.844217956154491,0.8520559416562317,0.8430115015320688,65.8930109287046,0.010040124945895568,0.006414747010132149,0.003625377935763419,0.004442382081912395,32.18234791605778,32.830041539354504,17.56261888424278,0.010570409268736267,0.8445071022312552,1,230433.68500000003,,False,False,True,False,False,False,False,True,False,True
APT_USDT_f69e5e7d,APT/USDT,1h,BUY,2026-04-13 21:00:00+00:00,backtest,TP,3.4561,3.2561,True,19.0,atr,0.8478,0.87710117,2.0,1.0,1.2176,True,33.80466013655094,0.46015533788503143,0.46015533788503143,0.058415,65.88844199572478,0.0,0.7431,,0.43614578127397297,True,bullish,True,0.8,False,False,bearish,2,range,0.3,21.22641509433962,stable,5,moderate,0.8552,0.8569,0.8421,2574898.7,0.8489688401216539,0.8387564736785778,0.8357831212790735,0.8471885087278406,0.8371121210464355,65.88844199572478,0.010212366443076104,0.009712804435575756,0.0004995620075003478,0.000613364249579482,33.80466013655094,24.904318736468497,14.000674204619173,0.009767057588287059,0.8307524078231299,1,3465162.580000001,,False,False,True,False,False,False,False,True,False,True
APT_USDT_f910a862,APT/USDT,1h,BUY,2026-04-16 15:00:00+00:00,backtest,TP,5.4404,5.2404,True,1.0,bos,0.9416,0.99282678,4.08,1.0,2.1211,True,41.11386792112038,0.7037955973706793,0.7037955973706793,0.412242,81.85129383035334,-1.0,1.6783,,1.0,True,bullish,False,0.0,False,False,bullish,1,expansion,1.0,68.75571820677035,rising,6,strong,0.9867,0.9878,0.9272,802294.5,0.940691010100652,0.9211522023968314,0.8951919011510518,0.9275455844151239,0.9145974226365146,81.85129383035334,0.01953880770382066,0.015471218971496928,0.004067588732323732,-0.0004892628267257025,41.11386792112038,46.67085314064464,9.739988678502263,0.017075594610094117,0.9095465274872987,1,478045.605,,False,False,True,False,True,False,True,True,False,True
APT_USDT_920e556a,APT/USDT,1h,BUY,2026-04-16 19:00:00+00:00,backtest,SL,-2.9135,-3.1135,False,39.0,atr,0.9829,0.95426327,1.0,1.0,2.8303,True,47.42536221849335,0.9141787406164449,0.9141787406164449,0.336578,74.8257662816055,-1.0,1.8978,,1.0,False,,False,0.0,False,False,bullish,1,expansion,1.0,76.89497716894978,rising,6,strong,0.9897,0.9922,0.9787,1057819.4,0.9667105494972816,0.940103047877079,0.9067631786554042,0.9601421350679336,0.9351433526647869,74.8257662816055,0.026607501620202645,0.02327639216240614,0.0033311094577965043,0.0033879449696387932,47.42536221849335,40.692651839550095,8.25116907260396,0.019091151021941335,0.9335418747385689,1,557386.44,,False,False,True,False,False,False,True,True,False,True
APT_USDT_c6faafd7,APT/USDT,1h,SELL,2026-04-19 22:00:00+00:00,backtest,SL,-1.7015,-1.9015,False,9.0,atr,0.9175,0.93311083,1.0,-0.7343379190996954,0.7343,True,24.127149600159754,0.13757165333865848,0.3,-0.180708,28.472329370410137,0.0,2.395,,0.5732795101344178,False,,False,0.0,False,False,ranging,0,range,0.3,27.108167770419428,rising,5,moderate,0.9117,0.9257,0.9083,418174.8,0.9251370573327465,0.931930689548384,0.9424914963208625,0.9289762165706741,0.9339537585032224,28.472329370410137,-0.006793632215637446,-0.005146115040468499,-0.0016475171751689473,-0.0006551854796642657,24.127149600159754,19.890079715476944,34.22206746883739,0.010407222232259048,0.9430471093097293,-1,174604.45499999996,,False,False,False,True,False,False,True,False,True,True
APT_USDT_fe5c4cfb,APT/USDT,1h,SELL,2026-04-27 10:00:00+00:00,backtest,SL,-1.3614,-1.5614,False,4.0,structural,0.9549,0.9679,1.0,-0.9473063210672419,0.9473,True,31.017693605176945,0.36725645350589814,0.36725645350589814,-0.241655,28.14115378796053,0.0,2.0508,,0.4412534639940284,True,bullish,True,0.8,False,False,bullish,1,compression,0.15132924335378328,16.973415132924334,rising,5,moderate,0.9562,0.9587,0.9535,558736.3,0.9625850196812578,0.9717036484183447,0.9722121788457745,0.9644093110187599,0.9732540132601791,28.14115378796053,-0.009118628737086909,-0.006807923913816723,-0.0023107048232701858,-0.00319213073923757,31.017693605176945,16.172124363885942,27.203460963736653,0.009028708397820672,0.9760839988077333,-1,272453.07999999996,,False,False,False,True,False,False,True,False,True,True
APT_USDT_996add52,APT/USDT,1h,SELL,2026-04-27 15:00:00+00:00,backtest,SL,-1.3296,-1.5296,False,9.0,structural,0.9552,0.9679,1.0,-0.8925887381044613,0.8926,True,27.36320969268153,0.24544032308938432,0.3,-0.050352,27.046383077482744,-1.0,2.036,,0.5355571047538765,True,bullish,True,0.8,False,False,bearish,2,range,0.3,24.93877551020408,falling,5,moderate,0.9455,0.9632,0.9382,687286.1,0.9570108422798507,0.9655530132804793,0.9694680780053853,0.960299654359808,0.9675583146085271,27.046383077482744,-0.008542171000628596,-0.008066094551354683,-0.0004760764492739121,0.0005693960779985987,27.36320969268153,17.02745626621236,30.416383885059275,0.009824580210537334,0.9760839988077333,-1,337573.44000000006,,False,False,False,True,False,True,True,False,True,True
APT_USDT_63cee535,APT/USDT,1h,BUY,2026-04-29 04:00:00+00:00,backtest,SL,-1.4343,-1.6343,False,4.0,atr,0.9897,0.97550441,1.0,0.7280955595749021,0.7281,True,20.700541802645755,0.023351393421525184,0.3,0.345626,78.55423904626403,-1.0,0.1283,,0.9747409363953281,False,,True,1.0,False,False,ranging,0,range,0.3,21.793325291515885,rising,5,moderate,0.996,0.9999,0.9891,184380.8,0.9773728741413634,0.9703081039225082,0.9677182884811053,0.9720508381817529,0.967738914314759,78.55423904626403,0.00706477021885521,0.0036223311096187966,0.003442439109236413,0.002410812311993271,20.700541802645755,35.3827999346441,11.014276524760897,0.009463729267734667,0.9709766128749561,1,1436878.9949999999,,False,False,True,False,False,False,False,True,False,True
APT_USDT_f93f2055,APT/USDT,1h,BUY,2026-04-30 03:00:00+00:00,backtest,SL,-1.0,-1.2,False,1.0,bos,1.0136,1.003464,1.0,1.0,1.376,True,20.152945001035697,0.005098166701189891,0.3,0.51894,71.52146562830579,0.0,0.2638,,0.7162580015179058,True,bullish,False,0.0,False,False,bearish,2,range,0.3,69.800796812749,rising,5,moderate,1.036,1.0373,1.0084,271924.6,1.006735565243058,0.9930705236756106,0.9818694713006654,0.9983742981696462,0.9887775760431716,71.52146562830579,0.013665041567447522,0.0082888200289458,0.005376221538501723,0.003996012866779617,20.152945001035697,32.622385412039385,14.715935374091744,0.01648723795170822,0.9779287730018749,1,1030621.8700000001,,False,False,True,False,False,False,False,True,False,True
APT_USDT_8198ff84,APT/USDT,1h,BUY,2026-05-06 02:00:00+00:00,backtest,TP,4.0044,3.8044,True,6.0,atr,1.0064,1.04669991,2.0,0.8521021051341134,0.8521,True,20.48061843255555,0.01602061441851828,0.3,0.286261,65.96153116748216,0.0,4.23,,0.7025769638634611,False,,True,1.0,False,False,ranging,0,range,0.3,55.25819826611384,rising,6,strong,1.0046,1.0131,0.9943,2387819.4,0.993707707932951,0.9853118449599119,0.9836997031661003,0.9905956244852228,0.9833830294559031,65.96153116748216,0.008395862973039181,0.005520083100646162,0.002875779872393019,0.0031304018648700502,20.48061843255555,27.908759816360735,10.344335719774206,0.013433301689603652,0.968485707200964,1,564493.4249999999,,False,False,True,False,False,False,True,True,False,True
APT_USDT_0f044ffa,APT/USDT,1h,BUY,2026-05-06 08:00:00+00:00,backtest,SL,-2.1677,-2.3677,False,6.0,atr,1.0265,1.00424868,1.0,1.0,1.638,True,34.14656723305908,0.47155224110196936,0.47155224110196936,0.327981,79.45669197961764,-1.0,0.3595,,1.0,False,,True,1.0,False,False,ranging,0,trend,0.6524427872176514,63.4072959759308,rising,5,moderate,1.0461,1.0468,1.0174,271737.4,1.017554096749411,1.0011555272778705,0.9909653135354751,1.0093981243921,0.9966610800056576,79.45669197961764,0.016398569471540503,0.012967559948837108,0.003431009522703395,0.0014849891989569992,34.14656723305908,34.949887524366346,6.429073416874158,0.014834216463683032,0.9929906985205876,1,755942.4299999999,,False,False,True,False,False,False,False,True,False,True
APT_USDT_963d000f,APT/USDT,1h,BUY,2026-05-06 21:00:00+00:00,backtest,SL,-1.5147,-1.7147,False,4.0,structural,1.0167,1.0013,1.0,0.35447736140161207,0.3545,True,27.76085357584911,0.2586951191949704,-0.3,-0.096517,58.314481493883065,0.0,2.1735,,0.36464558772700767,True,bullish,False,0.0,False,False,bullish,1,range,0.3,64.25898203592814,falling,4,moderate,1.0281,1.0328,1.0152,3515171.6,1.0206156091044851,1.0170105369877944,1.0039559957743034,1.0184772117057665,1.0159015906865738,58.314481493883065,0.0036050721166906996,0.0045973584451085596,-0.00099228632841786,-0.002517880590124758,27.76085357584911,24.508899698105157,15.392760004929965,0.015118049536619148,1.0503172760697173,-1,1617318.3100000003,,False,False,True,False,False,False,True,False,True,True
APT_USDT_8464bba3,APT/USDT,1h,BUY,2026-05-10 19:00:00+00:00,backtest,SL,-2.6414,-2.8414,False,2.0,atr,1.1852,1.1538937,1.0,1.0,2.6131,True,27.898621162261804,0.2632873720753935,0.3,0.914197,86.64310998661114,-1.0,1.6479,,1.0,False,,False,0.0,False,False,bearish,1,expansion,1.0,86.1532899493854,rising,6,strong,1.2178,1.2386,1.1742,1343661.9,1.1620258166009934,1.1324338574875343,1.106426306440157,1.1460903356298484,1.123897243236288,86.64310998661114,0.02959195911345902,0.01845887122207083,0.011133087891388192,0.009300765117183751,27.898621162261804,46.992758854402254,6.510207655146519,0.020870864626362083,1.1463035971193096,1,815357.045,,False,False,True,False,False,False,True,True,False,True
APT_USDT_feb10311,APT/USDT,1h,SELL,2026-05-15 05:00:00+00:00,backtest,TP,3.6869,3.4869,True,8.0,atr,1.0313,0.99327705,2.0,-0.7702928794702137,0.7703,True,24.118655854758845,0.13728852849196152,0.3,-0.517785,23.49073705636017,-1.0,1.8996,,1.0,False,,False,0.0,False,False,ranging,0,range,0.3,48.8857938718663,rising,5,moderate,1.01,1.0323,1.0088,707358.2,1.0385649922332592,1.0465649844171023,1.0584081609599454,1.046726418585619,1.0502214828588126,23.49073705636017,-0.007999992183843174,-0.0027703618279987558,-0.005229630355844419,-0.0033395176231169133,24.118655854758845,11.474017818453815,37.024465392424254,0.012674317200206363,1.0527902440408006,-1,372362.50499999995,,False,False,False,True,False,False,True,False,True,True
APT_USDT_1eecde0a,APT/USDT,1h,SELL,2026-05-16 09:00:00+00:00,backtest,TP,3.5056,3.3056,True,38.0,atr,0.9535,0.92007439,2.0,-1.0,1.7606,True,49.49537263576714,0.9831790878589046,0.9831790878589046,-0.268212,14.80533312831744,-1.0,1.6871,,1.0,False,,False,0.0,False,False,bearish,1,trend,0.9082562105961189,35.93103448275862,rising,5,moderate,0.9473,0.9583,0.9432,698653.7,0.9661143851394461,0.9831241338590876,1.0118992454061824,0.9714899237507164,0.9867065472449963,14.80533312831744,-0.01700974871964145,-0.01446897815387133,-0.0025407705657701195,-0.0020180306232936117,49.49537263576714,6.252517366819672,49.772148811676104,0.011141868606768293,0.978766399152175,-1,414111.64499999996,,False,False,False,True,False,False,True,False,True,True
APT_USDT_0f333dbd,APT/USDT,1h,BUY,2026-05-23 23:00:00+00:00,backtest,SL,-2.1726,-2.3726,False,14.0,atr,0.9686,0.94755622,1.0,1.0,1.2652,True,33.66110475733724,0.4553701585779081,0.4553701585779081,0.239436,59.42909124193372,0.0,1.3295,,0.6570054800692603,False,,True,1.0,False,False,ranging,0,trend,0.6443517459556207,60.415314730694355,rising,5,moderate,0.9698,0.9716,0.9656,1085844.1,0.9661039427267629,0.9540338871810181,0.9536428985587424,0.9650479263629809,0.95245727589912,59.42909124193372,0.012070055545744807,0.009748001630617077,0.00232205391512773,0.004003675790807664,33.66110475733724,34.46044775038497,18.035310748653465,0.01402918348025384,0.9502497210115821,1,816741.37,,False,False,True,False,False,False,False,True,False,True
APT_USDT_80c7713f,APT/USDT,1h,BUY,2026-05-26 10:00:00+00:00,backtest,SL,-1.8159,-2.0159,False,7.0,atr,0.9811,0.96328456,1.0,0.6601554441259581,0.6602,True,20.19554848199868,0.006518282733289383,0.3,0.22279,68.27304723400458,0.0,0.2678,,0.6528230935782391,False,,True,1.0,False,False,ranging,0,range,0.3,46.163642152180834,rising,5,moderate,0.9927,1.0,0.9755,289878.5,0.9779961134222769,0.9715821608929852,0.9644078213114696,0.9737950029714988,0.9694703769822838,68.27304723400458,0.006413952529291667,0.004202311881271251,0.002211640648020416,0.0012281344319539722,20.19554848199868,29.598669957705205,13.278092618249229,0.011876957662400543,0.9561546668294397,1,1082437.2149999999,,False,False,True,False,False,False,False,True,False,True
APT_USDT_4cd5f067,APT/USDT,1h,SELL,2026-05-28 14:00:00+00:00,backtest,SL,-2.5915,-2.7915,False,4.0,atr,0.9183,0.94209747,1.0,-1.0,1.1451,True,23.396965275468204,0.11323217584894014,0.3,0.148885,39.31169475753481,0.0,1.7935,,0.39645916173231543,True,bullish,True,1.0,False,False,bullish,1,range,0.3,71.09301597243972,falling,4,moderate,0.9148,0.9255,0.9027,1144260.7,0.9227991961557764,0.9333665215264615,0.9498412641561778,0.9250846807717126,0.9352231736791077,39.31169475753481,-0.010567325370685055,-0.011929329330086292,0.0013620039594012378,0.002471838402391808,23.396965275468204,18.535268915841918,28.446747959149803,0.01586498292465593,0.9451393070256476,-1,637989.3400000001,,False,False,False,True,False,False,True,False,True,True
APT_USDT_b8aef6d5,APT/USDT,1h,SELL,2026-06-03 20:00:00+00:00,backtest,TP,6.1987,5.9987,True,5.0,atr,0.8258,0.77461142,2.0,-1.0,1.4625,True,39.36021322078185,0.6453404406927283,0.6453404406927283,-0.473652,27.470174853011798,-1.0,1.9609,,0.8874185350448309,False,,False,0.0,False,False,bearish,1,trend,0.7393368870130308,76.93688303918636,rising,5,moderate,0.8064,0.8272,0.8024,409226.7,0.8302410709329217,0.8423837234140962,0.8685463762492995,0.8370528054851849,0.8459820957555059,27.470174853011798,-0.01214265248117452,-0.008323123804902912,-0.003819528676271609,-0.00251593080355386,39.36021322078185,10.232809415883855,32.41827279200463,0.017062858645962884,0.8581992334024066,-1,208688.21,,False,False,False,True,False,False,True,False,True,True
APT_USDT_6c81f260,APT/USDT,1h,SELL,2026-06-05 03:00:00+00:00,backtest,TP,7.379,7.179,True,12.0,atr,0.7199,0.66677831,2.0,-1.0,2.3023,True,37.42890938281799,0.580963646093933,0.580963646093933,-0.363093,28.927412294280078,0.0,2.2303,,0.8323823632896941,False,,False,0.0,False,False,bearish,1,trend,0.7071484897136332,78.30468286899823,rising,5,moderate,0.7208,0.7316,0.7163,562204.9,0.7402727431085668,0.7573161980431172,0.7956464590440486,0.7458363839967288,0.760967817847429,28.927412294280078,-0.017043454934550395,-0.014426277233304356,-0.0026171777012460387,-0.002013745468018812,37.42890938281799,12.307309084974435,33.116868167216786,0.01770723139416914,0.7674730692236261,-1,252073.07000000004,,False,False,False,True,False,False,True,False,True,True
APT_USDT_2b5874c6,APT/USDT,1h,SELL,2026-06-09 01:00:00+00:00,backtest,SL,-1.5538,-1.7538,False,3.0,structural,0.65,0.6601,1.0,-0.6176310367232277,0.6176,True,22.426385397309417,0.08087951324364724,0.3,-0.619844,30.871511462125444,0.0,1.2923,,0.5491161267313944,True,bullish,True,1.0,True,True,bullish,1,range,0.3,32.324106113033444,falling,4,moderate,0.6519,0.6544,0.6477,254989.6,0.6667525267022574,0.6708705972453068,0.6736127801693585,0.6709961057600452,0.6727676569698375,30.871511462125444,-0.004118070543049468,-7.730745177505116e-05,-0.004040763091274417,-0.0037146253036544896,22.426385397309417,18.5214132537606,32.24931642204546,0.01065498094289008,0.6777396668473524,-1,197314.93500000003,,False,False,False,True,False,False,False,False,True,True
APT_USDT_e4d63f3e,APT/USDT,1h,BUY,2026-06-15 13:00:00+00:00,backtest,SL,-1.9091,-2.1091,False,6.0,atr,0.7023,0.68889213,1.0,1.0,1.5488,True,32.592716201341716,0.41975720671139055,0.41975720671139055,0.311398,82.01461320697805,-1.0,2.2148,,1.0,False,,True,0.8,False,False,ranging,0,compression,0.2204746136865342,15.590507726269315,rising,6,strong,0.7101,0.7135,0.6976,575105.3,0.6920120351392228,0.6814578092325194,0.6707616388456228,0.6868440451790008,0.6785935901557715,82.01461320697805,0.010554225906703407,0.008342991840754883,0.002211234065948524,0.0010130802154486775,32.592716201341716,37.18273501044009,10.54825997643014,0.008938578105288551,0.6822512897357479,1,259669.00500000003,,False,False,True,False,False,False,True,True,False,True
ARB_USDT_8f376a87,ARB/USDT,1h,BUY,2026-01-17 12:00:00+00:00,backtest,TP,3.0938,2.8938,True,3.0,bos,0.2141,0.2207239,2.31,0.9389573866466954,0.939,True,23.951878501489844,0.1317292833829948,0.3,0.129898,66.45244671510517,0.0,1.2395,,0.5302842016197062,True,bullish,True,0.8,False,False,bearish,2,range,0.3,38.297872340425535,rising,5,moderate,0.2162,0.2164,0.213,1442019.8,0.21392784582173277,0.21193783981964676,0.2113594204538686,0.2132786589136564,0.21151162380161145,66.45244671510517,0.0019900060020860144,0.0017091657109640649,0.00028084029112194955,0.0001982895466418669,23.951878501489844,25.366966503842903,12.109861463350246,0.002207966450112027,0.21007470769373277,1,1163403.175,,False,False,True,False,False,False,False,True,False,True
ARB_USDT_82c9cc03,ARB/USDT,1h,SELL,2026-01-19 00:00:00+00:00,backtest,TP,6.6845,6.4845,True,46.0,atr,0.1942,0.18121863,2.0,-1.0,1.5277,True,25.814644436404894,0.19382148121349646,0.3,-1.320111,16.759262706798115,-1.0,8.9277,,1.0,False,,False,0.0,True,True,ranging,0,expansion,1.0,100.0,rising,5,moderate,0.1931,0.206,0.1854,24355655.4,0.21048626834911316,0.213701838007056,0.21400590010865292,0.2154537735917169,0.2157620218077616,16.759262706798115,-0.0032155696579428406,-0.0006664351194093012,-0.0025491345385335396,-0.0009163803659021613,25.814644436404894,12.357032242501496,59.11034548396398,0.004327121948407574,0.2085252195862198,-1,2728091.1900000004,,False,False,False,True,False,False,True,False,True,True
ARB_USDT_6bcb563b,ARB/USDT,1h,SELL,2026-01-22 11:00:00+00:00,backtest,TP,4.6953,4.4953,True,75.0,structural,0.1807,0.1722156,4.7,-0.8759421156945049,0.8759,True,20.160948742330188,0.005364958077672928,0.3,-0.195402,38.45896350720103,0.0,0.4221,,0.616822283560523,True,bullish,True,0.8,True,True,bullish,1,range,0.3,69.27710843373494,rising,4,moderate,0.1805,0.182,0.18,1775096.7,0.18237599352019446,0.18397350165635412,0.186934911727313,0.18291199166882147,0.18432085182198954,38.45896350720103,-0.0015975081361596644,-0.0012448084281758598,-0.00035269970798380455,-0.0003404015789841158,20.160948742330188,16.476605654128836,31.897162743141912,0.002828132571084948,0.1877420243421625,-1,4205188.365,,False,False,False,True,False,False,False,False,True,True
ARB_USDT_e4e139e5,ARB/USDT,1h,SELL,2026-01-25 19:00:00+00:00,backtest,SL,-2.0303,-2.2303,False,6.0,atr,0.1671,0.17049256,1.0,-1.0,1.7495,True,34.688979005944304,0.4896326335314768,0.4896326335314768,-0.573241,13.197374132612127,-1.0,1.9207,,1.0,False,,False,0.0,False,False,bearish,1,expansion,1.0,34.146341463414636,rising,5,moderate,0.1643,0.1678,0.163,5507940.9,0.1696776855871912,0.172646202730899,0.175520175867729,0.17121416718353155,0.17348082300398893,13.197374132612127,-0.0029685171437077995,-0.0020266822759195963,-0.0009418348677882032,-0.00071089097843188,34.688979005944304,5.541087661786646,41.926039164193924,0.0022617092737773317,0.17160589237854068,-1,2867711.335,,False,False,False,True,False,False,True,False,True,True
ARB_USDT_a0c6f3d0,ARB/USDT,1h,SELL,2026-01-31 16:00:00+00:00,backtest,TP,5.5027,5.3027,True,1.0,atr,0.1416,0.13380819,2.0,-1.0,2.8959,True,63.24835186970178,1.0,1.0,-0.672811,9.95328817268861,-1.0,2.3101,,1.0,True,bullish,True,0.8,False,False,bearish,2,expansion,1.0,69.50904392764858,rising,5,moderate,0.1408,0.1437,0.1403,6457674.4,0.1453246693362784,0.14953311336119005,0.1546713974421368,0.14661743200378652,0.15040642469730905,9.95328817268861,-0.004208444024911634,-0.0032611266313811644,-0.0009473173935304695,-0.0010015247589066066,63.24835186970178,2.695627537572506,44.86037896100052,0.002597269978753763,0.14872323494334877,-1,2795432.8400000003,,False,False,False,True,False,False,True,False,True,True
ARB_USDT_64bb8dbf,ARB/USDT,1h,SELL,2026-01-31 17:00:00+00:00,backtest,TP,6.6241,6.4241,True,1.0,atr,0.1364,0.12736475,2.0,-1.0,3.5255,True,65.31439775018714,1.0,1.0,-0.877051,6.800626322420616,-1.0,4.859,,1.0,True,bullish,True,0.8,False,False,bearish,2,expansion,1.0,90.20618556701031,rising,5,moderate,0.136,0.1415,0.1331,17372468.3,0.14325252059488322,0.14830283032835456,0.15400456181920333,0.1453246693362784,0.14953311336119005,6.800626322420616,-0.005050309733471342,-0.0038575209987445572,-0.0011927887347267848,-0.0009473173935304695,65.31439775018714,2.1586054907389225,52.999281060789436,0.003011750694557065,0.14552982030411246,-1,3575352.6300000004,,False,False,False,True,False,False,True,False,True,True
ARB_USDT_be622787,ARB/USDT,1h,SELL,2026-01-31 18:00:00+00:00,backtest,SL,-3.9797,-4.1797,False,9.0,atr,0.1361,0.14151637,1.0,-1.0,4.132,True,67.37554913135952,1.0,1.0,-0.984011,5.856017283226463,-1.0,3.7388,,1.0,True,bullish,True,0.8,False,False,bearish,2,expansion,1.0,97.17223650385604,rising,5,moderate,0.1338,0.1371,0.1257,16255818.1,0.14115196046268697,0.14698439120759507,0.15328297032566035,0.14325252059488322,0.14830283032835456,5.856017283226463,-0.005832430744908107,-0.0045158242474657405,-0.0013166064974423665,-0.0011927887347267848,67.37554913135952,1.6718248863373046,55.68574562800411,0.00361091135923156,0.14165683827370126,-1,4347855.5,,False,False,False,True,False,False,True,False,True,True
ARB_USDT_a9f40c72,ARB/USDT,1h,SELL,2026-02-01 06:00:00+00:00,backtest,TP,10.7244,10.5244,True,60.0,atr,0.1408,0.1257,3.81,-1.0,1.3134,True,64.60325027987174,1.0,1.0,0.368989,38.51285520577992,0.0,0.1752,,1.0,True,bullish,True,0.8,False,False,bearish,2,range,0.3,72.56857855361596,falling,3,weak,0.1397,0.141,0.1392,1040852.2,0.14017614179574872,0.14201723199286073,0.148382251217675,0.14031218230881978,0.1422489551921468,38.51285520577992,-0.0018410901971120108,-0.0023565680752651876,0.0005154778781531768,0.0006775341310147499,64.60325027987174,10.822547909226877,37.59661730498507,0.002639762557439051,0.14165683827370126,-1,5941142.135,,False,False,False,True,False,False,False,False,True,True
ARB_USDT_be958b5b,ARB/USDT,1h,SELL,2026-02-03 18:00:00+00:00,backtest,SL,-2.965,-3.165,False,1.0,atr,0.1255,0.12922103,1.0,-1.0,2.3802,True,38.684547718561724,0.6228182572853908,0.6228182572853908,-0.999056,16.99321889196717,-1.0,1.8072,,1.0,False,,False,0.0,True,True,ranging,0,expansion,1.0,57.04989154013015,rising,5,moderate,0.1242,0.1267,0.124,9742558.7,0.1304306666033948,0.13353518049031898,0.1365718014082668,0.1322108570615076,0.1344686985393509,16.99321889196717,-0.003104513886924176,-0.0018636858021811261,-0.00124082808474305,-0.001014569718033702,38.684547718561724,6.655327790945672,40.91461120769698,0.002480689457810515,0.13181699188037393,-1,5390820.705,,False,False,False,True,False,False,True,False,True,True
ARB_USDT_7d7ba407,ARB/USDT,1h,SELL,2026-02-04 21:00:00+00:00,backtest,TP,6.6198,6.4198,True,14.0,atr,0.1305,0.1218611,2.0,-0.8430992714849604,0.8431,True,20.681153370894386,0.022705112363146186,0.3,-0.277397,33.46975144076835,0.0,0.6757,,0.6147847884686033,False,,True,0.8,True,True,bearish,1,range,0.3,84.01639344262296,rising,4,moderate,0.1285,0.1315,0.1271,3278420.6,0.13111652133834115,0.13222196377454112,0.13398498809041873,0.13186409886358147,0.13259416015199524,33.46975144076835,-0.001105442436199977,-0.0007489867475487478,-0.00035645568865122924,-0.00015930238519063606,20.681153370894386,10.950749186617115,26.320368898332198,0.002879633710349382,0.13681687906206028,-1,4851985.400000001,,False,False,False,True,False,False,False,False,True,True
ARB_USDT_518f039d,ARB/USDT,1h,SELL,2026-02-05 11:00:00+00:00,backtest,TP,6.6679,6.4679,True,4.0,atr,0.123,0.11479844,2.0,-1.0,1.7226,True,39.91509982137824,0.663836660712608,0.663836660712608,-0.035743,28.327633186912394,0.0,1.9344,,0.8292925035024953,False,,True,0.8,False,False,bearish,1,range,0.3,75.4980079681275,falling,5,moderate,0.123,0.1247,0.1212,12804499.6,0.12505248880503653,0.12720669019709077,0.13066720235355214,0.12563891417790413,0.12762735921679985,28.327633186912394,-0.0021542013920542447,-0.002110237035478442,-4.396435657580281e-05,9.98098182948149e-05,39.91509982137824,8.343376751818761,29.075689339381146,0.0027338533520539204,0.12979581830338074,-1,6619296.530000001,,False,False,False,True,False,True,True,False,True,True
ARB_USDT_4b2c6407,ARB/USDT,1h,SELL,2026-02-05 15:00:00+00:00,backtest,TP,8.0828,7.8828,True,5.0,atr,0.1179,0.10837041,2.0,-1.0,2.6274,True,43.42655181425387,0.780885060475129,0.780885060475129,-0.515689,13.951854432316635,-1.0,2.3992,,1.0,False,,True,0.8,False,False,ranging,0,expansion,1.0,91.89723320158103,rising,5,moderate,0.116,0.1227,0.1134,17003499.2,0.12185691596111763,0.1250585958589514,0.1293019262578973,0.12353032052143695,0.12596445544484655,13.951854432316635,-0.0032016798978337785,-0.002603480881664238,-0.0005981990161695403,-0.00012975354983013523,43.42655181425387,7.799453561642413,37.49284162227626,0.0031765302370890254,0.12645324138884811,-1,7087156.585000001,,False,False,False,True,False,False,True,False,True,True
ARB_USDT_35cb2a6d,ARB/USDT,1h,SELL,2026-02-05 20:00:00+00:00,backtest,TP,9.6041,9.4041,True,4.0,atr,0.112,0.10124337,2.0,-1.0,4.7447,True,52.144514563056234,1.0,1.0,-0.829313,12.84913132097367,-1.0,1.5407,,1.0,False,,False,0.0,False,False,ranging,0,expansion,1.0,97.65166340508806,rising,5,moderate,0.1086,0.1135,0.106,15267358.4,0.11491806104351476,0.1203705980459304,0.12657408075152296,0.11672322134166185,0.12154765785052345,12.84913132097367,-0.0054525370024156306,-0.0045519032526631035,-0.0009006337497525271,-0.0007228501310747532,52.144514563056234,4.770225082478404,39.67815789803105,0.003585542559126212,0.11935277500770092,-1,9909309.459999999,,False,False,False,True,False,False,True,False,True,True
ARB_USDT_001d5afa,ARB/USDT,1h,SELL,2026-02-08 16:00:00+00:00,backtest,TP,6.6965,6.4965,True,18.0,atr,0.1173,0.109445,3.03,-0.49679061428541255,0.4968,True,20.924551811128197,0.030818393704273226,0.3,-0.286894,27.797921339808976,-1.0,2.2459,,0.378550393864042,False,,True,0.8,False,False,ranging,0,compression,0.5854922279792746,8.290155440414509,rising,5,moderate,0.1151,0.118,0.1147,3739106.2,0.11786421145021447,0.11844974979030065,0.11875593336380454,0.11865398615027575,0.11878472476933072,27.797921339808976,-0.000585538340086178,-0.0002553238184619878,-0.0003302145216241902,-4.0522061405072585e-05,20.924551811128197,17.06744358135148,26.53120342795253,0.0017272887263452277,0.12058795184239769,-1,1664846.85,,False,False,False,True,False,False,True,False,True,True
ARB_USDT_e1ce52d3,ARB/USDT,1h,SELL,2026-02-11 15:00:00+00:00,backtest,SL,-2.5318,-2.7318,False,1.0,atr,0.1055,0.10817104,1.0,-0.7823247512963196,0.7823,True,22.395402314990093,0.07984674383300311,0.3,0.043061,41.48385172968539,0.0,2.4503,,-0.26068228980627095,False,,True,0.6,False,False,ranging,0,compression,0.09999999999999998,18.0,falling,3,weak,0.1069,0.1071,0.1048,3542192.5,0.10738960509661893,0.10822974055760916,0.11028558788298497,0.10752949226708149,0.10836271461337008,41.48385172968539,-0.000840135460990224,-0.0008861674997690162,4.603203877879224e-05,7.596117286982266e-05,22.395402314990093,26.829407461653666,20.312350216496892,0.0017806939379577127,0.10962699844778431,-1,1445595.5550000002,,False,False,False,True,False,False,True,False,True,True
ARB_USDT_c168f7dc,ARB/USDT,1h,SELL,2026-02-11 16:00:00+00:00,backtest,SL,-2.5549,-2.7549,False,12.0,atr,0.1084,0.11116954,1.0,-0.8712187009195934,0.8712,True,22.527020493713565,0.08423401645711882,0.3,-0.02949,37.265541276921056,0.0,1.6363,,-0.4655704276544087,False,,True,0.8,False,False,ranging,0,expansion,1.0,20.276497695852534,stable,3,weak,0.1061,0.1086,0.1059,2486162.8,0.10710302618625918,0.10803612777964468,0.11013610260144979,0.10738960509661893,0.10822974055760916,37.265541276921056,-0.0009331015933854991,-0.0009018121976411772,-3.128939574432196e-05,4.603203877879224e-05,22.527020493713565,29.829931128413925,18.190670437053708,0.0018463586566750197,0.10962699844778431,-1,1519396.05,,False,False,False,True,False,True,True,False,True,True
ARB_USDT_a607a06c,ARB/USDT,1h,SELL,2026-02-12 20:00:00+00:00,backtest,SL,-1.9196,-2.1196,False,3.0,structural,0.1094,0.1115,1.0,-0.27140207840838476,0.2714,True,21.27261268543626,0.04242042284787537,0.3,-0.195807,41.57273549725996,0.0,0.7736,,-0.3480588400597993,False,,True,1.0,False,False,ranging,0,range,0.3,21.944035346097202,rising,3,weak,0.1087,0.1103,0.1086,1068749.0,0.10954586952909257,0.10984317929580506,0.11004717936568582,0.10978754653740472,0.10995749722538557,41.57273549725996,-0.00029730976671249465,-8.446713877375697e-05,-0.00021284262793873766,-0.00019190486317646673,21.27261268543626,22.321195512911576,13.619724511416592,0.0018494544686676467,0.11315004917019025,-1,1381502.53,,False,False,False,True,False,False,False,False,True,True
ARB_USDT_50b47f8b,ARB/USDT,1h,SELL,2026-02-15 20:00:00+00:00,backtest,SL,-2.2602,-2.4602,False,16.0,atr,0.1134,0.11596307,1.0,-1.0,1.6375,True,39.532144088893105,0.6510714696297701,0.6510714696297701,-0.150978,33.832255310091874,0.0,0.7517,,0.8158267614833505,False,,True,1.0,False,False,ranging,0,trend,0.7422024014815518,20.63914780292943,rising,4,moderate,0.1137,0.1139,0.1124,1043138.4,0.11433364872813363,0.11620580676607456,0.11625037659470752,0.11451469122188611,0.11645638744268201,33.832255310091874,-0.001872158037940927,-0.00170049636476741,-0.00017166167317351697,-0.0003270306926152506,39.532144088893105,9.148713451412522,29.544382488496286,0.0017087105912868515,0.11719523297957528,-1,1387757.7399999998,,False,False,False,True,False,False,False,False,True,True
ARB_USDT_ec23e829,ARB/USDT,1h,BUY,2026-02-27 07:00:00+00:00,backtest,TP,5.1663,4.9663,True,1.0,atr,0.1043,0.10968849,2.0,1.0,2.0074,True,27.281580388114037,0.2427193462704679,0.3,0.613425,81.29587306730186,-1.0,1.6854,,1.0,False,,False,0.0,False,False,bearish,1,trend,0.5380263398019006,45.02923976608187,rising,6,strong,0.1072,0.1076,0.1036,2452652.6,0.10327921277793567,0.10124679774163609,0.09913696166975766,0.10215898785734587,0.1006514775157997,81.29587306730186,0.002032415036299584,0.001374823406693497,0.000657591629606087,0.00046148274965571645,27.281580388114037,38.84485785591531,9.882782592800474,0.0017961649118554547,0.10100537890974476,1,1455213.5749999997,,False,False,True,False,False,False,True,True,False,True
ARB_USDT_54015e5a,ARB/USDT,1h,BUY,2026-02-27 08:00:00+00:00,backtest,SL,-2.8115,-3.0115,False,3.0,atr,0.1088,0.10574106,1.0,1.0,2.8773,True,30.386363167913565,0.34621210559711885,0.34621210559711885,0.935158,87.34147141774437,-1.0,4.6007,,1.0,False,,False,0.0,False,False,bearish,1,expansion,1.0,54.52775073028238,rising,6,strong,0.1116,0.112,0.1068,8263483.7,0.10512827660506108,0.10218799794694189,0.09958207018155203,0.10327921277793567,0.10124679774163609,87.34147141774437,0.0029402786581191886,0.0018966418238353943,0.0010436368342837943,0.000657591629606087,30.386363167913565,47.18130408768752,8.082775218226606,0.0020392959895800646,0.1039648410187703,1,1796141.975,,False,False,True,False,False,False,True,True,False,True
ARB_USDT_4d088abc,ARB/USDT,1h,SELL,2026-02-28 06:00:00+00:00,backtest,TP,6.3897,6.1897,True,4.0,structural,0.0982,0.09192536,2.32,-1.0,1.7629,True,23.361056713872884,0.11203522379576279,0.3,-0.53732,24.711543212259258,-1.0,2.8469,,1.0,False,,False,0.0,False,False,ranging,0,range,0.3,56.7206863679695,rising,5,moderate,0.0933,0.099,0.093,6032487.4,0.09809873128260303,0.09982815355547214,0.10000359999444598,0.09946979736334677,0.10048096891101935,24.711543212259258,-0.0017294222728691105,-0.001228102785521499,-0.0005013194873476116,-3.372850582488611e-05,23.361056713872884,12.420913670625366,38.70150047866559,0.0020915459595193682,0.10128101839854338,-1,2118986.63,,False,False,False,True,False,False,True,False,True,True
ARB_USDT_af5cad9c,ARB/USDT,1h,BUY,2026-03-01 07:00:00+00:00,backtest,SL,-2.275,-2.475,False,10.0,structural,0.1011,0.0988,1.0,1.0,1.9461,True,30.60844288525968,0.35361476284198934,0.35361476284198934,0.033522,63.4355168116619,0.0,0.8919,,0.39125835880201065,True,bullish,False,0.0,False,False,bearish,2,range,0.3,59.40409683426443,falling,5,moderate,0.1022,0.1023,0.1005,1544691.0,0.10128161768306239,0.09934818876504363,0.09872404361498875,0.10101922273536593,0.099063007641548,63.4355168116619,0.0019334289180187592,0.0018991691304699324,3.425978754882674e-05,7.417585712240398e-05,30.60844288525968,26.035512671593175,16.254053701542908,0.002160260148032678,0.0975904403174833,1,1731908.17,,False,False,True,False,False,False,False,True,False,True
ARB_USDT_70adc172,ARB/USDT,1h,BUY,2026-03-04 15:00:00+00:00,backtest,SL,-1.9417,-2.1417,False,25.0,structural,0.103,0.101,1.0,0.6734194125775365,0.6734,True,20.810426806422193,0.027014226880739754,0.3,0.13227,66.85468062666791,0.0,1.6008,,0.4782887846890167,True,bullish,False,0.0,False,False,bullish,1,range,0.3,50.34662045060658,falling,6,strong,0.1061,0.1061,0.1028,2814869.6,0.1038623679841653,0.10316761722229667,0.10219421822254944,0.10322304455106968,0.10287437894452635,66.85468062666791,0.0006947507618686316,0.0005544122111480499,0.0001403385507205817,-0.00013557732924443153,20.810426806422193,23.507692652571723,11.550473035346306,0.0019643596101463234,0.10037987739177355,1,1758396.8250000002,,False,False,True,False,True,False,True,True,False,True
ARB_USDT_54882aae,ARB/USDT,1h,BUY,2026-03-11 16:00:00+00:00,backtest,SL,-2.1847,-2.3847,False,11.0,atr,0.1008,0.09859786,1.0,0.8786247205551939,0.8786,True,24.32773402349815,0.14425780078327163,0.3,0.261605,66.08586258480108,0.0,0.1982,,0.3909301579317689,True,bullish,False,0.0,False,False,bearish,2,expansion,1.0,22.146636432350718,rising,5,moderate,0.1016,0.1019,0.1003,2101287.8,0.1004322003575273,0.09955746386881806,0.09892054941523808,0.1000985433168208,0.09935321025569986,66.08586258480108,0.0008747364887092407,0.0006089459157881555,0.00026579057292108515,0.00026928243179332953,24.32773402349815,24.489999581569244,14.716745633275021,0.0014680923897726764,0.09848106171411224,1,10600069.975000003,,False,False,True,False,False,False,False,True,False,True
ARB_USDT_e81d94f5,ARB/USDT,1h,BUY,2026-03-15 22:00:00+00:00,backtest,TP,3.131,2.931,True,5.0,bos,0.1028,0.10601868,3.13,0.6274338748344558,0.6274,True,29.140244813030076,0.3046748271010025,0.3046748271010025,0.216591,72.36783355637019,-1.0,17.3603,,0.7625804898347218,True,bullish,False,0.0,False,False,bullish,1,compression,0.743859649122807,5.12280701754386,rising,6,strong,0.1042,0.1045,0.1023,399977472.0,0.1027803280094762,0.10213947037278087,0.10172646531526659,0.10237470744075511,0.10193341741005896,72.36783355637019,0.00064085763669533,0.00041517004804268384,0.00022568758865264618,0.0001389637769797901,29.140244813030076,26.436801579498137,7.372289333630091,0.0010728929862985999,0.10061395377242778,1,23039717.45,,False,False,True,False,False,False,True,True,False,True
ARB_USDT_436067f0,ARB/USDT,1h,BUY,2026-03-16 16:00:00+00:00,backtest,TP,3.9864,3.7864,True,6.0,atr,0.1071,0.11136944,2.0,1.0,1.1577,True,54.40903241273167,1.0,1.0,-0.130551,68.4861402148117,0.0,0.0522,,0.6917291354992731,True,bullish,False,0.0,True,True,bullish,1,range,0.3,25.155925155925157,falling,4,moderate,0.1087,0.109,0.1065,1633299.5,0.10769968995519953,0.10646709364108808,0.10432971056780536,0.10741388708525654,0.1062438030051969,68.4861402148117,0.0012325963141114477,0.0013745051103868512,-0.00014190879627540352,-0.00027537542846491157,54.40903241273167,25.59939155766324,8.306163170181412,0.0014231468117888604,0.10514116999645617,1,31296981.285000004,,False,False,True,False,False,False,False,True,False,True
ARB_USDT_7105b84c,ARB/USDT,1h,SELL,2026-03-19 10:00:00+00:00,backtest,TP,3.4945,3.2945,True,61.0,atr,0.1009,0.09737402,2.0,-1.0,1.0989,True,29.596188490332075,0.31987294967773583,0.31987294967773583,-0.042927,31.536898999305173,0.0,2.6173,,0.4354855523737748,True,bearish,False,0.0,False,False,bullish,2,compression,0.5659377070907886,8.681245858184228,rising,5,moderate,0.1003,0.1014,0.1003,3202556.1,0.10123116229259081,0.10234358148224076,0.10422046183760292,0.10149720866190247,0.10254793963046485,31.536898999305173,-0.001112419189649952,-0.001069363710070277,-4.305547957967498e-05,-2.894998281943468e-06,29.596188490332075,14.892720507003174,25.779859316347544,0.0011753269516744742,0.10325565608945896,-1,1223617.215,,False,False,False,True,False,False,True,False,True,True
ARB_USDT_fda7d251,ARB/USDT,1h,BUY,2026-03-24 05:00:00+00:00,backtest,TP,4.3254,4.1254,True,31.0,atr,0.0958,0.09994373,2.0,0.7128116954279425,0.7128,True,26.616381435420966,0.2205460478473655,0.3,-0.039708,58.930037049730785,0.0,0.5737,,0.3446345756342915,True,bullish,False,0.0,False,False,bullish,1,range,0.3,29.064039408866993,falling,4,moderate,0.0967,0.0968,0.0957,906657.5,0.09623367563887995,0.09555256577475602,0.09554254104690946,0.09610044010713137,0.09543782235223162,58.930037049730785,0.0006811098641239383,0.0007195073145935766,-3.839745046963839e-05,-7.608828492865162e-05,26.616381435420966,21.99028817246128,13.374423781603992,0.0013812436719843378,0.09309639601289116,1,1580298.145,,False,False,True,False,False,False,False,True,False,True
ARB_USDT_99e8fe86,ARB/USDT,1h,SELL,2026-03-26 12:00:00+00:00,backtest,SL,-1.4374,-1.6374,False,1.0,atr,0.0938,0.09514831,1.0,-1.0,1.5081,True,32.37281668160329,0.4124272227201097,0.4124272227201097,-0.141679,20.271939395004203,-1.0,3.9694,,0.7651773326148303,True,bullish,True,0.8,False,False,bullish,1,compression,0.8838594401429423,2.3228111971411556,rising,5,moderate,0.094,0.0943,0.0936,6774734.6,0.09467540941106449,0.09610321988345995,0.0967690379797625,0.09486838352851149,0.09631354187180594,20.271939395004203,-0.0014278104723954577,-0.0012946318591145795,-0.0001331786132808782,-0.00021711579082031,32.37281668160329,9.166692727323305,28.296126042694063,0.000898871338739875,0.09606728631841527,-1,1706732.0250000001,,False,False,False,True,False,False,True,False,True,True
ARB_USDT_38259dde,ARB/USDT,1h,BUY,2026-03-30 11:00:00+00:00,backtest,SL,-1.6361,-1.8361,False,6.0,atr,0.0924,0.09088822,1.0,1.0,1.1083,True,21.944063609168058,0.06480212030560194,0.3,0.078393,65.78904089948409,0.0,6.693,,0.6746797138865844,False,,True,1.0,False,False,ranging,0,compression,0.3602029312288614,12.795941375422773,stable,6,strong,0.0925,0.0934,0.0921,13886081.2,0.09187091167553492,0.09086385141633578,0.09061026510930177,0.09169117215425919,0.09070023655796937,65.78904089948409,0.0010070602591991384,0.0009345468951509207,7.251336404821775e-05,9.264538316300971e-05,21.944063609168058,35.355392461723405,18.488399614558794,0.0010078565069501708,0.09027607684125694,1,2074732.295,,False,False,True,False,False,False,True,True,False,True
ARB_USDT_a84bfddc,ARB/USDT,1h,BUY,2026-04-07 22:00:00+00:00,backtest,TP,4.054,3.854,True,6.0,atr,0.0993,0.10332558,2.0,1.0,1.8121,True,25.82987334601512,0.19432911153383733,0.3,0.865633,87.84868769680845,-1.0,1.989,,1.0,False,,False,0.0,False,False,ranging,0,expansion,1.0,38.998482549317146,rising,6,strong,0.1022,0.1022,0.0989,2668268.9,0.09743971621208972,0.09570545441630277,0.09468939966400994,0.09607963512982963,0.09505599985793305,87.84868769680845,0.001734261795786951,0.000849585181214661,0.00088467661457229,0.0006163883979680676,25.82987334601512,46.44608753352258,11.28998487453789,0.0013418610589103464,0.09684823192576236,1,1341492.495,,False,False,True,False,False,False,True,True,False,True
ARB_USDT_01217ece,ARB/USDT,1h,BUY,2026-04-08 19:00:00+00:00,backtest,TP,4.1916,3.9916,True,2.0,structural,0.1002,0.1044,4.19,0.3124473814003614,0.3124,True,25.848667999843578,0.19495559999478593,-0.3,-0.21288,52.92357858360884,0.5,1.2488,,0.037548147486269695,True,bullish,False,0.0,False,False,bullish,1,range,0.3,34.034034034034036,falling,4,moderate,0.1012,0.1014,0.0999,1525598.2,0.10100368061053755,0.1006890802160464,0.0984337464326679,0.10094758935640541,0.10063798823765105,52.92357858360884,0.0003146003944911463,0.0005300345216470702,-0.00021543412715592394,-0.0003281504664706719,25.848667999843578,22.24569126790464,21.306987580747897,0.0012842542902154468,0.1033985795396737,-1,1221632.29,,False,False,True,False,False,False,False,False,True,True
ARB_USDT_a91a4a2b,ARB/USDT,1h,BUY,2026-04-08 21:00:00+00:00,backtest,SL,-2.0881,-2.2881,False,3.0,atr,0.1037,0.10153465,1.0,0.8860909818399093,0.8861,True,26.005309725463032,0.20017699084876775,0.3,0.253794,71.38077980470139,0.0,1.8984,,0.8049418126574936,True,bullish,False,0.0,False,False,bullish,1,expansion,1.0,46.85,rising,6,strong,0.1051,0.1054,0.1019,2484814.2,0.10210346111007826,0.10120667786450115,0.09879808820078431,0.1012473071415292,0.10081734565095127,71.38077980470139,0.0008967832455771124,0.0006300456449417203,0.0002667376006353921,-6.671535404609221e-05,26.005309725463032,36.46787096154713,16.344325645109787,0.0014435661992163791,0.09987025159085626,1,1308923.385,,False,False,True,False,True,False,True,True,False,True
ARB_USDT_f327da75,ARB/USDT,1h,BUY,2026-04-09 17:00:00+00:00,backtest,TP,4.3582,4.1582,True,5.0,atr,0.1032,0.1076977,2.0,0.44744473269303675,0.4474,True,22.02291978132114,0.0674306593773713,-0.3,0.135503,59.048680795278536,0.0,1.0038,,0.6479754332566634,True,bullish,False,0.0,False,False,bullish,1,range,0.3,50.24752475247525,rising,4,moderate,0.1031,0.1034,0.1024,1623060.4,0.10264453076374544,0.10218729907654615,0.10061070307397893,0.10251439669624414,0.10209602898420078,59.048680795278536,0.000457231687199286,0.00031752838822227223,0.00013970329897701375,0.00017069097330959235,22.02291978132114,30.392902292966905,14.193516461550319,0.0014992346733255725,0.10454601535809276,-1,1616948.84,,False,False,True,False,False,False,False,False,True,True
ARB_USDT_02113dfd,ARB/USDT,1h,BUY,2026-04-10 09:00:00+00:00,backtest,SL,-1.0929,-1.2929,False,2.0,structural,0.1098,0.1086,1.0,1.0,1.8708,True,47.77535499082464,0.9258451663608213,0.9258451663608213,-0.191353,63.96515331165715,0.0,2.4081,,0.7416378134218278,False,,False,0.0,False,False,ranging,0,range,0.3,74.4597249508841,falling,5,moderate,0.1103,0.1109,0.1088,4696957.6,0.10955688373345471,0.10754496269079768,0.10412226021830667,0.10934456480015606,0.10726945895987744,63.96515331165715,0.0020119210426570305,0.002222983523077566,-0.00021106248042053553,-0.00025340892300921517,47.77535499082464,28.391112501516243,9.85016716597055,0.0020534573468566045,0.10635341881114808,1,1950475.8649999998,,False,False,True,False,False,False,True,True,False,True
ARB_USDT_3e76f508,ARB/USDT,1h,BUY,2026-04-10 13:00:00+00:00,backtest,TP,5.4415,5.2415,True,9.0,structural,0.1093,0.11524754,5.44,1.0,1.199,True,48.31084053817229,0.9436946846057431,0.9436946846057431,-0.240495,59.66217747525093,0.0,0.7342,,0.6470488174360329,True,bullish,False,0.0,False,False,bullish,1,range,0.3,71.86274509803921,falling,4,moderate,0.1098,0.1103,0.1086,1488235.8,0.1093548967907369,0.10805924642496936,0.10480172339109538,0.10922772444523315,0.10788517106746631,59.66217747525093,0.0012956503657675367,0.001559713461613281,-0.00026406309584574425,-0.0003491916317693109,48.31084053817229,24.072214339105596,7.895993903204772,0.001982512372021331,0.10635341881114808,1,2026980.01,,False,False,True,False,False,False,False,True,False,True
ARB_USDT_bb8194c6,ARB/USDT,1h,BUY,2026-04-10 22:00:00+00:00,backtest,TP,4.8888,4.6888,True,5.0,bos,0.1148,0.12041238,1.89,1.0,1.7636,True,51.92691464094284,1.0,1.0,0.330339,82.74238609444356,-1.0,2.5196,,1.0,True,bullish,False,0.0,False,False,bullish,1,trend,0.9487819106823807,68.66764275256223,rising,6,strong,0.1153,0.1159,0.1129,5890078.9,0.11219912328854387,0.1102546252478632,0.10670461678173371,0.11131315851384213,0.10975008777264952,82.74238609444356,0.00194449804068067,0.0015636174347999048,0.00038088060588076515,0.00018989360933308486,51.92691464094284,32.212002477517125,5.273750599826327,0.001870794374358499,0.10970035708248098,1,2337732.41,,False,False,True,False,False,False,True,True,False,True
ARB_USDT_a29bb4f0,ARB/USDT,1h,BUY,2026-04-14 03:00:00+00:00,backtest,SL,-1.7676,-1.9676,False,8.0,atr,0.1128,0.11080618,1.0,0.4024608690025648,0.4025,True,20.07834643749139,0.0026115479163796823,0.3,0.059784,54.44611510353175,0.5,0.1173,,0.41932900385882904,True,bullish,True,0.8,False,False,bearish,2,range,0.3,36.68861712135465,rising,6,strong,0.1125,0.1135,0.1124,820283.3,0.1123748780347516,0.11192442601717674,0.11171921565469627,0.1123391289018235,0.11186686861889442,54.44611510353175,0.0004504520175748622,0.00038319461990154373,6.725739767331847e-05,0.00012269436186420062,20.07834643749139,21.845775202400937,11.362550105930211,0.0013292148055096215,0.10964219775769345,1,6992740.105,,False,False,True,False,False,False,False,True,False,True
ARB_USDT_587973ba,ARB/USDT,1h,BUY,2026-04-15 05:00:00+00:00,backtest,SL,-1.765,-1.965,False,1.0,atr,0.1136,0.11159498,1.0,0.5007580511173703,0.5008,True,22.170745620289264,0.07235818734297546,0.3,0.311457,59.76350723506232,0.0,0.8126,,0.5298030333761777,False,,True,1.0,False,False,bearish,1,range,0.3,38.05762081784387,rising,5,moderate,0.113,0.1146,0.1126,2322723.2,0.1121882928234292,0.11162930011569389,0.11159596915990583,0.11195637648726611,0.11149223012726328,59.76350723506232,0.0005589927077353091,0.0002070457540604742,0.00035194695367483486,0.0004330740827797749,22.170745620289264,27.047421324963402,13.802345490558958,0.0013366803738656028,0.11019743582150067,1,2858375.955000001,,False,False,True,False,False,False,False,True,False,True
ARB_USDT_f9ea8c5c,ARB/USDT,1h,BUY,2026-04-15 08:00:00+00:00,backtest,TP,3.7,3.5,True,8.0,structural,0.1116,0.11572925,2.17,0.35181357122592266,0.3518,True,20.59795026842938,0.01993167561431264,0.3,0.054195,56.44400981743135,0.0,0.3705,,0.25954327508154906,False,,True,1.0,False,False,bearish,1,range,0.3,41.39211136890951,falling,5,moderate,0.1127,0.113,0.1113,1033685.3,0.1121135589004612,0.11172051098098713,0.1116354255181499,0.11194600430059297,0.11162256207908586,56.44400981743135,0.0003930479194740599,0.00033197035578335304,6.107756369070689e-05,2.2010647569111873e-05,20.59795026842938,23.10628031152141,16.617698434482683,0.0013764164655184889,0.11019743582150067,1,2790127.955000001,,False,False,True,False,False,False,False,True,False,True
ARB_USDT_fb0397fa,ARB/USDT,1h,BUY,2026-04-15 18:00:00+00:00,backtest,SL,-1.1041,-1.3041,False,5.0,bos,0.1153,0.114027,1.0,1.0,1.2625,True,30.750187204634955,0.3583395734878318,0.3583395734878318,0.218729,70.45547414123914,0.0,1.2843,,0.6806301450762012,True,bullish,False,0.0,False,False,bullish,1,trend,0.5958364534105826,51.824480369515015,rising,5,moderate,0.1163,0.1166,0.1148,2007424.7,0.11498132261114356,0.11354778597087942,0.11249624174502447,0.11460455764289887,0.11327256456796736,70.45547414123914,0.0014335366402641464,0.0011791551097683928,0.0002543815304957536,0.00028002873041099306,30.750187204634955,26.92360521023521,9.907851583330176,0.0015328150511123068,0.11252622523269563,1,1563057.4100000004,,False,False,True,False,False,False,False,True,False,True
ARB_USDT_7952b386,ARB/USDT,1h,BUY,2026-04-16 04:00:00+00:00,backtest,TP,3.6282,3.4282,True,8.0,atr,0.1164,0.12062317,2.0,0.9026588340277695,0.9027,True,31.983922791798904,0.39946409305996344,0.39946409305996344,0.035513,70.45036022648704,0.0,0.2398,,0.5851075765704405,True,bullish,False,0.0,False,False,bullish,1,trend,0.6163987131966484,44.18390804597701,rising,5,moderate,0.1172,0.1176,0.1161,900407.3,0.11611987592883925,0.11508108633672567,0.11356255941961035,0.11581126905136475,0.11486919497039824,70.45036022648704,0.0010387895921135787,0.000997167982455149,4.162160965842979e-05,-3.428309665942143e-05,31.983922791798904,25.479492874747724,10.85180346048671,0.0014077243334454747,0.11334769567629749,1,3754280.5150000006,,False,False,True,False,True,False,False,True,False,True
ARB_USDT_1b76d1be,ARB/USDT,1h,BUY,2026-04-16 12:00:00+00:00,backtest,TP,4.075,3.875,True,1.0,bos,0.12,0.12488996,1.58,1.0,1.371,True,38.93066337315041,0.6310221124383469,0.6310221124383469,0.163118,76.66454692503939,-1.0,0.5675,,0.854332996192712,True,bullish,False,0.0,False,False,bullish,1,range,0.3,56.43609711406321,stable,5,moderate,0.1212,0.1215,0.1188,2039444.3,0.11869142421032366,0.11708613285246884,0.11487413808017571,0.11797468827041613,0.11667474613771574,76.66454692503939,0.001605291357854824,0.0014075927840220843,0.00019769857383273963,-8.801364405323529e-06,38.93066337315041,30.23618409142426,8.877859186606461,0.0016299871294009108,0.11590380650170486,1,3593785.3100000005,,False,False,True,False,True,False,False,True,False,True
ARB_USDT_69cdbfb1,ARB/USDT,1h,BUY,2026-04-16 17:00:00+00:00,backtest,TP,6.1965,5.9965,True,2.0,bos,0.1212,0.12871012,1.75,1.0,1.9764,True,41.11177335578772,0.7037257785262573,0.7037257785262573,0.183307,64.79728828726653,0.0,0.5255,,0.641209342978959,True,bullish,False,0.0,False,False,bullish,1,trend,0.7685295559297953,87.56855575868373,rising,5,moderate,0.1238,0.1243,0.1209,2134558.1,0.12152199303464765,0.11916679241511624,0.11615073663837984,0.12087113390168984,0.11870347165662785,64.79728828726653,0.002355200619531414,0.002128266653101343,0.00022693396643007086,0.00015286257517567806,41.11177335578772,26.417500603921926,10.38726702944795,0.0025033726855563394,0.11830342585153437,1,4061795.56,,False,False,True,False,False,False,False,True,False,True
ARB_USDT_b09dcfce,ARB/USDT,1h,BUY,2026-04-17 06:00:00+00:00,backtest,SL,-3.0,-3.2,False,37.0,structural,0.13,0.1261,1.0,1.0,2.0403,True,42.22710655072387,0.7409035516907956,0.7409035516907956,-0.151206,66.86868212602928,0.0,0.4858,,0.7550059648590175,True,bullish,False,0.0,False,False,bullish,1,range,0.3,91.36756019990914,falling,4,moderate,0.1304,0.1319,0.1279,1829228.8,0.12861205743823728,0.12604042858655604,0.12094291309231904,0.12810121670630506,0.12560447144521164,66.86868212602928,0.0025716288516812458,0.002768802116036177,-0.00019717326435493131,-0.0003706434871202234,42.22710655072387,29.62072678305203,10.745577661576593,0.0026746753350084143,0.12304211908416873,1,3765256.195,,False,False,True,False,False,False,False,True,False,True
ARB_USDT_0c83d6e5,ARB/USDT,1h,BUY,2026-04-22 10:00:00+00:00,backtest,TP,3.5434,3.3434,True,7.0,structural,0.1274,0.13191429,2.51,0.6515168287833473,0.6515,True,20.657370556610473,0.021912351887015784,0.3,0.055719,59.92192156075027,0.0,0.1145,,0.4204509176000787,True,bullish,False,0.0,False,False,bearish,2,range,0.3,48.0,stable,5,moderate,0.1282,0.1285,0.1274,702586.0,0.12779507900721354,0.12696786201901325,0.1266122617000088,0.12767938729498884,0.1268446482209146,59.92192156075027,0.0008272169882002911,0.0007557847946667237,7.143219353356739e-05,0.00011467037617430773,20.657370556610473,25.014971337320755,14.503698397318788,0.001504762781948883,0.12476508204465384,1,6133873.305,,False,False,True,False,False,False,False,True,False,True
ARB_USDT_59c3be0c,ARB/USDT,1h,SELL,2026-04-28 15:00:00+00:00,backtest,SL,-1.6676,-1.8676,False,12.0,atr,0.1241,0.12616943,1.0,-0.5297685168883567,0.5298,True,20.61984427341825,0.020661475780608285,0.3,-0.030838,38.429468214165155,0.0,0.237,,0.3321458677325698,True,bearish,False,0.0,False,False,bearish,1,range,0.3,38.03556992724333,stable,4,moderate,0.1238,0.1246,0.1235,1967060.8,0.12440264289441612,0.12506168893064779,0.12651993761086833,0.12457482657853501,0.12518785782371256,38.429468214165155,-0.0006590460362316669,-0.0006208682655304219,-3.8177770701245035e-05,-1.1251864997745623e-05,20.61984427341825,10.660167767074924,18.96381446038917,0.001379618772302849,0.12736548234368938,-1,8300846.410000001,,False,False,False,True,False,False,False,False,True,True
ARB_USDT_4140d4b7,ARB/USDT,1h,BUY,2026-04-29 10:00:00+00:00,backtest,SL,-1.5138,-1.7138,False,2.0,atr,0.1319,0.12990335,1.0,1.0,1.5187,True,30.136196530846735,0.3378732176948912,0.3378732176948912,0.511487,87.83024389505249,-1.0,0.214,,1.0,False,,True,0.8,False,False,ranging,0,trend,0.5856032755141123,34.015242679502606,rising,5,moderate,0.1324,0.1328,0.1309,2273268.6,0.1287492158937116,0.12682318596039555,0.1264905662268412,0.12770613472048634,0.12626550455643512,87.83024389505249,0.001926029933316059,0.0012488213744455655,0.0006772085588704936,0.0005304130690408968,30.136196530846735,41.28886995387825,7.283832743102885,0.001331097514032924,0.12843442508743366,1,10623712.425000003,,False,False,True,False,False,False,False,True,False,True
ARB_USDT_ffaf0530,ARB/USDT,1h,SELL,2026-05-03 10:00:00+00:00,backtest,TP,3.2784,3.0784,True,14.0,atr,0.1197,0.11577572,2.0,-1.0,1.1223,True,27.279800298829677,0.24266000996098924,0.3,-0.02891,27.49012793156259,-1.0,3.3508,,0.5582365705190623,False,,False,0.0,False,False,ranging,0,range,0.3,31.363460795674,falling,4,moderate,0.1177,0.12,0.1177,11801458.1,0.11903871387581764,0.12037470192514285,0.12222611145630966,0.11942120355462268,0.12064217211765714,27.49012793156259,-0.0013359880493252069,-0.0013019612410889473,-3.402680823625954e-05,6.397927393636234e-05,27.279800298829677,13.264753672072267,27.220667935048823,0.001308094870333324,0.12145794963526406,-1,3521985.3900000006,,False,False,False,True,False,True,True,False,True,True
ARB_USDT_f2e8d0a6,ARB/USDT,1h,BUY,2026-05-05 19:00:00+00:00,backtest,TP,3.3126,3.1126,True,13.0,atr,0.1192,0.12314861,2.0,0.5119727240472431,0.512,True,29.64198313798042,0.3213994379326807,0.3213994379326807,-0.016899,63.64040912031741,0.0,0.2162,,0.43863899778010945,True,bullish,True,1.0,True,True,bearish,2,range,0.3,31.897203325774754,falling,4,moderate,0.1194,0.1197,0.1189,807656.3,0.11894533433326251,0.11833946853259317,0.11832076187037892,0.1188154298570518,0.1182334153858525,63.64040912031741,0.0006058658006693474,0.000626043492134047,-2.0177691464699646e-05,-5.4117866667089233e-05,29.64198313798042,21.391644474480277,10.42566952997754,0.0013162019368687893,0.11619825610900529,1,3736151.33,,False,False,True,False,False,False,False,True,False,True
ARB_USDT_2062ce08,ARB/USDT,1h,BUY,2026-05-08 00:00:00+00:00,backtest,TP,4.6041,4.4041,True,9.0,structural,0.1269,0.13274257,2.92,0.21652161759217262,0.2165,True,20.02956171471193,0.0009853904903977194,0.3,0.074403,59.44253171394412,0.0,0.2342,,0.21712709180273962,True,bullish,False,0.0,False,False,bullish,1,range,0.3,73.61985920711375,rising,5,moderate,0.1278,0.1278,0.1265,793982.0,0.1266303348316554,0.12635674516309145,0.12460337322187408,0.12629614478355694,0.1262124196794006,59.44253171394412,0.00027358966856394495,0.00017850297113666336,9.50866974272816e-05,-4.72345182666934e-05,20.02956171471193,18.392726888441487,12.964549593372997,0.0019475217623193318,0.1234253671015777,1,3389515.595,,False,False,True,False,True,False,False,True,False,True
ARB_USDT_aef87287,ARB/USDT,1h,BUY,2026-05-09 06:00:00+00:00,backtest,SL,-3.0768,-3.2768,False,7.0,atr,0.1454,0.14092632,1.0,1.0,2.3397,True,56.11831730985651,1.0,1.0,-0.196762,68.70086364769776,0.0,0.1093,,0.9648871074740661,True,bullish,False,0.0,False,False,bearish,2,range,0.3,95.93257603517772,falling,4,moderate,0.1464,0.1468,0.1439,1964350.9,0.14426511392481917,0.14096694831935597,0.1344406965201238,0.14365514647476751,0.14042364315129158,68.70086364769776,0.003298165605463199,0.003586225508644681,-0.00028805990318148166,-0.0004987521367594838,56.11831730985651,30.853501670021892,6.731323983170239,0.002982456308109121,0.1378452656224363,1,17967870.314999998,,False,False,True,False,False,False,False,True,False,True
ARB_USDT_f9383032,ARB/USDT,1h,SELL,2026-05-15 12:00:00+00:00,backtest,TP,3.8035,3.6035,True,1.0,atr,0.1278,0.12293912,2.0,-1.0,1.0054,True,26.955659022109582,0.23185530073698607,0.3,-0.043627,34.021368627441866,0.0,1.8292,,0.5267912862131353,False,,False,0.0,False,False,ranging,0,range,0.3,52.17089267106634,falling,5,moderate,0.1272,0.1285,0.1269,6488149.9,0.12841172676145268,0.1297027507440353,0.13198790246184128,0.12875793440758201,0.12995302581843884,34.021368627441866,-0.0012910239825826286,-0.0012355298777567644,-5.549410482586425e-05,1.2691414487002017e-05,26.955659022109582,14.036346285753153,27.206128441081535,0.001620292652870671,0.13166084697070582,-1,3546896.56,,False,False,False,True,False,True,True,False,True,True
ARB_USDT_e603483d,ARB/USDT,1h,SELL,2026-05-16 08:00:00+00:00,backtest,TP,3.5059,3.3059,True,39.0,atr,0.1203,0.11608243,2.0,-1.0,1.7,True,40.427199526342804,0.6809066508780934,0.6809066508780934,-0.290436,16.396175673796243,-1.0,2.187,,1.0,False,,False,0.0,False,False,ranging,0,trend,0.7571199921057135,37.87512935494998,rising,5,moderate,0.1199,0.1207,0.1198,5667787.8,0.12210515669163724,0.12418092428814975,0.12769125331873785,0.12273520146067644,0.12460901671696473,16.396175673796243,-0.002075767596512512,-0.0017275351986624867,-0.00034823239785002546,-0.0003203962565508094,40.427199526342804,7.96365736104112,41.02100398847609,0.00140585776227613,0.12347625944704699,-1,2591522.9950000006,,False,False,False,True,False,False,True,False,True,True
ARB_USDT_fc889182,ARB/USDT,1h,SELL,2026-05-17 23:00:00+00:00,backtest,TP,3.7837,3.5837,True,47.0,atr,0.1177,0.11324656,2.0,-0.8120953519228343,0.8121,True,30.44228639672991,0.3480762132243303,0.3480762132243303,-0.21779,26.575388523478292,-1.0,1.5035,,1.0,True,bullish,True,1.0,False,False,bullish,1,expansion,1.0,44.417971409121854,rising,5,moderate,0.1163,0.1182,0.1125,5118792.6,0.11842406500665782,0.11938578133413497,0.12156306873642152,0.11903094072284576,0.11969435946754846,26.575388523478292,-0.000961716327477144,-0.0007084262648862816,-0.0002532900625908624,-8.163751111185094e-05,30.44228639672991,9.15449102668383,42.41538197523829,0.0014844793743591044,0.11942666178079656,-1,3404569.195,,False,False,False,True,False,False,True,False,True,True
ARB_USDT_e8a772cd,ARB/USDT,1h,SELL,2026-05-19 22:00:00+00:00,backtest,SL,-1.5686,-1.7686,False,15.0,atr,0.1141,0.11588973,1.0,-0.698665223612876,0.6987,True,23.248480409099255,0.1082826803033085,0.3,-0.101624,32.709476729340324,0.0,0.2738,,0.4446097357466489,False,,True,0.8,False,False,ranging,0,range,0.3,21.03852596314908,rising,4,moderate,0.1134,0.1143,0.1132,5267109.7,0.11449108814268273,0.11529099755967162,0.11677750266302177,0.11480282761202065,0.11548009731563878,32.709476729340324,-0.0007999094169888893,-0.0006846679838976271,-0.00011524143309126216,-5.022243626613427e-05,23.248480409099255,10.912413939503551,22.027657333169774,0.0011931533498112283,0.11661601463114346,-1,19236789.179999992,,False,False,False,True,False,False,False,False,True,True
ARB_USDT_ed3197e7,ARB/USDT,1h,BUY,2026-05-25 18:00:00+00:00,backtest,SL,-2.484,-2.684,False,4.0,atr,0.1106,0.10785267,1.0,1.0,1.0406,True,25.906270434511356,0.19687568115037854,0.3,0.16891,69.10300174074564,0.0,0.941,,0.4590606751842657,False,,True,0.8,False,False,bearish,1,trend,0.515104507241856,65.568,rising,5,moderate,0.1098,0.1119,0.1098,20230573.3,0.10911707914884775,0.10799328613153433,0.10793460364579525,0.10892195890566139,0.10781261474468778,69.10300174074564,0.0011237930173134125,0.0009383293747542144,0.0001854636425591981,0.00026374660749899233,25.906270434511356,21.20494428695173,9.728427407345087,0.001831554936597308,0.10649551064831995,1,21498724.575000007,,False,False,True,False,False,False,False,True,False,True
ARB_USDT_207d8e77,ARB/USDT,1h,BUY,2026-05-26 06:00:00+00:00,backtest,SL,-2.7739,-2.9739,False,39.0,atr,0.1094,0.1063653,1.0,0.275848145425201,0.2758,True,32.423983291015794,0.41413277636719315,0.41413277636719315,0.127623,63.31248698636225,0.0,0.5598,,0.8784193471748841,False,,True,0.8,False,False,ranging,0,trend,0.6237330548502632,75.07172457762194,rising,5,moderate,0.1096,0.1118,0.107,8821094.8,0.10853748853824807,0.10823891350272243,0.10807709982924242,0.10823391383489037,0.10810280485299467,63.31248698636225,0.00029857503552564724,0.00015870032688862062,0.00013987470863702662,4.234600932558725e-05,32.423983291015794,31.16420397173962,9.203720292367516,0.002023135905820745,0.10649551064831995,1,15758664.935000002,,False,False,True,False,False,False,False,True,False,True
ARB_USDT_a25e21d5,ARB/USDT,1h,SELL,2026-06-02 14:00:00+00:00,backtest,TP,5.0645,4.8645,True,1.0,atr,0.0975,0.09256208,2.0,-1.0,1.5189,True,23.88495189850767,0.1294983966169223,0.3,-0.252724,22.513618228992755,-1.0,1.7816,,1.0,False,,False,0.0,False,False,ranging,0,range,0.3,52.8222155146393,stable,5,moderate,0.0949,0.0981,0.0933,6238308.4,0.09759815859686977,0.09908052835192914,0.1007949073092712,0.09836906105311827,0.09949858118712206,22.513618228992755,-0.0014823697550593734,-0.0012425347074143975,-0.00023983504764497595,-6.902950411879875e-06,23.88495189850767,13.044892262263456,40.31695430338749,0.0016459720432341,0.09995428496014541,-1,3501496.72,,False,False,False,True,False,False,True,False,True,True
ARB_USDT_af977773,ARB/USDT,1h,SELL,2026-06-04 01:00:00+00:00,backtest,TP,7.4048,7.2048,True,28.0,atr,0.0916,0.08481723,2.0,-1.0,1.3748,True,31.959068105390067,0.3986356035130022,0.3986356035130022,-0.546414,28.916349977876088,0.0,1.6722,,0.8753767600218939,False,,False,0.0,False,False,ranging,0,expansion,1.0,83.24372759856631,rising,5,moderate,0.0891,0.0925,0.0888,2395106.8,0.09247687245262269,0.09374820515571645,0.09580798653945448,0.09344169315337203,0.09421302567128811,28.916349977876088,-0.0012713327030937638,-0.000784477807702122,-0.0004868548953916418,-0.0002302821579097836,31.959068105390067,8.020470308471369,29.904889309018714,0.002260924000679873,0.09655174047109596,-1,1432304.5000000005,,False,False,False,True,False,False,True,False,True,True
ARB_USDT_9fdd67e8,ARB/USDT,1h,SELL,2026-06-05 13:00:00+00:00,backtest,TP,8.1815,7.9815,True,15.0,atr,0.0825,0.07575028,2.0,-1.0,3.0399,True,44.746689210912656,0.8248896403637552,0.8248896403637552,-0.258662,30.843291343676416,0.0,1.8106,,0.6799094747616268,False,,False,0.0,False,False,bearish,1,trend,0.8291114868485443,82.80141843971631,rising,5,moderate,0.081,0.0843,0.081,3306885.8,0.08282120316868331,0.08533884465228958,0.08911874501474958,0.08334154693116426,0.08577272911751854,30.843291343676416,-0.002517641483606267,-0.0023081249060395367,-0.00020951657756673042,-0.00022781556909811165,44.746689210912656,13.772694557579591,30.77043142662026,0.002249907788125737,0.08695865373247039,-1,1826410.52,,False,False,False,True,False,False,True,False,True,True
ARB_USDT_7bb99a4b,ARB/USDT,1h,BUY,2026-06-08 12:00:00+00:00,backtest,SL,-1.9417,-2.1417,False,12.0,structural,0.0824,0.0808,1.0,0.6840120136689799,0.684,True,22.976577212895606,0.09921924042985353,0.3,0.24792,66.32543399584881,0.0,1.0521,,0.6773688306782779,True,bullish,False,0.0,False,False,bullish,1,range,0.3,25.296671490593344,rising,5,moderate,0.084,0.0843,0.0823,1396942.6,0.08271352334319851,0.0821515965533527,0.08208701932916976,0.08234595858411237,0.08196675620868797,66.32543399584881,0.0005619267898458041,0.00035367407597691183,0.0002082527138688923,0.00012965465638192938,22.976577212895606,31.006232989606996,14.07201222265005,0.0012941499765768197,0.08016485150727017,1,1327790.0150000001,,False,False,True,False,False,False,False,True,False,True
ARB_USDT_06074dd3,ARB/USDT,1h,BUY,2026-06-11 17:00:00+00:00,backtest,TP,4.7608,4.5608,True,1.0,structural,0.0801,0.08391337,4.76,0.8404564278533884,0.8405,True,21.639440042307562,0.05464800141025208,0.3,0.0763,67.70393154526332,0.0,1.1857,,0.5561550267833726,True,bullish,False,0.0,True,True,bearish,2,range,0.3,24.74518686296716,falling,5,moderate,0.0823,0.0825,0.0797,1859290.7,0.08092718306945353,0.08025269414300314,0.0801000717260668,0.08053494966072597,0.08004796355730345,67.70393154526332,0.0006744889264503895,0.0006116940465915,6.279487985888955e-05,-9.331050323953976e-05,21.639440042307562,28.43797794416168,14.534102274577366,0.0012711225461069058,0.07833715471415069,1,1568141.6700000002,,False,False,True,False,True,False,False,True,False,True
ARB_USDT_7720437b,ARB/USDT,1h,BUY,2026-06-11 20:00:00+00:00,backtest,TP,5.218,5.018,True,87.0,bos,0.0834,0.08775181,2.06,1.0,1.4734,True,27.9646132460934,0.26548710820311333,0.3,0.295577,73.67374608405383,-1.0,0.711,,0.9336492060758326,True,bullish,False,0.0,True,True,bearish,2,trend,0.5494102207682233,40.707213578500706,rising,5,moderate,0.0835,0.0838,0.0829,1350793.6,0.08220881178713657,0.08101517215852977,0.0804315694143665,0.08183990086917559,0.08076668937438275,73.67374608405383,0.0011936396286068018,0.0009468330399575863,0.00024680658864921555,0.00024978174915985777,27.9646132460934,33.53823997582322,10.197009823927404,0.0014506035837452158,0.08027286275459865,1,1899825.9299999997,,False,False,True,False,False,False,False,True,False,True
OP_USDT_3cbc95c3,OP/USDT,1h,SELL,2026-01-16 15:00:00+00:00,backtest,SL,-1.9797,-2.1797,False,10.0,atr,0.3365,0.34316171,1.0,-1.0,1.1274,True,27.034487781324533,0.23448292604415108,0.3,-0.282211,20.74051012501345,-1.0,1.9915,,1.0,False,,False,0.0,False,False,ranging,0,trend,0.5339081296887422,26.923076923076923,rising,5,moderate,0.3275,0.337,0.3249,2175577.7,0.3355467662256183,0.3393296171181548,0.3426857903573851,0.3378458422900807,0.34051257882997027,20.74051012501345,-0.0037828508925364934,-0.0028586089502732966,-0.0009242419422631968,-0.00027024856074788243,27.034487781324533,7.907409715541982,34.908122526989224,0.004441141774609666,0.3418860713302077,-1,1092455.175,,False,False,False,True,False,False,True,False,True,True
OP_USDT_6272f690,OP/USDT,1h,BUY,2026-01-17 12:00:00+00:00,backtest,SL,-1.8687,-2.0687,False,13.0,atr,0.3489,0.34238009,1.0,1.0,1.1256,True,25.559631825557002,0.18532106085190006,0.3,0.160412,69.95459074993177,0.0,1.5499,,0.6522206733603201,False,,False,0.0,False,False,ranging,0,trend,0.5093271970926166,44.680851063829785,rising,6,strong,0.3522,0.3544,0.3473,1043537.9,0.34772802776396206,0.3438576979994605,0.3426456844404891,0.3464503214108084,0.3430234677994065,69.95459074993177,0.003870329764501579,0.00330535735937441,0.0005649724051271687,0.00040398245459105555,25.559631825557002,26.435133622529168,10.129616788521165,0.0043466041721968995,0.3397952252685544,1,673315.1799999999,,False,False,True,False,False,False,True,True,False,True
OP_USDT_5015f715,OP/USDT,1h,SELL,2026-01-20 09:00:00+00:00,backtest,SL,-1.4554,-1.6554,False,1.0,structural,0.3092,0.3137,1.0,-0.6711838073415841,0.6712,True,20.58654985129437,0.019551661709812387,0.3,-0.276855,40.31021845835469,0.0,1.1813,,0.49599921710149913,False,,True,1.0,True,True,ranging,0,range,0.3,73.27586206896551,rising,4,moderate,0.3112,0.3121,0.3071,1040172.7,0.3135943623618603,0.3156991569427692,0.3222660049899394,0.31427846589382036,0.3161490726370461,40.31021845835469,-0.0021047945809088975,-0.0012432208676390697,-0.0008615737132698278,-0.0010581727322216,20.58654985129437,14.581354579366671,26.98133500690415,0.0048860497768169545,0.32111164121205366,-1,880497.8650000001,,False,False,False,True,False,False,False,False,True,True
OP_USDT_8bd690bb,OP/USDT,1h,SELL,2026-01-20 16:00:00+00:00,backtest,SL,-2.5578,-2.7578,False,10.0,atr,0.3047,0.31249376,1.0,-1.0,1.493,True,20.527669547268523,0.017588984908950778,0.3,-0.320126,26.493372967331588,-1.0,1.0555,,0.6066005519319234,False,,True,1.0,False,False,ranging,0,range,0.3,82.92682926829268,rising,4,moderate,0.3,0.3057,0.2988,1125059.5,0.30635452225648413,0.3109284983144906,0.31867927421551784,0.308170100044051,0.3120213481459397,26.493372967331588,-0.004573976058006468,-0.0036135978866136446,-0.0009603781713928236,-0.0007178393009714609,20.527669547268523,13.80231953822471,28.967333336522795,0.0051958386421102655,0.3154793232470738,-1,1065902.0550000002,,False,False,False,True,False,False,False,False,True,True
OP_USDT_8a460e4c,OP/USDT,1h,SELL,2026-01-25 18:00:00+00:00,backtest,SL,-2.0522,-2.2522,False,7.0,atr,0.2884,0.29431854,1.0,-1.0,1.4046,True,22.445754027952557,0.08152513426508522,0.3,-0.517623,20.25903783061259,-1.0,1.9444,,1.0,False,,False,0.0,False,False,bearish,1,expansion,1.0,26.53061224489796,rising,5,moderate,0.2866,0.2903,0.2843,2178621.2,0.29415828163532165,0.29829007949872055,0.30226086429080185,0.296317790673985,0.2994590874485926,20.25903783061259,-0.0041317978633989005,-0.0026482897857098286,-0.0014835080776890719,-0.0012347610277423234,22.445754027952557,10.464781317976492,37.714421218545674,0.00394569250142914,0.29783985707510086,-1,1120448.245,,False,False,False,True,False,False,True,False,True,True
OP_USDT_bf2ae250,OP/USDT,1h,SELL,2026-02-01 15:00:00+00:00,backtest,SL,-3.0891,-3.2891,False,24.0,atr,0.2294,0.2364864,1.0,-1.0,1.3848,True,53.417656578178075,1.0,1.0,-0.310262,23.717151603967697,-1.0,1.5683,,1.0,False,,False,0.0,False,False,ranging,0,trend,0.9736276096363012,64.14634146341463,rising,5,moderate,0.2268,0.2327,0.2237,1992783.2,0.23304561974125762,0.23627272254055395,0.24696127685658295,0.23483008252447407,0.23721999479460937,23.717151603967697,-0.003227102799296333,-0.0025234277624596423,-0.0007036750368366908,-0.00021832202609400019,53.417656578178075,8.001637608090498,35.61074466483973,0.004724269118252637,0.24001892092003724,-1,1270692.41,,False,False,False,True,False,False,True,False,True,True
OP_USDT_373d1b6a,OP/USDT,1h,SELL,2026-02-03 16:00:00+00:00,backtest,SL,-2.7829,-2.9829,False,5.0,atr,0.2176,0.22365555,1.0,-1.0,1.1887,True,25.741081836110084,0.1913693945370028,0.3,-0.554976,20.585022946921875,-1.0,2.5175,,1.0,False,,False,0.0,False,False,ranging,0,expansion,1.0,36.38344226579521,rising,5,moderate,0.2161,0.2238,0.2149,4610400.6,0.22446982100101287,0.227138105420155,0.23136266655375884,0.2268611984298737,0.2282419159621705,20.585022946921875,-0.0026682844191421307,-0.0014689802301557256,-0.001199304188986405,-0.0005113893966342708,25.741081836110084,8.746922944134386,34.95138086138552,0.0040370322911150594,0.22972894073647324,-1,1831314.5150000004,,False,False,False,True,False,False,True,False,True,True
OP_USDT_a98781fd,OP/USDT,1h,SELL,2026-02-05 15:00:00+00:00,backtest,TP,8.4997,8.2997,True,5.0,atr,0.1981,0.18126207,2.0,-1.0,2.7713,True,33.874226651192835,0.4624742217064278,0.4624742217064278,-0.64802,13.944655785907779,-1.0,2.746,,1.0,False,,False,0.0,False,False,ranging,0,expansion,1.0,90.51383399209486,rising,5,moderate,0.1945,0.2065,0.1901,7851589.8,0.20553526316724433,0.2112311703117683,0.21771009924575138,0.20868819550074272,0.21290428734294514,13.944655785907779,-0.005695907144523976,-0.004435508938775548,-0.001260398205748428,-0.00041078200630109,33.874226651192835,7.378475063178508,37.046729666330606,0.005612643289238321,0.21309871995756974,-1,2859294.215,,False,False,False,True,False,False,True,False,True,True
OP_USDT_23ef26d7,OP/USDT,1h,SELL,2026-02-05 20:00:00+00:00,backtest,TP,9.8714,9.6714,True,4.0,atr,0.1899,0.17115421,2.0,-1.0,4.6252,True,45.37382820517138,0.8457942735057126,0.8457942735057126,-0.764384,16.461514753236987,-1.0,2.1121,,1.0,False,,False,0.0,False,False,ranging,0,expansion,1.0,96.67318982387475,rising,5,moderate,0.1844,0.1923,0.1803,7224349.3,0.1946205247853795,0.20362216584297413,0.21335134327389493,0.19754067472405934,0.20554438242727155,16.461514753236987,-0.009001641057594628,-0.007592117057136659,-0.0014095240004579693,-0.001116352646304536,45.37382820517138,4.5753910872478105,36.5166552649518,0.006248595571769138,0.20292133364774537,-1,3420388.8500000006,,False,False,False,True,False,False,True,False,True,True
OP_USDT_48250cfa,OP/USDT,1h,SELL,2026-02-19 04:00:00+00:00,backtest,TP,6.6637,6.4637,True,3.0,atr,0.1572,0.14672474,2.0,-1.0,5.3135,True,46.67337220062819,0.8891124066876063,0.8891124066876063,-0.60863,10.837471806200586,-1.0,2.2605,,1.0,False,,False,0.0,False,False,ranging,0,trend,0.8612228700104698,40.43321299638989,rising,5,moderate,0.1546,0.16,0.1544,3238553.7,0.16281143850849422,0.17146237375624526,0.17972563246653692,0.16515756379663543,0.1731486111318698,10.837471806200586,-0.00865093524775104,-0.007709993819532396,-0.0009409414282186444,-0.0007515242298112967,46.67337220062819,5.215990799877199,47.11593722588788,0.0034917519209382982,0.16653970533368948,-1,1432699.0550000002,,False,False,False,True,False,False,True,False,True,True
OP_USDT_322f1da6,OP/USDT,1h,SELL,2026-02-19 07:00:00+00:00,backtest,TP,7.515,7.315,True,7.0,atr,0.1485,0.13734022,2.0,-1.0,6.6693,True,54.12311093152466,1.0,1.0,-0.768723,7.374819636918604,-1.0,3.0128,,1.0,False,,False,0.0,True,True,ranging,0,trend,0.9853851821920776,44.60431654676259,rising,5,moderate,0.1463,0.1508,0.1458,6386757.0,0.15565119809110223,0.16603206142467714,0.17662775254367924,0.15832296897427428,0.16800526756714484,7.374819636918604,-0.010380863333574908,-0.009256221919596741,-0.0011246414139781669,-0.0009883973802629065,54.12311093152466,3.9200513905425267,50.788663048836,0.003719926738448045,0.1582508951882596,-1,2119895.9850000003,,False,False,False,True,False,False,True,False,True,True
OP_USDT_499e28b0,OP/USDT,1h,SELL,2026-02-19 14:00:00+00:00,backtest,TP,8.741,8.541,True,21.0,structural,0.1389,0.12675874,2.17,-1.0,7.4589,True,66.23356089113372,1.0,1.0,0.110228,13.227040954916816,-1.0,1.8381,,1.0,False,,False,0.0,False,False,ranging,0,range,0.3,53.983353151010704,stable,4,moderate,0.138,0.1409,0.1364,7381313.2,0.14319127609431312,0.15387177745024,0.16866925195535842,0.14467449783554542,0.155458955195264,13.227040954916816,-0.01068050135592688,-0.010832615806866229,0.00015211445093934843,0.00012421567261731645,66.23356089113372,4.001825082949626,43.14705411720463,0.004047087687989784,0.1492822703207695,-1,4015648.355,,False,False,False,True,False,False,True,False,True,True
OP_USDT_b655a5d7,OP/USDT,1h,SELL,2026-02-22 00:00:00+00:00,backtest,TP,5.754,5.554,True,25.0,atr,0.1268,0.11950399,2.0,-0.8668289498182234,0.8668,True,18.324384500609128,0.0,0.3,-0.173063,33.1027409064318,0.0,3.5035,,0.6413200857034153,True,bullish,True,0.8,False,False,bullish,1,compression,0.4438264738598443,11.123470522803114,stable,4,moderate,0.1259,0.1284,0.123,11390888.1,0.12808713344329625,0.12919742979697504,0.13467234664347277,0.12871202871280946,0.12952717277667256,33.1027409064318,-0.0011102963536787913,-0.0008924094960285114,-0.00021788685765027993,-3.167799665972787e-05,18.324384500609128,14.45127951824941,30.484281660834792,0.002432001779796311,0.13159142950442454,-1,3251290.9800000004,,False,False,False,True,False,False,True,False,True,False
OP_USDT_941d0d4c,OP/USDT,1h,BUY,2026-03-01 07:00:00+00:00,backtest,SL,-2.4291,-2.6291,False,10.0,structural,0.1235,0.1205,1.0,1.0,2.33,True,33.103088949489916,0.43676963164966387,0.43676963164966387,0.074084,68.17876478516284,0.0,1.2528,,0.41299237541516304,True,bullish,False,0.0,False,False,bearish,2,range,0.3,26.0707635009311,stable,5,moderate,0.1254,0.1254,0.1228,1396720.0,0.12361711968294307,0.12080246149197917,0.11959696997356299,0.12310772530664109,0.12034270764117708,68.17876478516284,0.002814658190963909,0.002721757292172251,9.290089879165821e-05,8.971082268759015e-05,33.103088949489916,23.44148570961494,13.116676324235865,0.0025372212879956678,0.11822829802862764,1,1114881.375,,False,False,True,False,False,False,False,True,False,True
OP_USDT_2053c642,OP/USDT,1h,BUY,2026-03-04 15:00:00+00:00,backtest,SL,-2.691,-2.891,False,25.0,atr,0.1285,0.1250421,1.0,1.0,1.0044,True,31.687537076487786,0.3895845692162595,0.3895845692162595,0.113543,74.83594848855981,-1.0,0.8525,,0.6473450325453869,True,bullish,False,0.0,False,False,bullish,1,range,0.3,20.623916811091856,falling,5,moderate,0.132,0.132,0.1283,1406235.2,0.12935623538820723,0.12806986356933495,0.12612786152437455,0.12860087407055215,0.12767684992626843,74.83594848855981,0.001286371818872284,0.0011364952263721861,0.00014987659250009777,-0.00013753278583841788,31.687537076487786,25.68596373794894,9.502337924314265,0.0023052640703344674,0.12449068118118882,1,1649474.885,,False,False,True,False,True,False,False,True,False,True
OP_USDT_73bdb8dc,OP/USDT,1h,SELL,2026-04-02 08:00:00+00:00,backtest,SL,-1.96,-2.16,False,21.0,atr,0.1071,0.10919914,1.0,-1.0,1.1772,True,19.970491435103106,0.0,0.3,-0.087171,32.193206022580775,0.0,4.0104,,0.2007698263246469,False,,True,0.8,False,False,ranging,0,compression,0.3543136190992946,12.913727618014107,stable,4,moderate,0.1066,0.1075,0.1064,5197474.6,0.10756364665677433,0.10882984088656422,0.10903011764776442,0.10783897427299557,0.10905282497522065,32.193206022580775,-0.0012661942297898937,-0.0011732701398054295,-9.29240899844642e-05,-8.704260741187499e-05,19.970491435103106,18.21566050943221,23.234906167548385,0.0013994235881561452,0.11032014325463177,-1,1295996.5699999998,,False,False,False,True,False,False,True,False,True,False
OP_USDT_bba3fbb0,OP/USDT,1h,BUY,2026-04-07 22:00:00+00:00,backtest,TP,4.2084,4.0084,True,1.0,atr,0.1148,0.11963119,2.0,1.0,1.458,True,28.153983149040545,0.2717994383013515,0.3,0.867694,85.14365384625484,-1.0,1.7202,,1.0,False,,False,0.0,False,False,bearish,1,expansion,1.0,29.286798179059183,rising,6,strong,0.1178,0.1179,0.1145,1817009.0,0.11255618888372632,0.11093867722341356,0.11040996642093419,0.11105795713621955,0.11025254494575493,85.14365384625484,0.001617511660312751,0.0005953681967700851,0.0010221434635426657,0.0007211157254658694,28.153983149040545,40.370550855371064,11.375384711397553,0.0016103958208153598,0.11177977072022861,1,1056288.25,,False,False,True,False,False,False,True,True,False,True
OP_USDT_3c808a57,OP/USDT,1h,BUY,2026-04-10 09:00:00+00:00,backtest,SL,-1.9308,-2.1308,False,15.0,atr,0.1149,0.11268155,1.0,0.22545323011576324,0.2255,True,20.09194492145836,0.0030648307152786694,0.3,-0.033715,54.46650253760094,0.5,1.0184,,0.3088862251434804,False,,True,0.8,False,False,ranging,0,range,0.3,24.80353634577603,falling,5,moderate,0.1149,0.1156,0.114,1004362.1,0.11463422280645327,0.11437635761372437,0.1141259579506933,0.11455828646543992,0.11432399337509681,54.46650253760094,0.0002578651927288983,0.00029660371596946085,-3.873852324056255e-05,-8.167988724663757e-05,20.09194492145836,20.79804165499527,13.07588602640826,0.0014789672988390673,0.11192938751598651,1,986233.7350000001,,False,False,True,False,False,False,False,True,False,True
OP_USDT_0eee89fc,OP/USDT,1h,BUY,2026-04-13 23:00:00+00:00,backtest,SL,-2.274,-2.474,False,8.0,atr,0.1156,0.11297123,1.0,1.0,2.199,True,31.435106214393336,0.38117020714644456,0.38117020714644456,0.663221,76.99163867581149,-1.0,0.3512,,1.0,False,,True,0.8,False,False,bearish,1,trend,0.607251770239889,39.443920829406224,rising,5,moderate,0.1163,0.1165,0.1152,2950746.2,0.11265587218650393,0.11023187467698098,0.10986456502659316,0.11161469281121933,0.10962506214467908,76.99163867581149,0.002423997509522949,0.001652671598676242,0.0007713259108467069,0.0007226220232873573,31.435106214393336,36.13366032242064,7.219382874265029,0.0017525115092312897,0.11114696971841834,1,8403000.08,,False,False,True,False,False,False,False,True,False,True
OP_USDT_bc78bff4,OP/USDT,1h,BUY,2026-04-15 10:00:00+00:00,backtest,TP,3.7665,3.5665,True,6.0,structural,0.1138,0.11808627,3.77,0.29914975735147614,0.2991,True,25.242551272268724,0.17475170907562412,-0.3,0.204183,64.65787805708894,0.0,0.5036,,0.5665419049021956,False,,True,0.8,False,False,bearish,1,trend,0.5040425212044787,23.319425127491886,rising,4,moderate,0.114,0.1146,0.1131,1029111.8,0.11274849586006026,0.11241221499167924,0.11186791989288468,0.11239092324864891,0.11225343649084717,64.65787805708894,0.0003362808683810281,0.00010351228690451826,0.00023276858147650985,0.0001503587616354808,25.242551272268724,23.33379884064497,9.170251218090081,0.001428755202308131,0.11485349806478633,-1,2043645.4650000003,,False,False,True,False,False,False,False,False,True,True
OP_USDT_e1953bb5,OP/USDT,1h,BUY,2026-04-15 16:00:00+00:00,backtest,TP,4.4377,4.2377,True,15.0,atr,0.118,0.12323653,2.0,1.0,1.6452,True,38.55596434331741,0.618532144777247,0.618532144777247,0.438772,80.63828766746596,-1.0,0.9413,,1.0,False,,True,0.8,False,False,ranging,0,trend,0.7259327390552902,40.03698566805363,rising,5,moderate,0.1194,0.12,0.1165,1905145.7,0.11624602766711684,0.11436451942195565,0.11282765323311884,0.11534489271486449,0.11386097136415123,80.63828766746596,0.001881508245161187,0.001357615010200063,0.000523893234961124,0.0003882529579937624,38.55596434331741,31.429076291181527,4.811811258805112,0.0017455101309426903,0.1136564242708331,1,2023950.5350000004,,False,False,True,False,False,False,False,True,False,True
OP_USDT_a3e4c4a4,OP/USDT,1h,BUY,2026-04-16 07:00:00+00:00,backtest,SL,-1.0,-1.2,False,2.0,bos,0.1225,0.121275,1.0,1.0,1.6769,True,55.58317218321323,1.0,1.0,-0.004058,76.02072329689067,-1.0,0.4321,,0.8728726416008206,True,bullish,True,0.8,False,False,bullish,1,range,0.3,38.613406795224975,stable,4,moderate,0.1227,0.1236,0.1218,1205481.5,0.1215951169038084,0.11958971493656655,0.11628318144209303,0.12127943601918224,0.1192786864302232,76.02072329689067,0.00200540196724186,0.002010380834433194,-4.978867191334033e-06,-1.212067906981645e-05,55.58317218321323,26.781079674814567,4.959263634794051,0.00170398856432756,0.11840728682647153,1,2790135.6350000007,,False,False,True,False,False,False,False,True,False,True
OP_USDT_35ab6e4b,OP/USDT,1h,BUY,2026-04-16 11:00:00+00:00,backtest,TP,4.2282,4.0282,True,2.0,atr,0.1215,0.12663724,2.0,1.0,1.2637,True,54.696042363812964,1.0,1.0,-0.115873,69.40415028097328,0.0,2.9888,,0.6009884059845233,False,,False,0.0,False,False,ranging,0,range,0.3,39.09257561869845,falling,5,moderate,0.1229,0.1231,0.1212,8310748.2,0.12185402769182196,0.12033338223930506,0.11704538445694398,0.12155517846091396,0.12007672046323557,69.40415028097328,0.0015206454525169,0.0016630532061497514,-0.00014240775363285143,-0.00025579908528779,54.696042363812964,23.149868301005885,8.125158151392801,0.0017124119477759127,0.11840728682647153,1,2780657.0750000007,,False,False,True,False,False,False,True,True,False,True
OP_USDT_02110f1e,OP/USDT,1h,BUY,2026-04-16 14:00:00+00:00,backtest,TP,5.1569,4.9569,True,2.0,atr,0.125,0.13144614,2.0,1.0,1.9107,True,55.42969579954624,1.0,1.0,0.216685,70.23461721068014,0.0,2.5264,,0.7539633513139481,False,,False,0.0,False,False,ranging,0,expansion,1.0,53.27231121281465,rising,6,strong,0.1256,0.1269,0.1225,7630260.0,0.12409291014855271,0.12176632775304662,0.11798114077378045,0.12366231304813921,0.12138296052835129,70.23461721068014,0.002326582395506094,0.002054426252656903,0.00027215614284919077,0.000361004338555612,55.42969579954624,32.34421381825411,13.495130035405408,0.002148713210373062,0.12180828221834686,1,3020200.045,,False,False,True,False,False,False,True,True,False,True
OP_USDT_09a00e00,OP/USDT,1h,BUY,2026-04-16 21:00:00+00:00,backtest,SL,-3.0444,-3.2444,False,40.0,atr,0.1313,0.12730267,1.0,1.0,2.8257,True,57.10520331301983,1.0,1.0,0.170159,67.56770830808716,0.0,3.044,,0.9052036846763545,False,,False,0.0,True,True,ranging,0,trend,1.0,65.46532846715328,rising,6,strong,0.1313,0.1319,0.1296,12289844.2,0.12944243103028047,0.12588532100582817,0.12070383007534373,0.12891169703893204,0.125343853106411,67.56770830808716,0.0035571100244523035,0.0033336918538172107,0.00022341817063509283,0.000345861164021384,57.10520331301983,32.59170115666016,9.961609039751293,0.002664889442525492,0.12467248410436042,1,4037390.62,,False,False,True,False,False,False,True,True,False,True
OP_USDT_cc152408,OP/USDT,1h,SELL,2026-04-19 17:00:00+00:00,backtest,SL,-2.0421,-2.2421,False,59.0,atr,0.1235,0.12602194,1.0,-0.6579227283242869,0.6579,True,35.66699726391683,0.5222332421305609,0.5222332421305609,-0.067328,27.841020823868746,-1.0,1.6641,,0.6022341690019596,False,,False,0.0,False,False,bearish,1,range,0.3,36.5929203539823,falling,5,moderate,0.1217,0.1243,0.1216,2012447.1,0.1240328874535327,0.12484892801068638,0.12636251561931902,0.12469942672597062,0.12516382081175503,27.841020823868746,-0.0008160405571536744,-0.0007341027759379374,-8.193778121573698e-05,0.00022873979954565467,35.66699726391683,13.01798306780702,28.07383729285601,0.0016812901605179208,0.1267915629681764,-1,1209310.705,,False,False,False,True,False,True,True,False,True,True
OP_USDT_e9978ec6,OP/USDT,1h,BUY,2026-04-22 06:00:00+00:00,backtest,SL,-1.9028,-2.1028,False,13.0,atr,0.127,0.12458344,1.0,1.0,1.1432,True,20.537089052819216,0.017902968427307188,0.3,0.42399,74.87760797959673,-1.0,2.3247,,0.8494025860902579,False,,True,0.8,False,False,bearish,1,range,0.3,33.90779836277466,rising,6,strong,0.1275,0.1278,0.1269,16954851.3,0.1255510055509084,0.12413188388997785,0.1238254940903152,0.12499414999402508,0.12379507227897564,74.87760797959673,0.0014191216609305418,0.0008785339588176639,0.000540587702112878,0.0005908376072882182,20.537089052819216,31.290741473212915,10.055676820956469,0.001611041934152361,0.12326099841940928,1,7293307.74,,False,False,True,False,False,False,True,True,False,True
OP_USDT_76232b00,OP/USDT,1h,SELL,2026-04-27 10:00:00+00:00,backtest,SL,-1.773,-1.973,False,44.0,atr,0.1221,0.12426479,1.0,-1.0,1.0576,True,20.352795004077116,0.011759833469237198,0.3,-0.342914,28.33074667181245,0.0,2.7841,,0.5720352106109315,True,bullish,True,0.8,False,False,bullish,1,range,0.3,23.43558282208589,rising,5,moderate,0.122,0.1226,0.1219,5713757.5,0.12348099004196798,0.12478688181440821,0.1251230210243279,0.12390413005395884,0.12506556999584903,28.33074667181245,-0.0013058917724402264,-0.0008875370186619752,-0.0004183547537782512,-0.00048308030011734156,20.352795004077116,15.924579332269886,30.225459597543175,0.0014431914611050672,0.1258473976182771,-1,2052307.3650000002,,False,False,False,True,False,False,True,False,True,True
OP_USDT_d2836147,OP/USDT,1h,SELL,2026-04-29 15:00:00+00:00,backtest,SL,-1.9696,-2.1696,False,10.0,atr,0.1191,0.12144578,1.0,-0.46227368351996956,0.4623,True,21.43584740050632,0.047861580016877285,0.3,-0.536454,26.03685659615244,-1.0,0.1028,,0.551955070066643,True,bullish,True,1.0,False,False,bullish,1,range,0.3,34.02722177742194,falling,4,moderate,0.1182,0.121,0.118,2937805.5,0.12145629800082508,0.12201775850346049,0.12235045762314972,0.12238666885820368,0.12239953435380654,26.03685659615244,-0.0005614605026354053,7.262768112301963e-05,-0.0006340881837584249,-0.0004025372686050971,21.43584740050632,16.495827989091225,30.2947047407573,0.0015638565204938704,0.12368495153107208,-1,28580421.099999998,,False,False,False,True,False,False,False,False,True,True
OP_USDT_c1b31b27,OP/USDT,1h,BUY,2026-05-05 08:00:00+00:00,backtest,TP,4.3315,4.1315,True,23.0,atr,0.1275,0.13302262,2.0,0.926580619180275,0.9266,True,24.688910778321908,0.1562970259440636,0.3,0.08299,65.12952495791617,0.0,6.3144,,0.5274738059002382,True,bullish,False,0.0,False,False,bearish,2,range,0.3,50.55028462998102,stable,6,strong,0.128,0.1283,0.1269,88021633.9,0.12691072207620208,0.12574558782989595,0.12442038283401884,0.12659949981225982,0.12552014661288555,65.12952495791617,0.0011651342463061265,0.0010589070925944618,0.00010622715371166468,7.355968363564284e-05,24.688910778321908,24.44698737785952,11.260142230353566,0.0018408733333362605,0.12309159782461983,1,13939791.005,,False,False,True,False,False,False,True,True,False,True
OP_USDT_34cef18c,OP/USDT,1h,BUY,2026-05-06 08:00:00+00:00,backtest,TP,4.3409,4.1409,True,11.0,bos,0.1331,0.13887772,1.83,1.0,1.4572,True,30.087370094086744,0.33624566980289144,0.33624566980289144,0.21113,78.872337878054,-1.0,7.0395,,0.8553137201542634,True,bullish,False,0.0,False,False,bullish,1,trend,0.5847895015681124,53.59157578036856,rising,6,strong,0.1349,0.1355,0.132,39044756.6,0.13220826376512565,0.1303094440201839,0.12774274941827835,0.13143919626944728,0.1298503884222023,78.872337878054,0.0018988197449417432,0.0016140051419422131,0.00028481460299953007,0.00011721000680251815,30.087370094086744,31.668970707641613,10.286127703785025,0.001925905051720671,0.1288023220045158,1,5546536.94,,False,False,True,False,False,False,True,True,False,True
OP_USDT_d99f4636,OP/USDT,1h,BUY,2026-05-07 04:00:00+00:00,backtest,TP,6.8363,6.6363,True,1.0,atr,0.1401,0.14967759,2.0,1.0,1.7255,True,42.542369706306275,0.7514123235435425,0.7514123235435425,-0.103322,65.42451815380785,0.0,0.2497,,0.9127494508345412,True,bullish,False,0.0,False,False,bullish,1,range,0.3,78.01418439716312,falling,4,moderate,0.1444,0.1445,0.1385,2279391.5,0.14093640889981787,0.13854582594406098,0.1337133526237192,0.13994681144262297,0.13796040853846708,65.42451815380785,0.0023905829557568925,0.0025397801950554346,-0.00014919723929854214,-0.0006279759105488184,42.542369706306275,34.359914867351435,11.541178596487907,0.003192529032919441,0.13709043304109797,1,9128630.06,,False,False,True,False,False,False,False,True,False,True
OP_USDT_a0694612,OP/USDT,1h,BUY,2026-05-07 05:00:00+00:00,backtest,TP,6.988,6.788,True,36.0,atr,0.1472,0.15748633,2.0,1.0,2.354,True,43.93651776913843,0.7978839256379477,0.7978839256379477,0.332377,73.02273235533625,-1.0,2.4268,,1.0,True,bullish,False,0.0,False,False,bullish,1,expansion,1.0,79.88805970149254,stable,6,strong,0.1494,0.1507,0.1442,24920008.3,0.14281720692208058,0.13953256904005545,0.13427359003001493,0.14093640889981787,0.13854582594406098,73.02273235533625,0.0032846378820251265,0.0027880660907119987,0.0004965717913131278,-0.00014919723929854214,43.93651776913843,42.623181042541916,9.978404344261776,0.0034287769591394815,0.13802510306339325,1,10268601.135000002,,False,False,True,False,True,False,True,True,False,True
OP_USDT_5d2e50c7,OP/USDT,1h,SELL,2026-05-16 08:00:00+00:00,backtest,SL,-1.33,-1.53,False,8.0,bos,0.1332,0.1349715,1.0,-1.0,1.5088,True,43.47005935067596,0.7823353116891987,0.7823353116891987,-0.231874,19.972282001841734,-1.0,1.6239,,1.0,True,bearish,False,0.0,False,False,bearish,1,trend,0.8078343225112661,34.70162124870645,rising,5,moderate,0.1326,0.1336,0.1326,3971581.1,0.1346720121373598,0.13670396336981108,0.14078362877818462,0.1352640156051769,0.1371143597067922,19.972282001841734,-0.0020319512324512845,-0.0017244864700059043,-0.0003074647624453802,-0.0002795900128320895,43.47005935067596,8.653506127696089,36.935498135615425,0.0015926336789578667,0.13694617989582428,-1,2445777.985,,False,False,False,True,False,False,True,False,True,True
OP_USDT_16d9f1cb,OP/USDT,1h,SELL,2026-05-19 15:00:00+00:00,backtest,SL,-1.4972,-1.6972,False,24.0,structural,0.1269,0.1288,1.0,-0.3045286807313926,0.3045,True,20.17525561453661,0.005841853817887,-0.3,-0.171749,38.966930595111855,0.0,0.0203,,0.38471139376880453,True,bullish,True,1.0,False,False,bullish,1,range,0.3,31.531229012760242,rising,3,weak,0.1268,0.1273,0.1257,954540.7,0.12753333851094317,0.12792171410420325,0.12925265248779622,0.12774286379978406,0.12803388551462358,38.966930595111855,-0.0003883755932600763,-0.0001705983281529917,-0.0002177772651070846,-0.00022931201924007393,20.17525561453661,11.088738242960941,20.706523087181054,0.001520844300904795,0.1257910490577593,1,46982671.589999996,,False,False,False,True,False,False,False,True,False,True
OP_USDT_0352e333,OP/USDT,1h,SELL,2026-05-24 21:00:00+00:00,backtest,SL,-1.7917,-1.9917,False,9.0,atr,0.1254,0.12764673,1.0,-0.8819246385379077,0.8819,True,23.03692222050021,0.1012307406833403,0.3,-0.244363,23.289946296466876,-1.0,1.7177,,0.8889092405600826,False,,False,0.0,False,False,bearish,1,range,0.3,30.09020618556701,rising,5,moderate,0.1233,0.1256,0.1226,23739102.7,0.12565464125528253,0.12676282049597928,0.12776853926262918,0.12632739589964898,0.12710910254557722,23.289946296466876,-0.001108179240696755,-0.0008068790751926747,-0.0003013001655040803,-0.00012547765348761388,23.03692222050021,12.489398417060954,34.71212943106302,0.0014978203595560663,0.12776514806057163,-1,13820260.894999998,,False,False,False,True,False,False,True,False,True,True
OP_USDT_90a9cf8c,OP/USDT,1h,BUY,2026-06-01 22:00:00+00:00,backtest,SL,-1.0,-1.2,False,3.0,bos,0.1217,0.120483,1.0,1.0,1.7177,True,25.29820000005841,0.17660666666861372,0.3,0.342985,66.42703234800867,0.0,1.685,,0.3760837233216314,True,bullish,False,0.0,False,False,bearish,2,trend,0.5049700000009735,66.27236882013952,rising,6,strong,0.1233,0.1234,0.1212,3352587.5,0.12190263882631489,0.11984406287304072,0.11925581703891606,0.12150339277669055,0.1194984691603448,66.42703234800867,0.002058575953274161,0.0016356750031785686,0.0004229009500955924,0.0005806990882149718,25.29820000005841,25.03311733147731,15.631024248436525,0.0022218314135492735,0.11792608096579804,1,1989623.76,,False,False,True,False,False,False,True,True,False,True
OP_USDT_40fa89fc,OP/USDT,1h,SELL,2026-06-06 17:00:00+00:00,backtest,SL,-4.1116,-4.3116,False,29.0,atr,0.0941,0.097969,1.0,-1.0,1.5511,True,41.80597562498113,0.7268658541660377,0.7268658541660377,-0.037109,36.688012465423235,0.0,1.6319,,0.7366663815293566,False,,False,0.0,False,False,bearish,1,trend,0.7800995937496855,71.54161781946073,rising,5,moderate,0.0934,0.0947,0.0931,2004212.5,0.09499037419836093,0.09646374357933961,0.10192262433755502,0.09544476682646405,0.09677011793727357,36.688012465423235,-0.0014733693809786813,-0.001438709764465603,-3.4659616513078254e-05,9.602884539954698e-05,41.80597562498113,12.462654014262236,30.879313552496154,0.0025793343680307907,0.09976822955717338,-1,1228138.5550000002,,False,False,False,True,False,True,True,False,True,True
OP_USDT_d784c79b,OP/USDT,1h,SELL,2026-06-09 02:00:00+00:00,backtest,SL,-1.0,-1.2,False,2.0,structural,0.0938,0.094738,1.0,-1.0,1.0588,True,20.247120161323167,0.008237338710772235,0.3,-0.538166,29.256582014063245,0.0,0.7762,,0.4572919165525077,False,,True,0.8,True,True,ranging,0,range,0.3,39.86739694436437,rising,4,moderate,0.0932,0.0942,0.0926,1029849.3,0.09508624832927232,0.09609306264965307,0.09678717436141117,0.09562517642335011,0.09638236891461839,29.256582014063245,-0.0010068143203807584,-0.0005052432153018609,-0.0005015711050788974,-0.0005027348285058676,20.247120161323167,16.968563026115138,28.40086093992783,0.0016494272133493234,0.0974276048877433,-1,1326747.1600000001,,False,False,False,True,False,False,False,False,True,True
OP_USDT_df74ada5,OP/USDT,1h,BUY,2026-06-12 14:00:00+00:00,backtest,TP,5.4626,5.2626,True,16.0,bos,0.0986,0.10398608,2.47,1.0,1.6154,True,22.462581693515702,0.0820860564505234,0.3,0.182943,69.89938401981536,0.0,1.3813,,0.43885395312272735,True,bullish,False,0.0,True,True,bullish,1,expansion,1.0,49.169715733183224,rising,5,moderate,0.1004,0.1007,0.0979,1764484.6,0.09858547088236592,0.0970182347606203,0.09563723572536281,0.09806703399161333,0.09668005823668233,69.89938401981536,0.001567236121745627,0.0013835612502565528,0.00018367487148907426,9.525194041898962e-05,22.462581693515702,28.06189475932021,17.090545931252027,0.0017953612890194755,0.0958765133557958,1,1277410.4200000004,,False,False,True,False,False,False,False,True,False,True
SUI_USDT_4b29f266,SUI/USDT,1h,SELL,2026-01-19 01:00:00+00:00,backtest,TP,5.6853,5.4853,True,36.0,atr,1.5998,1.50884684,2.0,-1.0,2.8602,True,27.791811596227927,0.25972705320759754,0.3,-1.469115,10.609755671685642,-1.0,2.7858,,1.0,False,,False,0.0,True,True,bearish,1,expansion,1.0,100.0,rising,5,moderate,1.5781,1.6054,1.5674,4623213.0,1.6899469914064549,1.7382828976754905,1.766252929342187,1.7219032746654421,1.7543011874430396,10.609755671685642,-0.04833590626903561,-0.025151797719197566,-0.023184108549838045,-0.018838169333318975,27.791811596227927,6.868669721103694,62.08690807463409,0.03031771901753105,1.678299144975105,-1,1659589.35,,False,False,False,True,False,False,True,False,True,True
SUI_USDT_1449c5c7,SUI/USDT,1h,SELL,2026-01-29 14:00:00+00:00,backtest,TP,3.5236,3.3236,True,1.0,structural,1.3614,1.31342946,3.52,-1.0,1.444,True,38.16525880343278,0.6055086267810926,0.6055086267810926,-0.110238,22.13492737988468,-1.0,3.1023,,1.0,False,,False,0.0,False,False,bearish,1,range,0.3,45.6973293768546,stable,5,moderate,1.3263,1.3654,1.3229,3108190.0,1.3536146871542234,1.3731603130806451,1.401277823874848,1.3614188834840015,1.3778463443887097,22.13492737988468,-0.019545625926421728,-0.0180835348553538,-0.001462091071067928,0.000925028415111686,38.16525880343278,9.099461978573443,36.89908447620771,0.015990180903633695,1.3832586433785514,-1,1001901.7,,False,False,False,True,False,True,True,False,True,True
SUI_USDT_cbde5d47,SUI/USDT,1h,SELL,2026-01-29 18:00:00+00:00,backtest,TP,4.8397,4.6397,True,24.0,atr,1.3112,1.24774173,2.0,-1.0,2.2672,True,44.55143172879815,0.818381057626605,0.818381057626605,-0.318939,23.93833536596719,-1.0,1.6628,,1.0,False,,False,0.0,True,True,bearish,1,expansion,1.0,82.69794721407625,rising,5,moderate,1.2873,1.3185,1.2834,2757954.0,1.3209946751801998,1.3509436808145925,1.3880198276725084,1.3306217252316852,1.3573080488960518,23.93833536596719,-0.029949005634392734,-0.025843304813788333,-0.004105700820604401,-0.0028958692608805,44.55143172879815,11.291157594873779,42.19785144318569,0.02115275814214604,1.350736501022964,-1,1658632.0000000002,,False,False,False,True,False,False,True,False,True,True
SUI_USDT_136b25b1,SUI/USDT,1h,SELL,2026-01-31 12:00:00+00:00,backtest,TP,4.361,4.161,True,2.0,atr,1.2207,1.16746518,2.0,-1.0,1.6546,True,63.04536024742784,1.0,1.0,-0.073474,26.80115687300087,-1.0,0.6219,,1.0,True,bullish,True,0.8,False,False,bearish,2,trend,1.0,54.308093994778076,rising,4,moderate,1.2224,1.2276,1.2185,685604.0,1.2319607947847102,1.2523443027149943,1.2922110610070083,1.2346924504374845,1.2553387329864938,26.80115687300087,-0.020383507930284095,-0.019485367080203753,-0.0008981408500803416,-0.001609985893845662,63.04536024742784,4.458018319099653,33.28503516299813,0.01774494046482439,1.2643307315015284,-1,1102396.45,,False,False,False,True,False,False,False,False,True,True
SUI_USDT_e13ec9fd,SUI/USDT,1h,SELL,2026-01-31 14:00:00+00:00,backtest,TP,5.3497,5.1497,True,3.0,atr,1.2075,1.14290212,2.0,-1.0,2.201,True,65.80253041118023,1.0,1.0,-0.390012,13.324811140729206,-1.0,6.6061,,1.0,True,bullish,True,0.8,False,False,bearish,2,expansion,1.0,79.74025974025975,rising,5,moderate,1.1682,1.219,1.1428,9015284.0,1.2148775178327258,1.241616779103301,1.2851264840230983,1.228213951499219,1.2489584570136312,13.324811140729206,-0.026739261270575243,-0.022183140351262797,-0.004556120919312446,-0.0008394256228056313,65.80253041118023,3.167743485568491,48.611167074846854,0.02153262723752716,1.236064892516238,-1,1364691.4000000001,,False,False,False,True,False,False,True,False,True,True
SUI_USDT_c38b39ff,SUI/USDT,1h,SELL,2026-01-31 17:00:00+00:00,backtest,TP,7.1708,6.9708,True,1.0,atr,1.1167,1.03662385,2.0,-1.0,3.5113,True,70.60137295315022,1.0,1.0,-0.806556,7.825337927929585,-1.0,5.3412,,1.0,True,bullish,True,0.8,False,False,bearish,2,expansion,1.0,95.36082474226805,rising,5,moderate,1.1128,1.1644,1.0856,10638028.0,1.1762608897347393,1.2175624185599556,1.2707453345948725,1.1943925725160933,1.2280386604159512,7.825337927929585,-0.041301528825216316,-0.03232616929992229,-0.008975359525294026,-0.005807598362582628,70.60137295315022,2.046025619859686,52.79246177977016,0.026692048848705262,1.1977537066443378,-1,1991706.5,,False,False,False,True,False,False,True,False,True,True
SUI_USDT_d8773bdc,SUI/USDT,1h,SELL,2026-01-31 18:00:00+00:00,backtest,SL,-4.1779,-4.3779,False,6.0,atr,1.1153,1.16189607,1.0,-1.0,4.0033,True,72.28318515163951,1.0,1.0,-0.851709,7.5336336816246625,-1.0,3.3992,,1.0,True,bullish,True,0.8,False,False,bearish,2,expansion,1.0,100.0,rising,5,moderate,1.1082,1.1212,1.0333,8014774.0,1.161136247571464,1.2076203805090504,1.2649401440736272,1.1762608897347393,1.2175624185599556,7.5336336816246625,-0.046484132937586464,-0.03704549051247702,-0.009438642425109445,-0.008975359525294026,72.28318515163951,1.632489074625323,54.14805426328805,0.03106404535951202,1.164703335979904,-1,2357840.85,,False,False,False,True,False,False,True,False,True,True
SUI_USDT_8dbf5486,SUI/USDT,1h,SELL,2026-02-01 05:00:00+00:00,backtest,TP,9.3517,9.1517,True,101.0,atr,1.1399,1.0333,2.91,-1.0,1.7099,True,65.11620475558695,1.0,1.0,0.343689,36.373210377612345,0.0,0.3103,,1.0,True,bullish,True,0.8,False,False,bearish,2,range,0.3,87.75,falling,3,weak,1.1379,1.146,1.1324,797413.0,1.1451230419512035,1.1647035060990008,1.2236819463749429,1.147186768222976,1.1673838567089008,36.373210377612345,-0.01958046414779724,-0.023491297029817976,0.003910832882020737,0.005249624984903511,65.11620475558695,11.200242312078862,36.76472150581613,0.024449977417532177,1.164703335979904,-1,2569605.9499999997,,False,False,False,True,False,False,False,False,True,True
SUI_USDT_7a0cf865,SUI/USDT,1h,SELL,2026-02-05 10:00:00+00:00,backtest,TP,6.4564,6.2564,True,5.0,atr,1.033,0.96630514,2.0,-1.0,2.1301,True,38.22449915283162,0.6074833050943873,0.6074833050943873,-0.291574,18.13515691551372,-1.0,1.5804,,0.9929450194956141,False,,False,0.0,False,False,bearish,1,trend,0.7204083192138603,72.65469061876247,rising,5,moderate,1.0137,1.0424,1.0092,2904848.0,1.0433040543148497,1.0655274087311912,1.095001447115899,1.0517623555476638,1.0707101496043103,18.13515691551372,-0.02222335441634149,-0.01926766934076174,-0.0029556850755797504,-0.0011579672536746223,38.22449915283162,6.745717199391853,31.569342686782203,0.02223161870357308,1.0814873115875547,-1,1838067.4999999998,,False,False,False,True,False,False,True,False,True,True
SUI_USDT_c5aadcb1,SUI/USDT,1h,SELL,2026-02-05 20:00:00+00:00,backtest,TP,9.6111,9.4111,True,4.0,structural,0.9177,0.82949918,2.68,-1.0,5.1429,True,55.80283437477887,1.0,1.0,-0.726705,12.415120822462658,-1.0,2.3351,,1.0,False,,False,0.0,True,True,ranging,0,expansion,1.0,98.43444227005871,rising,5,moderate,0.8936,0.9311,0.8764,7404619.0,0.9476397652283453,0.9963759052667522,1.0534322419622237,0.9630796981507297,1.0066534957934274,12.415120822462658,-0.04873614003840698,-0.042242302303158785,-0.006493837735248198,-0.004578414207163067,55.80283437477887,4.284448556090157,40.499803107605665,0.02940027274048991,0.9824882954703363,-1,3170980.9000000004,,False,False,False,True,False,False,True,False,True,True
SUI_USDT_054aca8c,SUI/USDT,1h,SELL,2026-02-12 18:00:00+00:00,backtest,SL,-1.0448,-1.2448,False,1.0,structural,0.9093,0.9188,1.0,-0.253503224226554,0.2535,True,27.606327664732852,0.25354425549109505,0.3,-0.492186,41.76152099953106,0.0,0.719,,0.19402899890197148,False,,True,1.0,False,False,ranging,0,range,0.3,34.416543574593796,falling,4,moderate,0.9056,0.912,0.9001,666075.0,0.9146874499866718,0.9170062121639837,0.9209834579048725,0.9172838642685781,0.9181468333803822,41.76152099953106,-0.0023187621773118616,0.0021384766928953746,-0.004457238870207237,-0.00523006523980305,27.606327664732852,17.53067922228643,22.381404194835717,0.015436604360465792,0.9443282021144068,-1,926329.9500000001,,False,False,False,True,False,False,False,False,True,True
SUI_USDT_c87a07b6,SUI/USDT,1h,SELL,2026-02-12 19:00:00+00:00,backtest,SL,-1.4912,-1.6912,False,3.0,structural,0.9053,0.9188,1.0,-0.26777140447865544,0.2678,True,25.90716036427738,0.1969053454759127,0.3,-0.335212,46.68367307867885,0.5,1.0347,,-0.06331377287041519,False,,True,1.0,False,False,ranging,0,range,0.3,39.97050147492625,falling,4,moderate,0.9121,0.9253,0.9007,983141.0,0.9141124611007448,0.9165601928763487,0.9206661915511271,0.9146874499866718,0.9170062121639837,46.68367307867885,-0.0024477317756038675,0.0006097405367289608,-0.0030574723123328283,-0.004457238870207237,25.90716036427738,21.5202114533601,19.93736713159972,0.016091132620432526,0.9443282021144068,-1,950128.9500000002,,False,False,False,True,False,False,False,False,True,True
SUI_USDT_d9f9f193,SUI/USDT,1h,BUY,2026-02-13 15:00:00+00:00,backtest,TP,4.2925,4.0925,True,18.0,bos,0.947,0.98765029,2.35,0.8384657718188329,0.8385,True,18.83853979297315,0.0,0.3,0.307515,71.97762949144892,0.0,3.0854,,0.8238324268133264,True,bullish,False,0.0,False,False,bullish,1,compression,0.14040114613180532,17.191977077363894,rising,5,moderate,0.952,0.962,0.9343,2038666.0,0.9320233792699445,0.9242736609846514,0.921765614504211,0.9263157733470715,0.9215010270831164,71.97762949144892,0.007749718285293139,0.004822174956557212,0.002927543328735927,0.001456342971765813,18.83853979297315,33.87271905263145,13.276908382298293,0.013550097203560716,0.913712628776139,1,660751.8000000002,,False,False,True,False,False,False,True,True,False,False
SUI_USDT_5bbbb927,SUI/USDT,1h,BUY,2026-02-15 07:00:00+00:00,backtest,SL,-2.3319,-2.5319,False,3.0,atr,1.0367,1.01252503,1.0,1.0,1.2772,True,41.28165319189049,0.709388439729683,0.709388439729683,-0.044071,70.47259202283311,0.0,0.7441,,0.6435763921159176,True,bullish,False,0.0,False,False,bearish,2,range,0.3,44.85094850948509,falling,4,moderate,1.0421,1.049,1.027,1030945.0,1.030042271490038,1.017052911964912,0.9866664291281074,1.0265972062014772,1.0145482031614033,70.47259202283311,0.01298935952512581,0.013448627395928423,-0.00045926787080261336,-0.0016292582912557814,41.28165319189049,28.156476025597357,12.067066222699419,0.016116648389532605,0.9963981066843022,1,1385438.5,,False,False,True,False,False,False,False,True,False,True
SUI_USDT_f0f2ecd1,SUI/USDT,1h,SELL,2026-02-24 03:00:00+00:00,backtest,SL,-2.1548,-2.3548,False,22.0,atr,0.8678,0.88649914,1.0,-1.0,1.0202,True,30.387868124868923,0.3462622708289641,0.3462622708289641,-0.145578,29.356243249285182,0.0,1.7552,,0.965385401589628,False,,False,0.0,False,False,ranging,0,range,0.3,24.526315789473685,stable,5,moderate,0.8572,0.8759,0.8524,1302081.0,0.8751221996106708,0.8840504700023273,0.9026356198754434,0.8802428280708626,0.88673551700256,29.356243249285182,-0.008928270391656445,-0.007680375020429713,-0.0012478953712267322,0.0005637384031189352,30.387868124868923,14.33501306483461,38.46964810457531,0.012466096353908336,0.89658309029065,-1,741840.4000000001,,False,False,False,True,False,True,True,False,True,True
SUI_USDT_1bb586e6,SUI/USDT,1h,BUY,2026-02-25 14:00:00+00:00,backtest,TP,4.1282,3.9282,True,2.0,bos,0.9164,0.95423074,2.29,1.0,1.8406,True,24.863264306140657,0.16210881020468856,0.3,0.51991,82.45432566095835,-1.0,3.1198,,1.0,True,bullish,True,1.0,False,False,bullish,1,range,0.3,27.51269035532995,rising,6,strong,0.9386,0.9391,0.9112,1759484.0,0.9052776748066768,0.8889164163965954,0.8859196007828529,0.8957570104657273,0.883948058036255,82.45432566095835,0.016361258410081403,0.011481379702148423,0.00487987870793298,0.0027675120812903978,24.863264306140657,43.28807898793356,13.632943135762005,0.01261024761748094,0.8924156028608085,1,563965.8999999999,,False,False,True,False,False,False,True,True,False,True
SUI_USDT_62d26232,SUI/USDT,1h,SELL,2026-02-28 06:00:00+00:00,backtest,TP,4.5224,4.3224,True,1.0,atr,0.882,0.84211287,2.0,-1.0,1.8372,True,36.8022459447711,0.5600748648257033,0.5600748648257033,-0.460078,15.801003585106391,-1.0,3.8673,,1.0,False,,False,0.0,False,False,bearish,1,expansion,1.0,32.1258341277407,rising,5,moderate,0.8419,0.8873,0.8382,2861031.0,0.8828016589962663,0.8990206654273841,0.9142811743534006,0.8944878472809138,0.9047327319701226,15.801003585106391,-0.016219006431117844,-0.012345606443370849,-0.003873399987746995,0.00016402176028854076,36.8022459447711,8.040267849791046,47.415887844745484,0.013295709452230983,0.8972912887426974,-1,739804.3500000001,,False,False,False,True,False,True,True,False,True,True
SUI_USDT_dad4c5dc,SUI/USDT,1h,BUY,2026-03-01 13:00:00+00:00,backtest,SL,-1.464,-1.664,False,6.0,structural,0.8948,0.8817,1.0,0.40077112807691007,0.4008,True,28.06481047110465,0.2688270157034883,0.3,-0.295955,54.40477013104481,0.5,2.334,,0.22904137289730683,True,bullish,False,0.0,False,False,bearish,2,range,0.3,56.111111111111114,falling,6,strong,0.9116,0.9179,0.8885,1698074.0,0.9075450617142496,0.9039224017079847,0.9016420827047353,0.906386507918321,0.9031546418787831,54.40477013104481,0.0036226600062649883,0.006320588544738005,-0.0026979285384730167,-0.004437686774436667,28.06481047110465,25.280515910867045,19.554481588434374,0.015848586598411048,0.8886984357983659,1,727538.0499999998,,False,False,True,False,False,False,True,True,False,True
SUI_USDT_468d82ab,SUI/USDT,1h,SELL,2026-03-01 19:00:00+00:00,backtest,SL,-2.5609,-2.7609,False,6.0,structural,0.8825,0.9051,1.0,-0.5281135122432876,0.5281,True,21.655876182089134,0.05519587273630447,0.3,-0.409676,36.17704168014195,0.0,0.5835,,0.22169545404541097,False,,True,1.0,False,False,ranging,0,range,0.3,60.22099447513812,stable,4,moderate,0.8794,0.8909,0.8777,493450.0,0.8948235148692323,0.899549198761987,0.900330204292608,0.8992302334032987,0.9015641186381858,36.17704168014195,-0.0047256838927547395,-0.0011229922155313469,-0.0036026916772233927,-0.0030122388579674393,21.655876182089134,19.068587830721608,24.610974181856882,0.01635173684414151,0.9254585255464013,-1,845696.2,,False,False,False,True,False,False,False,False,True,True
SUI_USDT_df231c4c,SUI/USDT,1h,BUY,2026-03-04 15:00:00+00:00,backtest,SL,-2.7917,-2.9917,False,46.0,atr,0.9461,0.91968759,1.0,1.0,1.6653,True,23.910194174375494,0.13033980581251647,0.3,0.426965,78.49101437378218,-1.0,5.6427,,0.9673614546865917,False,,False,0.0,False,False,ranging,0,expansion,1.0,69.49740034662045,rising,6,strong,0.977,0.9778,0.9395,4306766.0,0.9424780084212836,0.9270403841705781,0.9162717906867737,0.9326145822559362,0.922044422587636,78.49101437378218,0.015437624250705495,0.011266172428717363,0.004171451821988132,0.0013897131505769197,23.910194174375494,35.80968574141447,11.625649374249678,0.017608274587140406,0.9117428891020687,1,763242.6500000001,,False,False,True,False,False,False,True,True,False,True
SUI_USDT_a6c95f5b,SUI/USDT,1h,SELL,2026-03-08 22:00:00+00:00,backtest,SL,-1.8154,-2.0154,False,2.0,atr,0.8776,0.89353161,1.0,-0.28442233118906896,0.2844,True,23.113745160149087,0.10379150533830289,0.3,0.014681,42.93502774611707,0.0,2.9306,,0.48809690674050515,False,,True,1.0,False,False,ranging,0,compression,0.34367541766109777,13.126491646778044,falling,4,moderate,0.884,0.888,0.8646,1458912.0,0.8868562383521068,0.8893786555395236,0.8991915456850318,0.8876723064527088,0.8899165210934759,42.93502774611707,-0.002522417187416748,-0.002652200014034981,0.00012978282661823323,0.000472876786577025,23.113745160149087,16.9469101709669,29.149332839479527,0.01062107465435951,0.9027736852639574,-1,497824.45000000007,,False,False,False,True,False,False,True,False,True,True
SUI_USDT_4577eaa5,SUI/USDT,1h,BUY,2026-03-09 13:00:00+00:00,backtest,TP,3.7535,3.5535,True,6.0,bos,0.9178,0.95225,3.75,0.9430559729895189,0.9431,True,22.461250311634835,0.0820416770544945,0.3,0.227019,73.53785028081674,-1.0,1.9967,,0.8008897838305612,True,bullish,True,0.8,False,False,bearish,2,range,0.3,29.009433962264154,rising,6,strong,0.9279,0.9324,0.9105,1104402.0,0.9098304148224539,0.9013303649791498,0.9006041317721662,0.9046676762002979,0.8986734014770648,73.53785028081674,0.008500049843304103,0.006393542842064687,0.0021065070012394153,0.0006539853817881264,22.461250311634835,34.11440785772363,14.092163261959598,0.012794121232930092,0.8881991786553406,1,553102.7,,False,False,True,False,False,False,True,True,False,True
SUI_USDT_3fc7a074,SUI/USDT,1h,BUY,2026-03-09 19:00:00+00:00,backtest,TP,4.8104,4.6104,True,19.0,bos,0.941,0.98626571,1.66,1.0,2.0326,True,32.78851016316512,0.42628367210550405,0.42628367210550405,0.452808,88.39920057114337,-1.0,3.0591,,1.0,True,bullish,True,0.8,False,False,bearish,2,expansion,1.0,52.42566510172144,rising,6,strong,0.972,0.9878,0.9401,2156468.0,0.9377805172605178,0.9190990216984622,0.9084893115145416,0.9280035221920944,0.9138089238683086,88.39920057114337,0.01868149556205556,0.014280201642644784,0.004401293919410777,0.002115043640846387,32.78851016316512,43.78914326833985,7.660056659555435,0.01508856872643919,0.923126391503773,1,704943.05,,False,False,True,False,False,False,True,True,False,True
SUI_USDT_c9a8ada7,SUI/USDT,1h,BUY,2026-03-10 14:00:00+00:00,backtest,TP,5.0105,4.8105,True,1.0,atr,0.9607,1.00883545,2.0,1.0,1.7228,True,42.406779678536665,0.7468926559512222,0.7468926559512222,0.270256,78.4377811867797,-1.0,2.9872,,1.0,True,bullish,False,0.0,False,False,bullish,1,expansion,1.0,62.14340786430223,rising,6,strong,1.0029,1.0036,0.9578,2482965.0,0.9741458062159905,0.9576469965543599,0.9348949170675573,0.965930322277702,0.9531216962097959,78.4377811867797,0.01649880966163053,0.013788412841461976,0.002710396820168555,0.0003754116365284159,42.406779678536665,36.08589445582246,9.810002304213818,0.016045150651012155,0.9406930929308222,1,831189.8500000001,,False,False,True,False,False,False,True,True,False,True
SUI_USDT_105a4bb5,SUI/USDT,1h,BUY,2026-03-13 02:00:00+00:00,backtest,SL,-2.0816,-2.2816,False,15.0,atr,1.0253,1.00395753,1.0,1.0,1.3737,True,22.74707240116317,0.09156908003877232,0.3,0.503416,73.17658453450953,-1.0,1.1472,,0.9215425764533743,False,,True,0.8,False,False,bearish,1,expansion,1.0,43.92041267501842,rising,5,moderate,1.0207,1.0296,1.017,824200.0,1.000349828740372,0.9867943371542447,0.973579974591089,0.9945354940947642,0.9834037708696691,73.17658453450953,0.013555491586127344,0.00841712062971323,0.005138370956414114,0.0052837880735888635,22.74707240116317,30.556578104299483,7.518013692965124,0.014228315615453629,0.986054141601794,1,718443.9000000001,,False,False,True,False,False,False,False,True,False,True
SUI_USDT_1462e71c,SUI/USDT,1h,BUY,2026-03-15 22:00:00+00:00,backtest,TP,3.0659,2.8659,True,5.0,structural,1.0089,1.03983205,2.71,0.5615301681709203,0.5615,True,21.717712781437264,0.057257092714575464,0.3,0.230743,74.8522552490727,-1.0,2.4133,,0.8193391469232424,True,bearish,True,0.8,False,False,bullish,2,compression,0.38596491228070184,12.280701754385964,rising,6,strong,1.0285,1.033,1.0065,955782.0,1.0112627589311602,1.0056159221523446,1.0003107834021943,1.0063378329114916,1.0033275143675793,74.8522552490727,0.0056468367788156115,0.0032736455962979107,0.002373191182517701,0.000923268538873256,21.717712781437264,29.409714446287555,8.926235773206496,0.01031068196303919,0.992167528225559,1,396049.25,,False,False,True,False,False,False,True,True,False,True
SUI_USDT_1ef12145,SUI/USDT,1h,BUY,2026-03-16 03:00:00+00:00,backtest,TP,3.6902,3.4902,True,2.0,atr,1.0234,1.06116534,2.0,0.9439608465596038,0.944,True,31.756684072104864,0.39188946907016214,0.39188946907016214,0.204854,75.7281786885971,-1.0,5.6713,,0.972783941048358,True,bearish,True,0.8,False,False,bullish,2,expansion,1.0,29.65034965034965,rising,6,strong,1.0408,1.0488,1.0186,2990083.0,1.0230973325434136,1.013530006117531,1.0045872964387066,1.0180394275558173,1.0108030067292841,75.7281786885971,0.00956732642588265,0.007435208802046796,0.002132117623835854,0.0008672708364043285,31.756684072104864,30.247559956056076,5.927961429847127,0.01258844703490865,0.9991702637419104,1,527228.35,,False,False,True,False,False,False,True,True,False,True
SUI_USDT_5e95d8c7,SUI/USDT,1h,BUY,2026-03-16 05:00:00+00:00,backtest,SL,-1.8901,-2.0901,False,23.0,atr,1.0525,1.03260703,1.0,1.0,1.5618,True,37.496694822065955,0.5832231607355318,0.5832231607355318,0.427012,83.66903341820684,-1.0,1.9301,,1.0,True,bearish,True,0.8,True,True,bullish,2,expansion,1.0,34.70670391061452,rising,6,strong,1.0643,1.0694,1.0499,1178991.0,1.0373008554892253,1.0213495918326703,1.0083630600813995,1.0295868142004327,1.0170545510159372,83.66903341820684,0.01595126365655508,0.01140657250520483,0.004544691151350252,0.003398036254965814,37.496694822065955,35.58589051620437,4.851766367001783,0.013261977290303881,1.0233634136309475,1,610838.4,,False,False,True,False,False,False,True,True,False,True
SUI_USDT_62002765,SUI/USDT,1h,SELL,2026-03-18 14:00:00+00:00,backtest,TP,4.1744,3.9744,True,22.0,atr,0.9872,0.94599036,2.0,-1.0,1.5273,True,22.215384667248358,0.07384615557494527,0.3,-0.578228,19.451809798819646,-1.0,1.9681,,0.9610466961608094,False,,False,0.0,False,False,ranging,0,expansion,1.0,40.899932840832776,rising,5,moderate,0.9739,0.9927,0.9717,1207917.0,1.0026078986937692,1.0179208712378212,1.025704725518981,1.0108101554634175,1.0223229583616031,19.451809798819646,-0.01531297254405195,-0.009681608023906909,-0.0056313645201450414,-0.004646877134351295,22.215384667248358,9.422571710566631,33.448739114586864,0.013736547026219318,1.0180912556549981,-1,613735.1,,False,False,False,True,False,False,True,False,True,True
SUI_USDT_283a68b9,SUI/USDT,1h,SELL,2026-03-19 12:00:00+00:00,backtest,SL,-1.2228,-1.4228,False,16.0,bos,0.9594,0.9711315,1.0,-1.0,1.3431,True,31.747775023085246,0.3915925007695082,0.3915925007695082,-0.137928,24.422510252128742,-1.0,2.2077,,0.9370646815857256,True,bearish,False,0.0,False,False,bullish,2,compression,0.3348775645268034,13.302448709463931,stable,5,moderate,0.9468,0.9604,0.9454,1061328.0,0.9624771333581037,0.9754038943198272,0.9964625936394039,0.966956314317562,0.97826428375181,24.422510252128742,-0.012926760961723516,-0.011620862069016514,-0.0013058988927070019,-0.00034005681158493124,31.747775023085246,12.316644771843718,35.74326181148686,0.01058560858252816,0.9785774165442142,-1,480748.6500000001,,False,False,False,True,False,False,True,False,True,True
SUI_USDT_f0a1558f,SUI/USDT,1h,BUY,2026-03-23 19:00:00+00:00,backtest,SL,-2.1128,-2.3128,False,6.0,atr,0.9591,0.93883651,1.0,1.0,1.5835,True,41.9873449284266,0.73291149761422,0.73291149761422,0.144583,64.01841273652359,0.0,0.7829,,0.8702202817124476,False,,True,1.0,False,False,ranging,0,trend,0.7831224154737767,41.9454770755886,rising,5,moderate,0.9553,0.9664,0.9548,517661.0,0.9514095275558595,0.9365788472304295,0.935730935672948,0.9502979640003908,0.9347067319534724,64.01841273652359,0.014830680325430001,0.013449481717211928,0.0013811986082180733,0.002832349633815479,41.9873449284266,35.27105741651736,13.515550373706171,0.01350899525097217,0.9249360622648971,1,661200.9000000001,,False,False,True,False,False,False,False,True,False,True
SUI_USDT_67c4e3f3,SUI/USDT,1h,BUY,2026-03-25 11:00:00+00:00,backtest,SL,-1.3339,-1.5339,False,4.0,atr,0.9664,0.95350959,1.0,0.662569421625237,0.6626,True,21.235373222105906,0.04117910740353021,0.3,0.091184,73.29443942339446,-1.0,2.3404,,0.719178678310304,False,,True,0.8,False,False,ranging,0,compression,0.6795646916565901,6.408706166868199,rising,6,strong,0.967,0.9752,0.9625,938474.0,0.9605588341130594,0.9542363558094351,0.9475305749533074,0.958718501002505,0.9529599913903786,73.29443942339446,0.006322478303624313,0.005440730204835101,0.000881748098789212,0.0007586534566859336,21.235373222105906,30.558977298238247,12.579510340480645,0.008593609003407887,0.9479849107919481,1,400989.30000000005,,False,False,True,False,False,False,True,True,False,True
SUI_USDT_c3651d25,SUI/USDT,1h,BUY,2026-03-25 23:00:00+00:00,backtest,SL,-1.3589,-1.5589,False,3.0,atr,0.9695,0.95632534,1.0,0.4410143929849542,0.441,True,18.264340411776104,0.0,0.3,0.029444,60.08211013498459,0.0,8.652,,0.3578360981612759,True,bullish,True,0.8,False,False,bullish,1,compression,0.6338535414165667,7.322929171668667,rising,4,moderate,0.968,0.9715,0.9657,6293615.0,0.9654750444665081,0.9612358559910554,0.9533911357968039,0.9647536285997963,0.960559441590161,60.08211013498459,0.004239188475452682,0.0039541664904444405,0.0002850219850082415,0.00038253151169493314,18.264340411776104,23.27242011914226,14.326517665110364,0.008783108260942708,0.9479849107919481,1,727418.6000000001,,False,False,True,False,False,False,True,True,False,False
SUI_USDT_96f4c22a,SUI/USDT,1h,SELL,2026-04-02 05:00:00+00:00,backtest,SL,-1.8752,-2.0752,False,24.0,atr,0.8549,0.87093072,1.0,-1.0,1.1378,True,22.906370554387063,0.09687901847956877,0.3,-0.337525,34.531631481114815,0.0,0.5745,,0.44047512053284543,True,bullish,True,1.0,False,False,bullish,1,range,0.3,27.880434782608692,rising,4,moderate,0.8613,0.8622,0.8533,578299.0,0.868850304112573,0.8787363640192951,0.8793473322718857,0.8710075338590224,0.8804800004212247,34.531631481114815,-0.009886059906722089,-0.00697895772315334,-0.0029071021835687487,-0.003947059930833276,22.906370554387063,15.726171960751314,26.73804997407245,0.01068714740059534,0.885040825631222,-1,1006663.45,,False,False,False,True,False,False,False,False,True,True
SUI_USDT_876f4fb8,SUI/USDT,1h,BUY,2026-04-03 21:00:00+00:00,backtest,SL,-1.1702,-1.3702,False,6.0,atr,0.8759,0.86565007,1.0,0.276771187079603,0.2768,True,26.877100951690434,0.2292366983896811,0.3,-0.007288,60.778371571337786,0.0,7.6371,,0.37820232978738244,True,bullish,False,0.0,False,False,bullish,1,compression,0.9228723404255319,1.5425531914893618,falling,5,moderate,0.876,0.8777,0.8733,5303561.0,0.8738210916398678,0.8714092818262354,0.8705127274923669,0.8731985463941158,0.8709502100088591,60.778371571337786,0.002411809813632315,0.0024756554494455006,-6.38456358131854e-05,-0.0002592418820954157,26.877100951690434,21.8395859872422,12.384527742557637,0.0068332896489948156,0.859444131823215,1,694447.55,,False,False,True,False,False,False,True,True,False,True
SUI_USDT_e74ec9b4,SUI/USDT,1h,BUY,2026-04-07 22:00:00+00:00,backtest,TP,4.0953,3.8953,True,1.0,atr,0.9161,0.95361712,2.0,1.0,1.6724,True,23.52637150916146,0.11754571697204869,0.3,0.916828,87.47765670001755,-1.0,2.96,,1.0,False,,False,0.0,False,False,bearish,1,expansion,1.0,45.72584724329792,rising,6,strong,0.952,0.952,0.9118,1846182.0,0.9009575024476704,0.8861375102672148,0.8797208928106379,0.8863739317184334,0.8795512612939362,87.47765670001755,0.014819992180455599,0.006091793865635853,0.008728198314819746,0.005094975716271154,23.52637150916146,52.48055663394477,12.077364827033454,0.012505706228183266,0.8969235740941456,1,623700.3999999999,,False,False,True,False,False,False,True,True,False,True
SUI_USDT_321fe402,SUI/USDT,1h,BUY,2026-04-10 04:00:00+00:00,backtest,SL,-1.7008,-1.9008,False,45.0,atr,0.9296,0.91378943,1.0,0.36723535645806465,0.3672,True,31.64349848676517,0.3881166162255057,0.3881166162255057,-0.07864,59.3507764085707,0.0,0.391,,0.7033826086021578,True,bullish,False,0.0,False,False,bullish,1,range,0.3,32.00393894633186,falling,4,moderate,0.9351,0.9384,0.9272,210790.0,0.931940713848456,0.928530820380409,0.9211353501435167,0.9310380606623005,0.9278739024184499,59.3507764085707,0.0034098934680469872,0.004145257003588375,-0.0007353635355413874,-0.0013487805275084336,31.64349848676517,30.24144942609341,12.656884211039465,0.010540381444830594,0.9238805697042078,1,539045.8,,False,False,True,False,False,False,False,True,False,True
SUI_USDT_8dbac5b6,SUI/USDT,1h,BUY,2026-04-13 22:00:00+00:00,backtest,TP,3.4956,3.2956,True,45.0,atr,0.9385,0.97130589,2.0,1.0,1.1971,True,29.16838913651786,0.305612971217262,0.305612971217262,0.376573,76.37573898664178,-1.0,1.6821,,1.0,False,,True,1.0,False,False,bearish,1,expansion,1.0,37.812352663837814,rising,6,strong,0.9575,0.9604,0.928,1665802.0,0.9309971702105174,0.9199841540562599,0.9182048195818387,0.9234249331278082,0.9162325694618859,76.37573898664178,0.011013016154257538,0.0074073280060934985,0.0036056881481640393,0.0015878797339107633,29.16838913651786,42.27970836124929,8.3527445462882,0.010935295772379392,0.9140417269365805,1,990289.15,,False,False,True,False,False,False,True,True,False,True
SUI_USDT_b1a405cf,SUI/USDT,1h,BUY,2026-04-15 21:00:00+00:00,backtest,TP,2.9529,2.7529,True,16.0,atr,0.9639,0.99236297,2.0,0.9543337836100863,0.9543,True,21.157676924179096,0.038589230805969876,0.3,0.187632,70.9954152112715,0.0,1.1838,,0.6757670269475711,False,,True,0.8,False,False,ranging,0,range,0.3,27.029520295202953,rising,5,moderate,0.9681,0.9705,0.9596,557437.0,0.9589126094237878,0.9498478901155079,0.9409055133137221,0.9562876406877272,0.9480226791270586,70.9954152112715,0.0090647193082799,0.007248258415849899,0.0018164608924300012,0.001924933591033684,21.157676924179096,26.44521017736433,9.551034503675055,0.00948765611699774,0.9409218892834865,1,470879.80000000005,,False,False,True,False,False,False,False,True,False,True
SUI_USDT_19b758e2,SUI/USDT,1h,SELL,2026-04-18 23:00:00+00:00,backtest,TP,2.9121,2.7121,True,22.0,atr,0.9607,0.93272362,2.0,-1.0,1.1505,True,35.182700469945324,0.5060900156648441,0.5060900156648441,0.096869,32.07983355681126,0.0,1.5143,,0.6524643901590289,False,,False,0.0,False,False,bearish,1,range,0.3,24.219446922390723,falling,4,moderate,0.9555,0.9631,0.9546,812997.0,0.959644634010955,0.9706854768463974,0.9792697168914729,0.9608288151569421,0.9722040245310372,32.07983355681126,-0.011040842835442377,-0.011966423692570404,0.000925580857128027,0.0010540047470393304,35.182700469945324,9.921105324608812,26.232715078584533,0.009325458908126593,0.9798099511683226,-1,536878.9500000002,,False,False,False,True,False,False,True,False,True,True
SUI_USDT_dc3f3094,SUI/USDT,1h,SELL,2026-04-27 15:00:00+00:00,backtest,TP,2.6684,2.4684,True,48.0,structural,0.9274,0.90265365,2.13,-0.6486227288222183,0.6486,True,22.352493417834456,0.07841644726114853,0.3,-0.052202,32.28454295649565,0.0,2.0323,,0.6432298678698963,True,bullish,True,0.8,False,False,bearish,2,compression,0.2081632653061224,15.836734693877553,falling,5,moderate,0.9206,0.934,0.913,1506203.0,0.9289986185718115,0.9350243147623127,0.9397518455156603,0.9313982238780435,0.936466746238544,32.28454295649565,-0.006025696190501195,-0.005545123486593561,-0.00048057270390763386,0.000236314774139261,22.352493417834456,17.729201407387084,33.80994810413449,0.008248781817144939,0.9446694001218776,-1,741149.3000000002,,False,False,False,True,False,True,True,False,True,True
SUI_USDT_fcc4e36c,SUI/USDT,1h,SELL,2026-04-29 18:00:00+00:00,backtest,SL,-1.5185,-1.7185,False,2.0,atr,0.8891,0.90260101,1.0,-0.9320418464402939,0.932,True,24.62439789374291,0.15414659645809697,0.3,-0.286484,27.433933679490615,-1.0,0.6467,,1.0,True,bullish,True,1.0,False,False,bullish,1,range,0.3,26.54938024790084,rising,4,moderate,0.8976,0.9099,0.8808,1632778.0,0.9098867473422677,0.9183672725827121,0.924892459596658,0.9133972465829155,0.9204439998409834,27.433933679490615,-0.008480525240444403,-0.005909044606181086,-0.0025714806342633173,-0.0024234489690183793,24.62439789374291,11.063375266197212,41.30191161247424,0.009000671041239867,0.9202389016183223,-1,2524688.5999999996,,False,False,False,True,False,False,False,False,True,True
SUI_USDT_2d6786b2,SUI/USDT,1h,SELL,2026-04-29 20:00:00+00:00,backtest,SL,-1.4427,-1.6427,False,4.0,atr,0.8979,0.91085444,1.0,-1.0,1.025,True,28.481548548558916,0.2827182849519639,0.3,-0.164558,33.676309785414745,0.0,0.318,,0.9612080313128031,True,bullish,True,1.0,False,False,bullish,1,trend,0.5580258091426485,22.61286456252497,rising,4,moderate,0.9012,0.9035,0.897,817511.0,0.9057808718490261,0.9150655145311669,0.9230960498035251,0.9070896923773194,0.9164520659842836,33.676309785414745,-0.009284642682140798,-0.007801650409452802,-0.0014829922726879961,-0.002302219333855433,28.481548548558916,13.084700785481257,37.114901568301335,0.008636292887599683,0.9202389016183223,-1,2570789.55,,False,False,False,True,False,False,False,False,True,True
SUI_USDT_fc3c1300,SUI/USDT,1h,SELL,2026-04-30 13:00:00+00:00,backtest,SL,-1.1709,-1.3709,False,14.0,atr,0.9056,0.91620361,1.0,-0.27011246955955853,0.2701,True,23.94276836626406,0.13142561220880195,0.3,0.027684,44.29580616144605,0.0,7.254,,0.3690644642630936,False,,True,1.0,False,False,ranging,0,compression,0.5833333333333334,8.333333333333332,falling,4,moderate,0.9046,0.9087,0.9018,7506195.0,0.9056647883384106,0.9081111018641228,0.915574453889831,0.9059690135779565,0.9084622120505351,44.29580616144605,-0.0024463135257122293,-0.00269674218517967,0.00025042865946744075,0.0003287580423347175,23.94276836626406,17.670189518153833,26.896801124731173,0.0070690750250591815,0.9202389016183223,-1,1034763.5,,False,False,False,True,False,False,True,False,True,True
SUI_USDT_98e41b34,SUI/USDT,1h,BUY,2026-05-01 15:00:00+00:00,backtest,SL,-1.0,-1.2,False,35.0,bos,0.9224,0.913176,1.0,0.475192757012836,0.4752,True,21.025096562762524,0.03416988542541747,0.3,0.097205,70.56367737195657,0.0,2.5258,,0.6015875049469986,True,bullish,False,0.0,False,False,bullish,1,compression,0.7780832678711704,4.43833464257659,rising,6,strong,0.9246,0.9282,0.9191,1569696.0,0.919343563958034,0.9149955712763406,0.914244365411355,0.9178417250889007,0.9140351284039746,70.56367737195657,0.004347992681693391,0.0034492374789283986,0.0008987552027649925,0.0008067368073802089,21.025096562762524,26.23423031858162,11.194542694906653,0.006108580115225086,0.9080348546027509,1,621455.4500000001,,False,False,True,False,False,False,True,True,False,True
SUI_USDT_2c2a437b,SUI/USDT,1h,BUY,2026-05-05 20:00:00+00:00,backtest,TP,2.5633,2.3633,True,8.0,atr,0.9656,0.99035079,2.0,0.849207475181478,0.8492,True,38.420025457842954,0.6140008485947651,0.6140008485947651,0.022529,73.6824927297542,-1.0,1.2041,,0.9554946927103913,True,bullish,False,0.0,False,False,bullish,1,range,0.3,21.11824707215716,falling,4,moderate,0.9723,0.9723,0.9612,1572706.0,0.9622181771592996,0.9541157548472525,0.9422155761576487,0.9593376563476709,0.9522973303319778,73.6824927297542,0.008102422312047053,0.007883371687081617,0.00021905062496543545,-0.0007335203589058543,38.420025457842954,35.841346587132776,11.953979269372994,0.008250262076547863,0.9523924682416605,1,1306107.4000000001,,False,False,True,False,True,False,False,True,False,True
SUI_USDT_a0e3a443,SUI/USDT,1h,BUY,2026-05-06 06:00:00+00:00,backtest,TP,2.8904,2.6904,True,2.0,bos,0.986,1.01449942,2.89,1.0,1.1413,True,43.31797973708814,0.7772659912362713,0.7772659912362713,0.056258,68.79751616703544,0.0,3.4204,,0.8900806367906173,True,bullish,False,0.0,False,False,bullish,1,range,0.3,36.9589762890478,stable,6,strong,0.9885,0.9916,0.9821,3298752.0,0.9815556068038057,0.970479347702645,0.9536304132263049,0.979571494462036,0.9686772824729095,68.79751616703544,0.011076259101160724,0.01052014779427926,0.0005561113068814644,0.0006521198482879083,43.31797973708814,33.289061001760565,11.037045081995133,0.009499805765132058,0.962264484046683,1,964425.1499999999,,False,False,True,False,False,False,True,True,False,True
SUI_USDT_bed55f55,SUI/USDT,1h,BUY,2026-05-06 08:00:00+00:00,backtest,TP,3.2051,3.0051,True,1.0,atr,0.9963,1.02823266,2.0,1.0,1.4633,True,45.70242090535566,0.8567473635118553,0.8567473635118553,0.225228,80.56270476158522,-1.0,1.6827,,1.0,False,,False,0.0,False,False,ranging,0,expansion,1.0,46.25799172621286,rising,6,strong,1.0129,1.0161,0.9903,1697234.0,0.9904645028813145,0.976180452646814,0.957096136788235,0.9840543608474044,0.9725084979114954,80.56270476158522,0.014284050234500523,0.01200271863915962,0.0022813315953409026,0.0006838100944198122,45.70242090535566,41.80408711592626,8.493453666295867,0.010644220277078155,0.9747657320778133,1,1008662.3999999999,,False,False,True,False,False,False,True,True,False,True
SUI_USDT_725c76c6,SUI/USDT,1h,BUY,2026-05-06 09:00:00+00:00,backtest,SL,-1.6819,-1.8819,False,4.0,atr,1.014,0.99694555,1.0,1.0,1.8514,True,47.58439963458585,0.9194799878195283,0.9194799878195283,0.398821,85.01516515619065,-1.0,2.3653,,1.0,False,,False,0.0,False,False,ranging,0,expansion,1.0,51.31578947368421,rising,6,strong,1.0299,1.0306,1.0098,2522301.0,0.9992279466854669,0.98106404786074,0.9596962747600838,0.9904645028813145,0.976180452646814,85.01516515619065,0.01816389882472691,0.01405644536768205,0.004107453457044859,0.0022813315953409026,47.58439963458585,45.450862585702,7.383580962395423,0.011369633114429711,0.9894091588700319,1,1066368.5000000002,,False,False,True,False,False,False,True,True,False,True
SUI_USDT_66376485,SUI/USDT,1h,SELL,2026-05-08 00:00:00+00:00,backtest,SL,-1.6398,-1.8398,False,14.0,atr,0.9696,0.98549957,1.0,-0.7721156455170871,0.7721,True,21.209000485999173,0.040300016199972435,0.3,-0.029637,35.41631938416255,0.0,0.1615,,0.5178668240790516,True,bullish,True,1.0,False,False,bearish,2,range,0.3,45.23897739903668,stable,3,weak,0.9639,0.9699,0.9618,265458.0,0.9678903464780556,0.9753635792746622,0.9760661365635968,0.9690304454717859,0.9765099372021284,35.41631938416255,-0.00747323279660661,-0.007187563257639477,-0.0002856695389671336,-0.00043476324218665995,21.209000485999173,16.760580348768503,29.707250950744793,0.010599716609813547,0.9901608256892326,-1,1643272.3,,False,False,False,True,False,False,False,False,True,True
SUI_USDT_bbde3393,SUI/USDT,1h,BUY,2026-05-08 18:00:00+00:00,backtest,TP,3.7684,3.5684,True,6.0,atr,1.0258,1.06445629,2.0,1.0,1.5588,True,26.55428258710061,0.21847608623668696,0.3,0.405045,77.4485605954634,-1.0,1.0941,,1.0,False,,True,1.0,False,False,ranging,0,trend,0.5259047097850101,60.50791313949209,rising,5,moderate,1.0209,1.0302,1.0202,2044151.0,1.004854938736358,0.9894314522706403,0.9810647470963824,1.0002706355181745,0.9862845974977044,77.4485605954634,0.015423486465717562,0.01128838063836666,0.004135105827350901,0.004765210295778951,26.55428258710061,35.736670426524725,10.13016924352637,0.012885429961416395,0.9908487634215365,1,1868346.6000000003,,False,False,True,False,False,False,False,True,False,True
SUI_USDT_45080290,SUI/USDT,1h,BUY,2026-05-09 01:00:00+00:00,backtest,SL,-2.1976,-2.3976,False,5.0,atr,1.0924,1.06839387,1.0,1.0,2.8081,True,36.607261144534945,0.5535753714844982,0.5535753714844982,0.652936,89.67120988671027,-1.0,3.7597,,1.0,False,,False,0.0,False,False,ranging,0,expansion,1.0,81.53450807635829,rising,6,strong,1.0925,1.0975,1.077,9229031.0,1.045463228637224,1.0169078685770447,0.9949712823982264,1.0320241511050026,1.0093486554347493,89.67120988671027,0.028555360060179336,0.02142203096891342,0.007133329091265916,0.004820129246972827,36.607261144534945,49.3527668524929,9.0958784603155,0.016004088994008278,1.0431009819833543,1,2454728.8000000003,,False,False,True,False,False,False,True,True,False,True
SUI_USDT_bf8ee458,SUI/USDT,1h,BUY,2026-05-09 17:00:00+00:00,backtest,TP,4.2822,4.0822,True,7.0,atr,1.0602,1.1056,2.22,0.5511494134862899,0.5511,True,26.12439929947832,0.20414664331594398,-0.3,-0.153596,59.91611251936306,0.0,0.8722,,0.40930118158982565,True,bullish,False,0.0,False,False,bullish,1,range,0.3,65.91240875912409,falling,3,weak,1.0633,1.0679,1.0516,1377173.0,1.0560084297425685,1.0502201475589823,1.024473540454906,1.053925123954731,1.0489121623148805,59.91611251936306,0.00578828218358618,0.007421466780855754,-0.0016331845972695743,-0.003225097439640107,26.12439929947832,29.775692209837896,19.543162670092254,0.01366050866995594,1.0814195088484015,-1,1578925.7999999996,,False,False,True,False,False,False,False,False,True,True
SUI_USDT_e0628dfd,SUI/USDT,1h,SELL,2026-05-16 06:00:00+00:00,backtest,TP,3.5748,3.3748,True,41.0,atr,1.0717,1.03338911,2.0,-1.0,1.6797,True,48.2849489004307,0.9428316300143567,0.9428316300143567,-0.054356,18.186879635195204,-1.0,1.6903,,1.0,False,,False,0.0,False,False,ranging,0,range,0.3,56.679323438039354,stable,5,moderate,1.0656,1.0797,1.0601,1587176.0,1.0849485050296974,1.103172213080275,1.143422155300427,1.0904766493238967,1.1069294343883027,18.186879635195204,-0.018223708050577603,-0.017644487083028418,-0.000579220967549185,0.000902091534847764,48.2849489004307,7.940375203898192,36.103776212376054,0.012770298320751253,1.1005101230441094,-1,939011.75,,False,False,False,True,False,True,True,False,True,True
SUI_USDT_081058ff,SUI/USDT,1h,SELL,2026-05-17 23:00:00+00:00,backtest,SL,-1.1236,-1.3236,False,25.0,structural,1.0591,1.071,1.0,-0.2933484824293059,0.2933,True,20.629681753811756,0.020989391793725196,0.3,-0.208202,30.48917858285793,0.0,2.8359,,1.0,True,bullish,True,1.0,False,False,bullish,1,expansion,1.0,55.6501021102791,rising,5,moderate,1.0436,1.0615,1.0108,3233866.0,1.0615158359515846,1.0646297765470953,1.081296114365084,1.066634646223466,1.0667327542018048,30.48917858285793,-0.0031139405955107335,-0.0009411469471637213,-0.0021727936483470125,-0.000243357855348653,20.629681753811756,16.26255367101611,44.03303428108905,0.012538363032389269,1.0698139113142324,-1,1140313.0000000002,,False,False,False,True,False,False,True,False,True,True
SUI_USDT_bf603d9c,SUI/USDT,1h,BUY,2026-05-21 03:00:00+00:00,backtest,SL,-3.0171,-3.2171,False,10.0,bos,1.1108,1.0772865,1.0,1.0,1.9957,True,20.53452371970999,0.017817457323666373,0.3,0.513632,79.97971701923636,-1.0,0.6563,,0.8378714536759502,True,bullish,True,0.8,False,False,bullish,1,range,0.3,87.09356337093564,rising,5,moderate,1.1414,1.1427,1.1077,1107509.0,1.1054323145397722,1.0838024412179896,1.0697995243905782,1.095155832979707,1.0780426853397886,79.97971701923636,0.021629873321782567,0.015767278556252415,0.005862594765530152,0.004277166466431111,20.53452371970999,31.102801653182848,10.156015311284094,0.018521226940600793,1.0810055047798872,1,1687456.7500000002,,False,False,True,False,False,False,False,True,False,True
SUI_USDT_10598737,SUI/USDT,1h,BUY,2026-05-21 14:00:00+00:00,backtest,TP,5.3077,5.1077,True,4.0,atr,1.0966,1.15480455,2.0,0.365850724889659,0.3659,True,20.48690900028143,0.016230300009380964,0.3,-0.215048,53.0187947633923,0.5,0.747,,0.25125639637754915,True,bullish,False,0.0,False,False,bullish,1,range,0.3,88.52892561983471,falling,5,moderate,1.1015,1.108,1.086,1376753.0,1.0994492748473934,1.095441593835603,1.080795140122219,1.0988633533752201,1.0948357532191633,53.0187947633923,0.004007681011790387,0.006376439387470448,-0.002368758375680061,-0.0035332184192536243,20.48690900028143,23.68506489160482,17.403654982166092,0.019401515389838773,1.0815524588717087,1,1843088.2000000002,,False,False,True,False,False,False,False,True,False,True
SUI_USDT_67f423a1,SUI/USDT,1h,SELL,2026-05-23 07:00:00+00:00,backtest,SL,-2.4665,-2.6665,False,9.0,atr,1.0242,1.04946187,1.0,-1.0,2.4372,True,35.84277524146313,0.528092508048771,0.528092508048771,-0.322733,13.318287771739984,-1.0,2.1344,,1.0,False,,False,0.0,False,False,ranging,0,trend,0.6807129206910522,81.60469667318982,rising,5,moderate,0.9954,1.0296,0.9841,3226365.0,1.0310258907821992,1.0561539853475048,1.0766487322573444,1.0412047167199703,1.0622293838822554,13.318287771739984,-0.025128094565305625,-0.021915614478280054,-0.003212480087025571,-0.0007152927275178578,35.84277524146313,6.971036654742686,42.361185635373914,0.016841247404533116,1.0483137614796663,-1,1511606.15,,False,False,False,True,False,False,True,False,True,True
SUI_USDT_7c720475,SUI/USDT,1h,SELL,2026-05-24 20:00:00+00:00,backtest,SL,-1.7155,-1.9155,False,18.0,atr,1.0369,1.05468841,1.0,-0.7201440041019459,0.7201,True,22.719483744523245,0.09064945815077484,0.3,-0.229895,26.643211308563526,-1.0,1.8781,,0.6619481607781492,False,,False,0.0,False,False,bearish,1,range,0.3,48.952626490493074,rising,5,moderate,1.0273,1.0402,1.0231,2348459.0,1.0413968884980183,1.048896445749441,1.0566061407110292,1.0454245709260235,1.051056090324385,26.643211308563526,-0.007499557251422706,-0.005137845268435638,-0.0023617119829870683,-0.0016745301214194921,22.719483744523245,14.74568883373856,31.294392853192292,0.01185894233952472,1.059797606384494,-1,1250427.1,,False,False,False,True,False,False,True,False,True,True
SUI_USDT_86760b54,SUI/USDT,1h,SELL,2026-05-26 21:00:00+00:00,backtest,TP,3.9497,3.7497,True,24.0,atr,1.0015,0.96194364,2.0,-1.0,1.1437,True,20.654611945864524,0.021820398195484123,0.3,-0.278699,24.925285824519808,-1.0,0.6535,,0.6434903702051136,False,,True,1.0,False,False,ranging,0,range,0.3,57.931472081218274,rising,4,moderate,1.0004,1.0083,0.9974,911240.0,1.0138822863300627,1.0254783030613392,1.0359927089199321,1.0177343681386521,1.0279861333674734,24.925285824519808,-0.011596016731276526,-0.008807914103889695,-0.0027881026273868306,-0.002837902438624928,20.654611945864524,12.843908687054782,28.931167942182622,0.013185453999371913,1.0358621736965048,-1,1394462.2000000002,,False,False,False,True,False,False,False,False,True,True
SUI_USDT_86066875,SUI/USDT,1h,SELL,2026-05-27 21:00:00+00:00,backtest,TP,4.3014,4.1014,True,6.0,bos,0.9846,0.94224798,4.3,-1.0,1.1357,True,24.37350525916437,0.14578350863881237,0.3,-0.226344,27.91728695269184,-1.0,1.3956,,0.7592069995117063,True,bearish,False,0.0,False,False,bullish,2,expansion,1.0,65.8690176322418,rising,4,moderate,0.9628,0.9872,0.9563,1661795.0,0.9827658667537181,0.9939267297894656,1.0114796333994314,0.9884704001119232,0.9970394027684122,27.91728695269184,-0.011160863035747481,-0.00898162263611194,-0.0021792403996355406,-0.0006770002201947969,24.37350525916437,14.093717168292514,33.07389215608517,0.014117338594669742,1.0088638908860639,-1,1190717.45,,False,False,False,True,False,False,False,False,True,True
SUI_USDT_5265fb6e,SUI/USDT,1h,SELL,2026-05-28 03:00:00+00:00,backtest,TP,4.4781,4.2781,True,1.0,atr,0.9493,0.90678983,2.0,-1.0,2.1325,True,32.923614959983276,0.43078716533277583,0.43078716533277583,-0.400746,15.596309496262071,-1.0,2.5478,,1.0,False,,False,0.0,False,False,ranging,0,trend,0.6320602493330546,66.37335009428033,rising,5,moderate,0.9221,0.9523,0.9199,3416958.0,0.953875422591987,0.9742165767306152,0.9993774038162605,0.9629541147611262,0.9794282344036768,15.596309496262071,-0.020341154138628248,-0.01664587327514273,-0.003695280863485518,-0.0016758867991505545,32.923614959983276,9.162601604405594,41.02695980190803,0.014170058272488411,0.9728547165363808,-1,1341143.85,,False,False,False,True,False,False,True,False,True,True
SUI_USDT_aad23ee3,SUI/USDT,1h,SELL,2026-06-03 20:00:00+00:00,backtest,SL,-2.7214,-2.9214,False,1.0,atr,0.8187,0.8409803,1.0,-0.6715689601892164,0.6716,True,34.400483732294354,0.48001612440981184,0.48001612440981184,-0.295984,34.18730203695001,0.0,1.631,,0.6852306711848065,False,,False,0.0,False,False,ranging,0,trend,0.6566747288715726,72.36015554890817,rising,5,moderate,0.8042,0.8202,0.8006,1518752.0,0.8191701705589596,0.8246714631555626,0.8400964218925877,0.8234473621472337,0.8267186094711189,34.18730203695001,-0.005501292596603036,-0.003120992333020993,-0.0023803002635820426,-0.0013404051226552018,34.400483732294354,12.495853027727836,29.626619807348,0.01485353654641001,0.8406776722678119,-1,931178.0499999999,,False,False,False,True,False,False,True,False,True,True
SUI_USDT_f25ed01c,SUI/USDT,1h,SELL,2026-06-04 00:00:00+00:00,backtest,TP,5.9352,5.7352,True,2.0,structural,0.8282,0.77904481,3.37,-0.2782079605043075,0.2782,True,29.793387465343013,0.3264462488447671,0.3264462488447671,-0.041869,44.068337818405546,0.0,1.0506,,0.5252112765720696,False,,True,1.0,False,False,ranging,0,range,0.3,81.11741858380638,falling,4,moderate,0.8149,0.83,0.8079,1030700.0,0.8231268068148243,0.8254168111164281,0.838410340494551,0.8254773230476312,0.826468492228071,44.068337818405546,-0.002290004301603754,-0.0019488101146684018,-0.00034119418693535236,0.0007870438407609928,29.793387465343013,16.449698420005937,29.579980334307677,0.016385062403738437,0.8406776722678119,-1,981015.8500000001,,False,False,False,True,False,True,False,False,True,True
SUI_USDT_7d69519f,SUI/USDT,1h,SELL,2026-06-04 02:00:00+00:00,backtest,SL,-3.8394,-4.0394,False,1.0,atr,0.7768,0.80662456,1.0,-1.0,1.1195,True,32.46777042557305,0.4155923475191017,0.4155923475191017,-0.47011,35.643135166186156,0.0,3.9464,,1.0,False,,True,1.0,False,False,ranging,0,expansion,1.0,90.20603165123917,rising,5,moderate,0.7919,0.7979,0.7476,4923561.0,0.8102890559743999,0.8193601744763869,0.8350476252812853,0.8155430719670856,0.8221061919240256,35.643135166186156,-0.009071118501986941,-0.005348315097612698,-0.0037228034043742435,-0.003076206561514347,32.46777042557305,11.688369162299251,42.13395359002419,0.01988303850118264,0.8271099777796695,-1,1247609.75,,False,False,False,True,False,False,True,False,True,True
SUI_USDT_ca018233,SUI/USDT,1h,SELL,2026-06-04 04:00:00+00:00,backtest,TP,8.6733,8.4733,True,22.0,structural,0.8186,0.7476,8.67,-0.9968435057052759,0.9968,True,32.90431881905574,0.4301439606351913,0.4301439606351913,-0.156764,43.69859340221624,0.0,0.8766,,0.7447737758331653,False,,True,1.0,False,False,ranging,0,trend,0.6317386469842623,90.59982094897046,rising,4,moderate,0.8038,0.8199,0.8027,1141022.0,0.8093847375647605,0.8174530367573445,0.8331861209567053,0.8109803768689777,0.818818340433079,43.69859340221624,-0.008068299192584005,-0.006808231677378373,-0.0012600675152056326,-0.001659765644325714,32.90431881905574,17.205231074727102,35.82457547055623,0.02016343625867279,0.8271099777796695,-1,1301697.55,,False,False,False,True,False,False,False,False,True,True
SUI_USDT_3cddd031,SUI/USDT,1h,SELL,2026-06-05 02:00:00+00:00,backtest,TP,6.9826,6.7826,True,4.0,atr,0.7531,0.7005139,2.0,-1.0,2.0662,True,34.447964652143575,0.4815988217381192,0.4815988217381192,-0.390675,25.02582239043193,-1.0,1.0255,,0.8288064288377828,False,,True,1.0,False,False,ranging,0,trend,0.6574660775357263,84.67239845834568,rising,4,moderate,0.7358,0.759,0.7346,1155763.0,0.7603078791790179,0.7760176038521763,0.8009798976775944,0.767310130373023,0.780039364237394,25.02582239043193,-0.015709724673158454,-0.012835140834209665,-0.002874583838948789,-0.0013313849496357014,34.447964652143575,11.810916262890858,32.531076983835426,0.017528701099851333,0.7902048995793737,-1,1127033.5499999998,,False,False,False,True,False,False,False,False,True,True
SUI_USDT_f27f6aa2,SUI/USDT,1h,SELL,2026-06-05 06:00:00+00:00,backtest,SL,-3.9928,-4.1928,False,43.0,structural,0.7188,0.7475,1.0,-1.0,3.264,True,38.029529786194765,0.6009843262064921,0.6009843262064921,-0.64977,21.755001072006795,-1.0,3.4689,,1.0,False,,False,0.0,False,False,ranging,0,expansion,1.0,89.48771098608232,rising,5,moderate,0.7005,0.729,0.6868,4529383.0,0.7352105499022743,0.759207946077574,0.7905319829330201,0.7451278498743528,0.7650787406853314,21.755001072006795,-0.023997396175299723,-0.01944576059026775,-0.004551635585031973,-0.002780948013226911,38.029529786194765,9.7918464580359,37.74062787516562,0.019555972306144687,0.7585465046140271,-1,1305720.15,,False,False,False,True,False,False,True,False,True,True
SUI_USDT_975475fc,SUI/USDT,1h,BUY,2026-06-07 08:00:00+00:00,backtest,SL,-2.8175,-3.0175,False,11.0,atr,0.7493,0.7281884,1.0,1.0,2.0417,True,22.446814450150356,0.08156048167167854,0.3,0.152476,75.0265932231553,-1.0,1.4157,,0.49950070257456447,True,bullish,False,0.0,False,False,bullish,1,range,0.3,64.92559089582726,stable,5,moderate,0.7571,0.7634,0.7457,1424210.0,0.747629067909484,0.7326702314121311,0.7320319569175858,0.7449230873121937,0.7302272545533441,75.0265932231553,0.014958836497352967,0.013804440721390986,0.0011543957759619812,0.0014685899254395646,22.446814450150356,26.188292011908793,13.700774447544681,0.01407439993368552,0.7217073411050159,1,1006007.95,,False,False,True,False,False,False,False,True,False,True
SUI_USDT_cd410a0d,SUI/USDT,1h,BUY,2026-06-14 22:00:00+00:00,backtest,TP,3.1724,2.9724,True,12.0,atr,0.7808,0.80556987,2.0,0.5155788725078712,0.5156,True,24.48480602241435,0.14949353408047833,0.3,0.573116,78.53686151659831,-1.0,2.5556,,1.0,False,,True,0.8,False,False,ranging,0,compression,0.113327791632031,17.73344416735938,falling,6,strong,0.7845,0.7894,0.7763,1794531.0,0.7641439406758878,0.7602243843664414,0.7590001999948224,0.7583279237261413,0.7577968228030855,78.53686151659831,0.003919556309446404,-0.0005765357050103042,0.004496092014456708,0.0033556826352945184,24.48480602241435,38.23608843170788,11.272585383116729,0.008256624658615068,0.7599471064415325,1,702201.05,,False,False,True,False,False,False,True,True,False,True
SUI_USDT_f61b042b,SUI/USDT,1h,BUY,2026-06-15 10:00:00+00:00,backtest,TP,3.5412,3.3412,True,3.0,atr,0.7931,0.82118515,2.0,1.0,1.3165,True,35.13859242400452,0.5046197474668174,0.5046197474668174,-0.068456,66.78996593092874,0.0,1.7164,,0.6912135105223959,False,,True,0.8,True,True,ranging,0,range,0.3,28.8041977354322,falling,5,moderate,0.8035,0.8076,0.7906,1421899.0,0.7953714508302552,0.7850366177368283,0.7722885794542222,0.7930490082103281,0.7831902795105112,66.78996593092874,0.010334833093426865,0.010884878886396391,-0.0005500457929695259,-0.0013011730830642994,35.13859242400452,30.981476558170087,13.701138795110191,0.009361716239520925,0.7764356713714595,1,828397.95,,False,False,True,False,False,False,True,True,False,True
SUI_USDT_06320a8f,SUI/USDT,1h,BUY,2026-06-15 13:00:00+00:00,backtest,SL,-1.8782,-2.0782,False,6.0,atr,0.8178,0.80244004,1.0,1.0,1.7692,True,38.26790101482268,0.6089300338274225,0.6089300338274225,0.22153,77.91545046561949,-1.0,2.533,,1.0,False,,True,0.8,True,True,ranging,0,trend,0.7211316835803779,36.45143487858719,rising,6,strong,0.8256,0.8282,0.8114,2731122.0,0.8067489816663614,0.792724431056971,0.7767662768493739,0.801362976428179,0.7894368741626681,77.91545046561949,0.014024550609390452,0.012195595917383738,0.001828954692006713,0.0006449836941305603,38.26790101482268,36.969153934196086,10.029036347081647,0.010239974700520228,0.7925994531463879,1,1078232.9000000001,,False,False,True,False,False,False,True,True,False,True
SUI_USDT_2c053221,SUI/USDT,1h,SELL,2026-06-18 00:00:00+00:00,backtest,TP,4.5316,4.3316,True,13.0,atr,0.7654,0.73071518,2.0,-1.0,1.2565,True,22.05226534209812,0.06840884473660402,0.3,-0.321299,32.87154824983787,0.0,0.5899,,0.7490831563164656,False,,True,0.8,False,False,ranging,0,range,0.3,47.92288894922617,rising,4,moderate,0.7654,0.7694,0.7622,1176003.0,0.7756264989834535,0.7853724923778888,0.7893074395446636,0.7785483558358688,0.7873697416156776,32.87154824983787,-0.00974599339443527,-0.007286772243411462,-0.002459221151023808,-0.0027642241119092865,22.05226534209812,12.96286328996055,31.68994219787219,0.011561607559209632,0.7956136192015323,-1,1993410.4,,False,False,False,True,False,False,False,False,True,True
INJ_USDT_449d6c2c,INJ/USDT,1h,SELL,2026-01-16 15:00:00+00:00,backtest,SL,-1.0,-1.2,False,5.0,structural,5.198,5.24998,1.0,-0.6433041942095119,0.6433,True,34.92123735395284,0.49737457846509464,0.49737457846509464,-0.143491,27.40805284051211,-1.0,1.8655,,0.9471310172284908,False,,False,0.0,False,False,ranging,0,trend,0.665353955899214,30.76923076923077,rising,5,moderate,5.055,5.215,5.025,149176.0,5.158018624135288,5.191200374282458,5.269781468982798,5.1874525167453704,5.2048204117107035,27.40805284051211,-0.033181750147170064,-0.025928280647937216,-0.007253469499232848,0.004933650932987706,34.92123735395284,11.387372749153384,35.065648179865654,0.060694878349696425,5.2701909368256645,-1,79965.55,,False,False,False,True,False,True,True,False,True,True
INJ_USDT_04806a39,INJ/USDT,1h,BUY,2026-01-17 06:00:00+00:00,backtest,SL,-1.7032,-1.9032,False,16.0,atr,5.389,5.29721584,1.0,1.0,1.1008,True,24.604494835116334,0.15348316117054447,0.3,0.113118,65.12159644826006,0.0,0.8538,,0.4128614349785698,False,,True,1.0,False,False,bearish,1,range,0.3,21.951219512195124,rising,5,moderate,5.371,5.395,5.362,76008.0,5.340802114823528,5.2826517169134855,5.27938484723003,5.33217414763025,5.273816888604833,65.12159644826006,0.05815039791004217,0.052074840484875914,0.006075557425166259,0.00932019725312433,24.604494835116334,26.273038845671643,15.951502971207397,0.061189441088980674,5.231859544576987,1,89023.45000000001,,False,False,True,False,False,False,False,True,False,True
INJ_USDT_b0de12ca,INJ/USDT,1h,SELL,2026-01-25 19:00:00+00:00,backtest,SL,-1.9225,-2.1225,False,6.0,atr,4.287,4.36941632,1.0,-1.0,1.8373,True,38.71567182551823,0.6238557275172743,0.6238557275172743,-0.597509,11.066562394973177,-1.0,1.6666,,1.0,False,,False,0.0,False,False,bearish,1,expansion,1.0,30.48780487804878,rising,5,moderate,4.203,4.307,4.178,178387.0,4.354548107319254,4.434554664747127,4.507984172283621,4.397847566553327,4.45771013122184,11.066562394973177,-0.08000655742787277,-0.05489327034687478,-0.02511328708099799,-0.017525937862136916,38.71567182551823,5.097275416865447,45.595160628726035,0.05494421147002386,4.394280573684353,-1,107034.1,,False,False,False,True,False,False,True,False,True,True
INJ_USDT_1dd26e91,INJ/USDT,1h,SELL,2026-01-30 13:00:00+00:00,backtest,SL,-2.2241,-2.4241,False,6.0,atr,3.995,4.08385306,1.0,-1.0,1.2274,True,41.96004428308854,0.7320014761029514,0.7320014761029514,0.173209,35.408915076472134,0.0,5.0894,,0.45183103572000716,False,,False,0.0,False,False,ranging,0,range,0.3,51.94444444444445,falling,4,moderate,3.973,4.015,3.96,572206.0,4.003415765704501,4.052555382177279,4.186319302789856,4.012105984477216,4.060510920395007,35.408915076472134,-0.04913961647277798,-0.05602119595360813,0.006881579480830152,0.011057049776232272,41.96004428308854,15.325970004742828,26.621745897743008,0.059235373489876814,4.133799777971609,-1,112431.65,,False,False,False,True,False,False,True,False,True,True
INJ_USDT_6beefd1d,INJ/USDT,1h,SELL,2026-02-05 13:00:00+00:00,backtest,TP,6.3049,6.1049,True,2.0,atr,3.328,3.11817159,2.0,-1.0,2.0709,True,28.83134542444762,0.2943781808149206,0.3,-0.32488,19.770860006634535,-1.0,4.2728,,0.6547256966183923,False,,False,0.0,False,False,bearish,1,trend,0.5638557570741269,75.39682539682539,rising,5,moderate,3.302,3.353,3.293,722087.0,3.371705670176375,3.441529307075993,3.5282346467143646,3.3916215759410533,3.4554822377835928,19.770860006634535,-0.06982363689961835,-0.05909610018724974,-0.010727536712368604,-0.010128330011474028,28.83134542444762,8.296367105562895,24.6645095210227,0.06994280320799054,3.497245800150643,-1,168996.45,,False,False,False,True,False,False,True,False,True,True
INJ_USDT_dcc3d6c9,INJ/USDT,1h,SELL,2026-02-05 15:00:00+00:00,backtest,TP,7.8413,7.6413,True,5.0,atr,3.19,2.93986224,2.0,-1.0,2.6831,True,31.692106233467847,0.38973687444892824,0.38973687444892824,-0.541683,13.762964256877938,-1.0,2.244,,1.0,False,,False,0.0,False,False,bearish,1,expansion,1.0,93.67588932806325,rising,5,moderate,3.175,3.324,3.079,408856.0,3.317500960970894,3.4065118240297463,3.5081378283861886,3.3582155212482916,3.429663006432721,13.762964256877938,-0.08901086305885242,-0.07181244003271282,-0.017198423026139595,-0.00823425666478654,31.692106233467847,8.466711683795571,36.77214916832676,0.08337925378648162,3.4227890981220206,-1,182198.7,,False,False,False,True,False,False,True,False,True,True
INJ_USDT_2a613b9b,INJ/USDT,1h,BUY,2026-02-19 03:00:00+00:00,backtest,SL,-3.1325,-3.3325,False,5.0,atr,3.31,3.20631552,1.0,1.0,1.9158,True,29.246304451630536,0.3082101483876845,0.3082101483876845,1.32745,76.28459637005399,-1.0,1.8563,,1.0,False,,True,0.8,True,True,bearish,1,expansion,1.0,78.91566265060241,falling,6,strong,3.373,3.375,3.246,231789.0,3.167282487599267,3.107744455395683,3.1071207586105527,3.108506055484772,3.081218900935251,76.28459637005399,0.05953803220358411,0.014763141486919287,0.04477489071666482,0.03491145842093414,29.246304451630536,41.9084348594491,11.51930103292432,0.06912298708279367,3.107756417836866,1,124868.15000000001,,False,False,True,False,False,False,True,True,False,True
INJ_USDT_32293754,INJ/USDT,1h,BUY,2026-02-19 14:00:00+00:00,backtest,SL,-3.1496,-3.3496,False,2.0,structural,3.175,3.075,1.0,0.6023428642780126,0.6023,True,27.458468907462056,0.24861563024873518,-0.3,-0.356455,52.810539646390296,0.5,0.6731,,0.22403080139676035,True,bullish,True,0.8,True,True,bearish,2,range,0.3,94.05469678953627,falling,4,moderate,3.213,3.224,3.14,140792.0,3.202465505834526,3.183291178571211,3.1490379879337,3.199455650358676,3.1803202964283317,52.810539646390296,0.01917432726331514,0.030627238700371776,-0.011452911437056637,-0.017218340488555604,27.458468907462056,23.365056302834397,17.764286267915388,0.08583682815404013,3.39484504828417,-1,209156.05000000002,,False,False,True,False,False,False,False,False,True,True
INJ_USDT_8e44c159,INJ/USDT,1h,BUY,2026-02-19 17:00:00+00:00,backtest,SL,-1.0,-1.2,False,7.0,structural,3.202,3.16998,1.0,0.49065574827812963,0.4907,True,23.7251936072499,0.12417312024166331,-0.3,-0.121621,54.205986171656086,0.5,0.9604,,0.06160854157632073,True,bullish,True,0.8,True,True,bearish,2,range,0.3,95.73459715639811,falling,4,moderate,3.224,3.261,3.176,225387.0,3.2038815754475207,3.1882383009550797,3.154558751662674,3.198133454146812,3.1846621310505876,54.205986171656086,0.015643274492441073,0.01956432774186863,-0.003921053249427556,-0.00805353127035795,23.7251936072499,23.458228750430102,21.918015211022084,0.09019916598193375,3.37985731256132,-1,234685.95000000004,,False,False,True,False,False,False,False,False,True,True
INJ_USDT_823fa94f,INJ/USDT,1h,BUY,2026-02-20 21:00:00+00:00,backtest,TP,6.2308,6.0308,True,12.0,atr,3.391,3.60228794,2.0,1.0,1.619,True,21.31497806200229,0.043832602066742984,0.3,0.066388,68.12299739182065,0.0,0.7501,,0.5317880307538347,True,bullish,False,0.0,False,False,bullish,1,range,0.3,77.29357798165137,falling,5,moderate,3.419,3.429,3.371,81081.0,3.3784454177068644,3.324619396911653,3.2524568981607866,3.36685839419454,3.3151813366028184,68.12299739182065,0.05382602079521126,0.051556206423622304,0.002269814371588956,0.001255758353893549,21.31497806200229,26.506869147529784,13.212168378683915,0.07042931202538949,3.231312683833905,1,108100.45000000001,,False,False,True,False,False,False,False,True,False,True
INJ_USDT_2072173f,INJ/USDT,1h,BUY,2026-02-21 09:00:00+00:00,backtest,TP,7.3557,7.1557,True,1.0,bos,3.553,3.81434816,2.37,1.0,2.1149,True,30.52336463834609,0.35077882127820303,0.35077882127820303,0.379474,78.02133396261746,-1.0,2.0992,,1.0,True,bullish,False,0.0,False,False,bullish,1,expansion,1.0,93.32579185520362,rising,6,strong,3.665,3.745,3.5,238056.0,3.510412663136049,3.4377075253168172,3.3332266235428847,3.4662448526034915,3.4149782778484994,78.02133396261746,0.0727051378192316,0.05879742498558607,0.01390771283364553,-0.000576993813771215,30.52336463834609,36.051427610304685,10.653714287133223,0.08711605471908433,3.3908528826451483,1,113402.70000000001,,False,False,True,False,True,False,True,True,False,True
INJ_USDT_b1c84d6f,INJ/USDT,1h,SELL,2026-02-28 06:00:00+00:00,backtest,TP,4.6155,4.4155,True,1.0,atr,3.023,2.88347259,2.0,-1.0,1.852,True,33.83970054237484,0.46132335141249475,0.46132335141249475,-0.447505,14.572586923323358,-1.0,1.7478,,1.0,False,,False,0.0,False,False,bearish,1,expansion,1.0,31.45853193517636,rising,5,moderate,2.899,3.034,2.886,157488.0,3.0291390802963085,3.085238677940196,3.150432610558557,3.066321674666683,3.103862545734216,14.572586923323358,-0.05609959764388739,-0.043126422733497025,-0.012973174910390364,-0.0009010357892312859,33.83970054237484,9.516119307050655,46.0149742119655,0.046509135526403525,3.0804053208611903,-1,90106.59999999998,,False,False,False,True,False,False,True,False,True,True
INJ_USDT_d6cc84c2,INJ/USDT,1h,BUY,2026-03-16 21:00:00+00:00,backtest,SL,-2.1351,-2.3351,False,7.0,bos,3.286,3.21584,1.0,1.0,1.5155,True,43.238319109531915,0.7746106369843971,0.7746106369843971,0.207247,84.20829339486924,-1.0,0.4675,,0.9756090327801461,True,bullish,False,0.0,False,False,bullish,1,trend,0.8039719851588653,21.616022099447513,rising,5,moderate,3.303,3.319,3.271,79532.0,3.2495448931641726,3.2010336002216127,3.1379575301797775,3.2342720054967935,3.190836960243774,84.20829339486924,0.04851129294255996,0.0416659306915652,0.00684536225099476,0.0051917956869518556,43.238319109531915,32.80756314026273,8.417337320759078,0.036747699384874544,3.1986025843119346,1,170124.95000000004,,False,False,True,False,False,False,False,True,False,True
INJ_USDT_58bb13be,INJ/USDT,1h,BUY,2026-03-23 23:00:00+00:00,backtest,SL,-1.9851,-2.1851,False,18.0,atr,3.059,2.99827726,1.0,1.0,1.1511,True,30.852944731359774,0.36176482437865914,0.36176482437865914,0.101509,63.237819925680824,0.0,0.8588,,0.4640539986988209,True,bullish,False,0.0,False,False,bullish,1,trend,0.5975490788559963,36.402966625463534,rising,5,moderate,3.084,3.089,3.053,71064.0,3.0652821361852283,3.0303998075348377,3.021053741874798,3.0599341750952935,3.0250397882883218,63.237819925680824,0.03488232865039054,0.031751787451105684,0.003130541199284853,0.0047078699555085195,30.852944731359774,28.172790712644087,16.571440745173565,0.04048182817932147,2.9828269304844626,1,82745.25,,False,False,True,False,False,False,False,True,False,True
INJ_USDT_6e3034b0,INJ/USDT,1h,BUY,2026-03-25 09:00:00+00:00,backtest,SL,-1.0,-1.2,False,17.0,structural,3.068,3.03732,1.0,0.2647201940705815,0.2647,True,19.310961030231933,0.0,0.3,0.031939,62.859490586815866,0.0,4.7447,,0.29248232491093057,True,bullish,False,0.0,False,False,bullish,1,compression,0.8880145278450363,2.2397094430992737,falling,5,moderate,3.075,3.077,3.062,1367044.0,3.063917494561487,3.055828100483424,3.044631103544443,3.060751064436197,3.053910910531766,62.859490586815866,0.008089394078063084,0.007107260884236468,0.0009821331938266158,0.0002239596171077756,19.310961030231933,19.20426992626578,11.892211803492517,0.02497768132304838,3.0115152143425266,1,288118.64999999997,,False,False,True,False,False,False,True,True,False,False
INJ_USDT_dc390f88,INJ/USDT,1h,BUY,2026-04-08 06:00:00+00:00,backtest,SL,-1.5847,-1.7847,False,8.0,atr,3.019,2.97115718,1.0,1.0,1.9293,True,38.89221839921224,0.6297406133070746,0.6297406133070746,0.085244,78.10890281898344,-1.0,0.8778,,1.0,True,bullish,False,0.0,False,False,bearish,2,range,0.3,30.32745591939547,stable,5,moderate,3.03,3.037,3.015,70391.0,3.0040355607178886,2.9471749144853727,2.894921698352809,2.996617149494428,2.93889240593391,78.10890281898344,0.056860646232515855,0.054277743086221394,0.00258290314629446,0.004738452047443775,38.89221839921224,35.81602649955199,10.669614803954287,0.03189521405890203,2.9457406877332404,1,80189.65000000001,,False,False,True,False,False,False,False,True,False,True
INJ_USDT_426033f0,INJ/USDT,1h,BUY,2026-04-10 04:00:00+00:00,backtest,TP,2.9034,2.7034,True,10.0,atr,2.963,3.04902678,2.0,0.4311847393808048,0.4312,True,20.224549318091785,0.007484977269726182,0.3,-0.0035,66.88015968022862,0.0,0.9124,,0.37711509778091384,True,bullish,False,0.0,False,False,bullish,1,range,0.3,22.156573116691288,falling,4,moderate,2.991,2.992,2.954,74381.0,2.968667079658441,2.955921596824871,2.9372376288154407,2.9622862452751386,2.952413756507358,66.88015968022862,0.012745482833570243,0.01285016050784768,-0.0001046776742774369,-0.0030300105772058227,20.224549318091785,25.9306477414699,16.502770296947055,0.02867559207712535,2.936357963889523,1,81520.20000000001,,False,False,True,False,False,False,False,True,False,True
INJ_USDT_c5668a9b,INJ/USDT,1h,BUY,2026-04-10 14:00:00+00:00,backtest,SL,-1.5066,-1.7066,False,35.0,atr,3.008,2.96268292,1.0,0.6925454529104317,0.6925,True,23.448583867928182,0.11495279559760606,0.3,0.177734,73.77483343806067,-1.0,1.1124,,0.7528172419358561,True,bullish,False,0.0,False,False,bullish,1,range,0.3,26.65360117589417,rising,5,moderate,3.053,3.055,2.992,85577.0,3.001737268072234,2.9810918520040963,2.9546090301757038,2.9870907732357295,2.973901037204506,73.77483343806067,0.020645416068137745,0.01521918497612286,0.005426231092014885,0.0006836666011082269,23.448583867928182,29.634725682700974,10.814294634304572,0.03021138702078177,2.945499721571818,1,76927.0,,False,False,True,False,False,False,False,True,False,True
INJ_USDT_4707c3cc,INJ/USDT,1h,SELL,2026-04-13 07:00:00+00:00,backtest,SL,-1.0,-1.2,False,6.0,structural,2.914,2.94314,1.0,-0.2467006037948806,0.2467,True,21.544755220734498,0.05149184069114992,0.3,0.042819,43.18494012079942,0.0,2.2646,,-0.03533418474407554,True,bullish,True,1.0,False,False,bullish,1,compression,0.7720797720797721,4.5584045584045585,falling,3,weak,2.897,2.924,2.897,217494.0,2.90624933234132,2.913419066991991,2.9398023791515193,2.9088919987245543,2.91506097369119,43.18494012079942,-0.007169734650670723,-0.00841021103589462,0.001240476385223897,0.0028614742618709686,21.544755220734498,21.497727039234416,20.614372420632527,0.02185890002933836,2.9384823359616283,-1,96042.1,,False,False,False,True,False,False,True,False,True,True
INJ_USDT_f244bf35,INJ/USDT,1h,BUY,2026-04-16 02:00:00+00:00,backtest,TP,5.4462,5.2462,True,11.0,atr,3.25,3.427,2.23,1.0,2.2661,True,54.35193759900428,1.0,1.0,-0.213994,62.922540679902454,0.0,0.4895,,1.0,True,bullish,False,0.0,False,False,bullish,1,range,0.3,72.94063506672802,falling,4,moderate,3.268,3.274,3.227,80419.0,3.247818694347905,3.175851192940078,3.0833097987431803,3.242052607018735,3.1666363122340857,62.922540679902454,0.07196750140782715,0.07896082120036445,-0.0069933197925372975,-0.007041186311983805,54.35193759900428,37.40927297387436,10.027570355126926,0.05295680452365631,3.221973228088949,1,164290.49999999997,,False,False,True,False,False,False,False,True,False,True
INJ_USDT_e3852390,INJ/USDT,1h,BUY,2026-04-16 18:00:00+00:00,backtest,SL,-2.9209,-3.1209,False,40.0,atr,3.378,3.27933337,1.0,1.0,1.4913,True,62.18106296411181,1.0,1.0,0.04849,65.58658107047559,0.0,0.7778,,1.0,True,bullish,False,0.0,False,False,bullish,1,range,0.3,84.92462311557789,stable,5,moderate,3.421,3.428,3.356,92777.0,3.359936536377673,3.3105664511542,3.197725515394458,3.3424898324855796,3.29952309626962,65.58658107047559,0.0493700852234733,0.04771122866325576,0.0016588565602175462,-0.003915064167187385,62.18106296411181,34.57670905146745,5.516916729684252,0.06577775291452041,3.221973228088949,1,119277.70000000003,,False,False,True,False,True,False,False,True,False,True
INJ_USDT_25709933,INJ/USDT,1h,BUY,2026-04-20 16:00:00+00:00,backtest,SL,-1.8639,-2.0639,False,25.0,atr,3.285,3.22377144,1.0,0.673698020181973,0.6737,True,23.062900789237688,0.10209669297458959,0.3,0.150063,64.4742757933987,0.0,1.8117,,0.5329752743110233,False,,False,0.0,False,False,ranging,0,range,0.3,52.95663600525624,rising,6,strong,3.315,3.323,3.28,735458.0,3.2862216689534023,3.2642306119465445,3.2607610446220785,3.2779992886543745,3.259153673141199,64.4742757933987,0.021991057006857773,0.01701646784097098,0.004974589165886792,0.004316442255147735,23.062900789237688,25.08728438549069,11.762902527715108,0.040819037728555656,3.197406162745758,1,405957.70000000007,,False,False,True,False,False,False,True,True,False,True
INJ_USDT_28d68cc5,INJ/USDT,1h,SELL,2026-04-21 22:00:00+00:00,backtest,SL,-1.6812,-1.8812,False,4.0,atr,3.239,3.2934555,1.0,-0.596783384247362,0.5968,True,20.6254632723504,0.020848775745013388,0.3,-0.055805,39.75383454628539,0.0,0.7768,,0.3843077786066278,False,,True,0.8,False,False,bearish,1,range,0.3,43.7094682230869,rising,4,moderate,3.232,3.242,3.219,282911.0,3.2405610114626175,3.2599001411354247,3.268251210931303,3.243007014737651,3.2626901552489675,39.75383454628539,-0.019339129672807154,-0.017535504588568077,-0.0018036250842390772,-0.003049448464867939,20.6254632723504,10.614999732789597,20.222694197955292,0.036303665273080356,3.315927698689431,-1,364199.6500000001,,False,False,False,True,False,False,False,False,True,True
INJ_USDT_90534e5a,INJ/USDT,1h,BUY,2026-04-23 23:00:00+00:00,backtest,SL,-1.028,-1.228,False,4.0,bos,3.392,3.35713,1.0,0.7925186754425066,0.7925,True,20.019199471783878,0.0006399823927959384,0.3,0.267161,66.2452532872846,0.0,0.8918,,0.5817519122345064,True,bullish,True,1.0,False,False,bullish,1,range,0.3,42.29466553767993,rising,5,moderate,3.379,3.403,3.368,332222.0,3.346904207648576,3.3205879281832344,3.3057862013623023,3.337733981262455,3.314746721001558,66.2452532872846,0.02631627946534154,0.017288902288511127,0.009027377176830415,0.010212046560801009,20.019199471783878,30.422488041171007,15.878690235308348,0.03523280427171784,3.2942424179760694,1,372541.29999999993,,False,False,True,False,False,False,False,True,False,True
INJ_USDT_39be9db4,INJ/USDT,1h,BUY,2026-04-24 07:00:00+00:00,backtest,TP,3.1568,2.9568,True,26.0,bos,3.415,3.52280433,3.16,0.806212765906643,0.8062,True,20.264982240246475,0.008832741341549166,0.3,0.041213,65.54315685490536,0.0,3.3048,,0.4798171483988418,True,bullish,True,1.0,False,False,bullish,1,range,0.3,44.13502109704641,stable,6,strong,3.41,3.42,3.386,996549.0,3.3814740952082443,3.3544302503068364,3.3253418636503342,3.373323836696314,3.34887327533752,65.54315685490536,0.027043844901407876,0.025638467080701006,0.0014053778207068698,-0.0004852168115535918,20.264982240246475,26.70252088641615,14.707092176445103,0.035934778219022225,3.3112373846248127,1,301541.39999999997,,False,False,True,False,True,False,True,True,False,True
INJ_USDT_4b614b97,INJ/USDT,1h,BUY,2026-04-25 23:00:00+00:00,backtest,TP,3.6765,3.4765,True,7.0,atr,3.53,3.65978177,2.0,0.395545700978216,0.3955,True,25.639941717762575,0.1879980572587525,-0.3,-0.160776,54.19105349479864,0.5,0.777,,0.245357477574166,True,bullish,False,0.0,False,False,bullish,1,range,0.3,59.5850622406639,falling,4,moderate,3.542,3.552,3.515,74360.0,3.5365398949868645,3.5226063769006495,3.463090002041034,3.5349798649831117,3.5206670145907144,54.19105349479864,0.013933518086215013,0.01962819172007116,-0.0056946736338561454,-0.008162678144601962,25.639941717762575,24.14781824708038,18.01388130772623,0.043260588742202746,3.6294006017510507,-1,95698.95,,False,False,True,False,False,False,False,False,True,True
INJ_USDT_bce16cce,INJ/USDT,1h,BUY,2026-04-26 06:00:00+00:00,backtest,TP,4.0704,3.8704,True,1.0,bos,3.669,3.81834185,4.07,1.0,1.3101,True,25.57954964280349,0.18598498809344963,0.3,0.540249,79.34714940822403,-1.0,1.7554,,1.0,True,bullish,False,0.0,False,False,bullish,1,expansion,1.0,70.45924700041374,rising,6,strong,3.737,3.777,3.652,172138.0,3.6053949190841856,3.558770465759575,3.491267968925574,3.567793467393953,3.5409475123355327,79.34714940822403,0.04662445332461074,0.02643534896717987,0.02018910435743087,0.010505158269955704,25.57954964280349,45.71131274688362,11.695898850898047,0.04978061769126013,3.581986668680873,1,98062.15000000001,,False,False,True,False,False,False,True,True,False,True
INJ_USDT_e6735dd8,INJ/USDT,1h,BUY,2026-04-27 02:00:00+00:00,backtest,SL,-2.4166,-2.6166,False,4.0,atr,3.798,3.706216,1.0,1.0,1.5683,True,46.42645158925584,0.8808817196418613,0.8808817196418613,0.141982,72.86349551798037,-1.0,3.3564,,1.0,False,,False,0.0,False,False,ranging,0,range,0.3,82.31432088633565,stable,6,strong,3.839,3.843,3.783,529814.0,3.771101809014696,3.712874020755661,3.6121324882516888,3.7517023258760376,3.700261422831227,72.86349551798037,0.05822778825903496,0.05277710435598151,0.005450683903053449,0.0013891406403556267,46.42645158925584,36.53077788144767,11.4120561547928,0.06118933548408417,3.6595064058349815,1,157852.95,,False,False,True,False,False,False,True,True,False,True
INJ_USDT_6689391a,INJ/USDT,1h,SELL,2026-04-29 20:00:00+00:00,backtest,SL,-1.8237,-2.0237,False,16.0,atr,3.438,3.50069991,1.0,-1.0,1.2247,True,20.797579941719945,0.026585998057331514,0.3,-0.144523,33.72500998967069,0.0,0.257,,0.7396268862507661,False,,True,1.0,False,False,ranging,0,range,0.3,55.493407910507386,rising,4,moderate,3.447,3.465,3.435,75082.0,3.4695347290340552,3.512026906607618,3.551996955740962,3.475973223043785,3.51852959726838,33.72500998967069,-0.04249217757356272,-0.03751047440951926,-0.004981703164043456,-0.007536751397097599,20.797579941719945,15.42888274618922,33.91955490245837,0.04179993797053644,3.5426707561733473,-1,292196.29999999993,,False,False,False,True,False,False,False,False,True,True
INJ_USDT_a9dd254f,INJ/USDT,1h,SELL,2026-04-30 22:00:00+00:00,backtest,SL,-1.3596,-1.5596,False,5.0,atr,3.413,3.45940276,1.0,-0.5871911784048631,0.5872,True,20.725873939132757,0.02419579797109191,0.3,-0.106856,35.11633766633669,0.0,0.604,,0.43934633893744013,True,bullish,True,0.8,False,False,bullish,1,range,0.3,28.74654013444049,rising,4,moderate,3.405,3.421,3.403,151703.0,3.424906120443765,3.445016867051659,3.4866976582771487,3.4305935834276977,3.4490185537568254,35.11633766633669,-0.020110746607894026,-0.01647229955691338,-0.0036384470509806463,-0.0037718942977046557,20.725873939132757,12.410864685568088,23.39452315900409,0.030935175808835095,3.484412636169042,-1,251158.90000000005,,False,False,False,True,False,False,False,False,True,True
INJ_USDT_2fae8287,INJ/USDT,1h,BUY,2026-05-01 21:00:00+00:00,backtest,TP,3.6947,3.4947,True,8.0,atr,3.635,3.76930097,2.0,1.0,1.4037,True,40.323473114883335,0.6774491038294445,0.6774491038294445,0.030897,69.63295007786681,0.0,2.0386,,0.9768495011085687,True,bullish,False,0.0,False,False,bullish,1,range,0.3,61.95141065830722,stable,6,strong,3.67,3.682,3.624,305805.0,3.6263051284683034,3.576105701536067,3.532716856622743,3.6138208794592472,3.566716271689674,69.63295007786681,0.050199426932236335,0.04906550778520927,0.0011339191470270682,-0.0013939404421223558,40.323473114883335,32.35093821664712,7.929700688932903,0.044766991396065166,3.5375060401868175,1,150003.85,,False,False,True,False,True,False,True,True,False,True
INJ_USDT_22b18334,INJ/USDT,1h,BUY,2026-05-02 05:00:00+00:00,backtest,TP,3.7005,3.5005,True,5.0,atr,3.752,3.89084415,2.0,1.0,1.7095,True,51.55143258762273,1.0,1.0,0.195243,79.53377891039901,-1.0,1.5793,,1.0,False,,False,0.0,False,False,ranging,0,trend,0.9425238764603787,65.3125,rising,6,strong,3.773,3.779,3.722,208729.0,3.7066873217334995,3.6443858438345114,3.5744619661498147,3.687740842228785,3.6315244282179626,79.53377891039901,0.0623014778989881,0.05493495215412,0.0073665257448681035,0.004964724729136616,51.55143258762273,35.41377447922505,5.426899299066145,0.04628138494171962,3.631566735622367,1,132162.05000000002,,False,False,True,False,False,False,True,True,False,True
INJ_USDT_b88bd51f,INJ/USDT,1h,BUY,2026-05-02 19:00:00+00:00,backtest,SL,-2.1416,-2.3416,False,11.0,atr,3.793,3.71177035,1.0,1.0,1.0659,True,47.0762528963231,0.90254176321077,0.90254176321077,-0.146023,58.286347400397595,0.0,1.7079,,0.5507397497939526,False,,False,0.0,False,False,ranging,0,range,0.3,75.990675990676,falling,5,moderate,3.812,3.814,3.785,243650.0,3.796719704843066,3.7566774703381576,3.662659921993711,3.7923539062267992,3.7511452173719735,58.286347400397595,0.040042234504908514,0.045608642145104406,-0.005566407640195892,-0.0071831571103765784,47.0762528963231,27.41482712386873,13.646333379019916,0.05415310271853479,3.7174197467176517,1,142659.6,,False,False,True,False,False,False,True,True,False,True
INJ_USDT_013ecacb,INJ/USDT,1h,BUY,2026-05-06 03:00:00+00:00,backtest,TP,3.8343,3.6343,True,52.0,atr,3.837,3.98412022,2.0,0.9495018040939224,0.9495,True,21.850996543026838,0.06169988476756127,0.3,0.207511,67.91759765260268,0.0,0.1807,,0.7514374754110795,True,bullish,False,0.0,False,False,bearish,2,range,0.3,69.55538809344387,rising,5,moderate,3.864,3.882,3.834,89571.0,3.8196222077233277,3.783695946450353,3.751744731022019,3.806942838501421,3.7756655410953885,67.91759765260268,0.03592626127297471,0.02790804433862673,0.008018216934347983,0.007378361534579735,21.850996543026838,32.12893735576559,13.343000470488606,0.04904007451763877,3.7298056266578783,1,495792.30000000005,,False,False,True,False,False,False,False,True,False,True
INJ_USDT_e759b0a0,INJ/USDT,1h,BUY,2026-05-09 00:00:00+00:00,backtest,SL,-2.2614,-2.4614,False,25.0,atr,4.23,4.13434256,1.0,1.0,2.3215,True,37.575360561083144,0.5858453520361048,0.5858453520361048,-0.056808,72.57727962694157,-1.0,2.7032,,0.881286853378987,False,,False,0.0,False,False,ranging,0,range,0.3,85.42049210429673,falling,5,moderate,4.278,4.289,4.212,901978.0,4.22371327904108,4.127883208854596,3.9963532348829034,4.208202787338531,4.1128715297400555,72.57727962694157,0.09583007018648448,0.09826033753685387,-0.002430267350369386,-0.004144213613562847,37.575360561083144,32.925324472859664,10.893153138384989,0.06377162605533648,4.0974677123190375,1,333665.3500000001,,False,False,True,False,False,False,True,True,False,True
INJ_USDT_7209bdc6,INJ/USDT,1h,SELL,2026-05-18 10:00:00+00:00,backtest,SL,-2.4273,-2.6273,False,2.0,atr,4.537,4.64712734,1.0,-1.0,1.1968,True,28.128734960588663,0.2709578320196221,0.3,-0.120787,34.20912332049453,0.0,1.5976,,0.7642078024920096,False,,False,0.0,False,False,bearish,1,trend,0.5521455826764777,88.64021702271957,rising,5,moderate,4.52,4.568,4.51,249112.0,4.586089491374681,4.640973627073676,4.723774462992035,4.604972203196018,4.653070989781044,34.20912332049453,-0.05488413569899553,-0.049424577422467586,-0.005459558276527943,-0.001403988300822362,28.128734960588663,11.61096365945898,30.716158721759218,0.07341822374260741,4.720619331306161,-1,155928.55000000002,,False,False,False,True,False,False,True,False,True,True
INJ_USDT_2d27137d,INJ/USDT,1h,BUY,2026-05-19 16:00:00+00:00,backtest,SL,-3.263,-3.463,False,30.0,atr,4.936,4.77494054,1.0,0.33060893239032996,0.3306,True,23.4947920401305,0.11649306800434994,-0.3,0.003568,59.96232175769877,0.0,0.1075,,0.4853850066774281,True,bullish,False,0.0,False,False,bullish,1,range,0.3,96.34105404498153,falling,3,weak,5.071,5.091,4.906,126333.0,4.95781700590377,4.941480031527257,4.865616500402728,4.925479007590561,4.9285280346799825,59.96232175769877,0.016336974376513602,0.016156045710489186,0.0001809286660244165,-0.019114608466898206,23.4947920401305,30.233362120144346,18.098736953208643,0.10737297408144388,5.127724914785961,-1,1175020.85,,True,False,True,False,True,False,False,False,True,True
INJ_USDT_565917e6,INJ/USDT,1h,BUY,2026-05-22 13:00:00+00:00,backtest,SL,-2.0759,-2.2759,False,1.0,bos,5.43,5.31728,1.0,1.0,2.2627,True,36.70549169489056,0.5568497231630187,0.5568497231630187,0.521048,78.8517996031461,-1.0,1.0746,,0.8585506474167294,True,bullish,False,0.0,False,False,bullish,1,trend,0.695091528248176,96.45669291338582,rising,5,moderate,5.494,5.513,5.356,250661.0,5.345845903579711,5.227562508210531,5.101695892948282,5.303516161745343,5.200918759031584,78.8517996031461,0.11828339536917998,0.08965704506415038,0.028626350305029594,0.02725353280212303,36.70549169489056,31.69197472695415,10.228208541535917,0.11285982434323322,5.178474255406626,1,233257.45000000004,,False,False,True,False,False,False,False,True,False,True
INJ_USDT_2ce93943,INJ/USDT,1h,BUY,2026-05-22 16:00:00+00:00,backtest,SL,-3.3357,-3.5357,False,7.0,atr,5.302,5.12513883,1.0,1.0,1.7093,True,36.723221903852696,0.5574407301284232,0.5574407301284232,-0.03645,61.74030128342745,0.0,0.7553,,0.6628099801265077,True,bullish,False,0.0,False,False,bullish,1,range,0.3,96.8534906588004,falling,4,moderate,5.395,5.425,5.279,155385.0,5.345658635017615,5.255820817588678,5.126288140529384,5.331561102165504,5.241902899347545,61.74030128342745,0.08983781742893715,0.09180429586255814,-0.001966478433620994,-0.0031293322614097396,36.723221903852696,29.073927324459476,12.503677821296785,0.11790744682291665,5.178474255406626,1,205713.10000000003,,False,False,True,False,False,False,False,True,False,True
INJ_USDT_3dceb76b,INJ/USDT,1h,SELL,2026-05-23 11:00:00+00:00,backtest,SL,-4.1885,-4.3885,False,4.0,atr,4.974,5.18233365,1.0,-1.0,2.4749,True,23.079108823577684,0.1026369607859228,0.3,-0.064576,37.82843918814586,0.0,2.6735,,0.35757719547831895,False,,False,0.0,False,False,ranging,0,range,0.3,97.8827361563518,falling,5,moderate,4.889,5.0,4.875,458922.0,4.952096148312181,5.074654156052737,5.110768312717419,4.970123619258519,5.09321957165801,37.82843918814586,-0.12255800774055547,-0.11940087055896573,-0.0031571371815897475,-0.005273650431320165,23.079108823577684,22.139486275561,31.078916162518976,0.13888909687474665,5.1876973799437724,-1,171657.05000000002,,False,False,False,True,False,False,True,False,True,True
INJ_USDT_a78209cc,INJ/USDT,1h,BUY,2026-05-25 12:00:00+00:00,backtest,TP,6.1376,5.9376,True,23.0,atr,5.494,5.83120189,2.0,1.0,1.8893,True,20.071560028874696,0.0023853342958232086,0.3,0.738478,76.88993086200513,-1.0,1.1112,,1.0,False,,True,1.0,True,True,bearish,1,expansion,1.0,95.06252003847388,rising,5,moderate,5.531,5.711,5.443,532639.0,5.353017781948043,5.253756120275099,5.204856680363009,5.302165719647483,5.2260317323026095,76.88993086200513,0.09926166167294337,0.05841643717990183,0.04084522449304154,0.03814016241149281,20.071560028874696,41.178095577566665,10.64836886074927,0.11240063034539552,5.2818306162511695,1,479340.0,,False,False,True,False,False,False,False,True,False,True
INJ_USDT_f4ec6b3b,INJ/USDT,1h,BUY,2026-05-29 07:00:00+00:00,backtest,SL,-3.6489,-3.8489,False,3.0,atr,6.194,5.9679841,1.0,1.0,3.705,True,28.205841952140037,0.2735280650713346,0.3,1.212844,81.28480786398659,-1.0,2.3383,,1.0,False,,False,0.0,False,False,bearish,1,expansion,1.0,98.5981308411215,rising,6,strong,6.278,6.298,6.125,386658.0,5.88927134065724,5.678869991727039,5.589474752214332,5.7782060094164525,5.618956990899743,81.28480786398659,0.21040134893020124,0.13425899116704348,0.07614235776315775,0.06306120623124442,28.205841952140037,44.689762519543024,8.112248493790027,0.15067726616320928,5.814112076882605,1,165357.50000000003,,False,False,True,False,False,False,True,True,False,True
INJ_USDT_4aad74e6,INJ/USDT,1h,BUY,2026-05-29 13:00:00+00:00,backtest,TP,8.3201,8.1201,True,2.0,atr,5.962,6.45804521,2.0,1.0,3.1124,True,34.32492496321033,0.47749749877367764,0.47749749877367764,-0.032724,66.12969467444493,0.0,0.8394,,0.7727559871221178,True,bullish,False,0.0,False,False,bearish,2,range,0.3,99.06716417910447,falling,4,moderate,6.158,6.169,5.934,141642.0,6.027713277592403,5.845771790938634,5.681855497899851,5.9904884997616605,5.814548970032497,66.12969467444493,0.18194148665376897,0.1839566464470301,-0.00201515979326114,-0.009024696614497396,34.32492496321033,31.16841803986006,11.849518361807116,0.16534840346230817,5.814112076882605,1,168741.75,,False,False,True,False,False,False,False,True,False,True
INJ_USDT_4322fd89,INJ/USDT,1h,BUY,2026-05-29 19:00:00+00:00,backtest,TP,9.1006,8.9006,True,10.0,bos,6.343,6.92025235,9.1,1.0,4.111,True,42.93449788632759,0.7644832628775864,0.7644832628775864,0.003343,65.22001249420195,0.0,0.6665,,0.806006250085203,True,bullish,False,0.0,False,False,bearish,2,range,0.3,99.62756052141528,stable,4,moderate,6.478,6.487,6.296,128719.0,6.369383463819067,6.117874879238498,5.836687465016311,6.338350167767371,6.081862367162348,65.22001249420195,0.25150858458056913,0.2512920541070684,0.00021653047350073118,0.005304011734705072,42.93449788632759,31.639289621553782,11.489133369423708,0.19241744949057954,6.0257299526331645,1,193124.75,,False,False,True,False,False,False,False,True,False,True
INJ_USDT_b2f976bc,INJ/USDT,1h,BUY,2026-06-01 13:00:00+00:00,backtest,TP,6.9828,6.7828,True,3.0,structural,6.747,7.21812853,4.44,1.0,1.2142,True,22.681985176325895,0.08939950587752984,0.3,0.41576,63.9529163615735,0.0,1.907,,0.6056579682635627,False,,False,0.0,False,False,ranging,0,range,0.3,97.68856447688565,rising,6,strong,6.776,6.832,6.669,229009.0,6.668597313673851,6.588596530094652,6.502084655711631,6.63791083186638,6.569856183104117,63.9529163615735,0.08000078357919893,0.05182891618730605,0.028171867391892882,0.030311666270903037,22.681985176325895,24.653806693362718,9.51235748677365,0.15704284494849313,6.342134940111206,1,120091.49999999999,,False,False,True,False,False,False,True,True,False,True
INJ_USDT_14d3823d,INJ/USDT,1h,SELL,2026-06-04 13:00:00+00:00,backtest,TP,9.7651,9.5651,True,14.0,atr,5.823,5.25437719,2.0,-1.0,3.7456,True,28.41105097630239,0.28036836587674635,0.3,-0.456641,25.645675344974364,-1.0,1.7955,,0.9319435709735694,False,,False,0.0,False,False,bearish,1,trend,0.5568508496050398,97.58928571428571,rising,5,moderate,5.79,5.931,5.735,185370.0,6.000979623934732,6.225754772387847,6.466842253358064,6.061259516487512,6.269330249626632,25.645675344974364,-0.22477514845311486,-0.1983356594094613,-0.026439489043653563,-0.022954818251485765,28.41105097630239,11.225316949024224,34.52390622336346,0.1895409359875871,6.30043950155764,-1,103238.85000000002,,False,False,False,True,False,False,True,False,True,True
INJ_USDT_b4e4936c,INJ/USDT,1h,BUY,2026-06-08 09:00:00+00:00,backtest,TP,7.0793,6.8793,True,10.0,structural,5.532,5.92362818,3.84,1.0,1.5635,True,32.76106217897977,0.42536873929932567,0.42536873929932567,0.159781,65.024519358156,0.0,1.2151,,0.8669982538664481,True,bullish,False,0.0,False,False,bullish,1,trend,0.6293510363163295,90.35341830822712,rising,5,moderate,5.645,5.645,5.465,115672.0,5.5062129259239825,5.421446290369882,5.358936863231115,5.466559476187978,5.39909091940687,65.024519358156,0.08476663555410013,0.07574697431058708,0.009019661243513055,-0.00376858690772236,32.76106217897977,33.057615992591614,11.38265964593041,0.13054272600074734,5.260281279317565,1,95195.25000000001,,False,False,True,False,True,False,False,True,False,True
INJ_USDT_707cea73,INJ/USDT,1h,BUY,2026-06-08 20:00:00+00:00,backtest,SL,-1.0232,-1.2232,False,3.0,bos,5.705,5.646625,1.0,1.0,1.9119,True,40.786428983285035,0.6928809661095011,0.6928809661095011,0.056496,59.67427223486844,0.0,1.0578,,0.6843449696032677,True,bullish,False,0.0,False,False,bullish,1,trend,0.7631071497214172,92.05890846087208,rising,5,moderate,5.754,5.79,5.66,102395.0,5.705236137208019,5.598202585033624,5.465703871712753,5.69130360498174,5.582622843536987,59.67427223486844,0.10703355217439547,0.10378279039256375,0.003250761781831729,0.006523351943105271,40.786428983285035,27.595782227364726,10.487157987283034,0.13921191666730176,5.4662161371668425,1,96798.00000000001,,False,False,True,False,False,False,False,True,False,True
INJ_USDT_d8dc8bcf,INJ/USDT,1h,BUY,2026-06-09 08:00:00+00:00,backtest,SL,-1.0,-1.2,False,7.0,structural,5.6,5.544,1.0,0.4199285866629447,0.4199,True,27.601451885817863,0.25338172952726207,0.3,0.221896,59.56262416979269,0.0,1.4396,,0.4057469155870737,True,bullish,False,0.0,False,False,bullish,1,trend,0.5433575314302977,89.75539568345324,rising,5,moderate,5.725,5.742,5.568,134905.0,5.628281804063816,5.6047458739293745,5.515051184242891,5.600648033796335,5.592720461322312,59.56262416979269,0.02353593013444133,0.0108323573967781,0.012703572737663229,0.0034470014460768264,27.601451885817863,23.4296669635539,13.285994073877056,0.12986309795178916,5.4662161371668425,1,93708.35,,False,False,True,False,False,False,False,True,False,True
INJ_USDT_cc0a0335,INJ/USDT,1h,BUY,2026-06-12 09:00:00+00:00,backtest,SL,-3.0474,-3.2474,False,4.0,atr,5.381,5.21701697,1.0,0.8827117015044421,0.8827,True,23.253467386173767,0.1084489128724589,0.3,-0.239118,56.881323823279324,0.0,0.9556,,0.3044826083886165,True,bullish,False,0.0,False,False,bearish,2,range,0.3,83.42728297632469,falling,4,moderate,5.447,5.47,5.377,80187.0,5.429338071414989,5.381832010502968,5.337098649663719,5.424291806104986,5.375315211553265,56.881323823279324,0.047506060912021475,0.06053081792665692,-0.013024757014635444,-0.018066601882254202,23.253467386173767,23.11785248874201,15.505787279026597,0.10932201989055118,5.274826515322757,1,83916.15000000001,,False,False,True,False,False,False,False,True,False,True
INJ_USDT_16082e54,INJ/USDT,1h,BUY,2026-06-15 10:00:00+00:00,backtest,TP,5.6077,5.4077,True,4.0,structural,5.26,5.55496764,2.59,1.0,1.2117,True,23.380242064574727,0.11267473548582423,0.3,0.332845,73.00344986937834,-1.0,1.5903,,0.9628547290376546,False,,False,0.0,False,False,bearish,1,expansion,1.0,81.33112399889534,rising,6,strong,5.414,5.499,5.216,145972.0,5.25395129992969,5.191050826377158,5.18162412008316,5.208223099909601,5.168755909014875,73.00344986937834,0.06290047355253137,0.0448802340377083,0.018020239514823067,0.003597076614429179,23.380242064574727,36.1205474638381,12.04917923789674,0.09832254558356107,5.096228543402111,1,91790.65000000001,,False,False,True,False,False,False,True,True,False,True
INJ_USDT_d1c557e1,INJ/USDT,1h,BUY,2026-06-15 14:00:00+00:00,backtest,TP,6.0275,5.8275,True,17.0,atr,5.517,5.84953521,2.0,1.0,2.5216,True,30.997802380954443,0.36659341269848145,0.36659341269848145,0.586796,80.67232244468195,-1.0,1.7651,,1.0,False,,False,0.0,False,False,bearish,1,expansion,1.0,84.02758620689656,rising,6,strong,5.649,5.685,5.398,170097.0,5.428277864827189,5.294765881003453,5.226687906733384,5.365214397634957,5.259342469103799,80.67232244468195,0.13351198382373575,0.10036386101453132,0.03314812280920443,0.022082128921229127,30.997802380954443,36.064392149186475,8.424823461005927,0.11084507039806557,5.241814297326124,1,96365.00000000003,,False,False,True,False,False,False,True,True,False,True
INJ_USDT_040a4f5d,INJ/USDT,1h,BUY,2026-06-16 07:00:00+00:00,backtest,SL,-1.0344,-1.2344,False,7.0,bos,5.772,5.712295,1.0,1.0,1.6977,True,28.524561853212436,0.28415206177374785,0.3,0.18543,67.47908955894512,0.0,1.4499,,0.5391183610912557,True,bullish,False,0.0,True,True,bullish,1,range,0.3,88.5777045579352,stable,5,moderate,5.812,5.851,5.724,146079.0,5.6709420342836605,5.5762751549456535,5.416627606449305,5.630639758364706,5.552702670440219,67.47908955894512,0.09466687933800699,0.08388970549082622,0.010777173847180771,-0.000564030642749111,28.524561853212436,25.93279703715804,12.454838009876648,0.12622975526094257,5.460935923382519,1,100752.0,,False,False,True,False,True,False,False,True,False,True
WIF_USDT_10257705,WIF/USDT,1h,SELL,2026-01-25 17:00:00+00:00,backtest,TP,3.547,3.347,True,2.0,atr,0.3223,0.3108679,2.0,-0.8721892786693868,0.8722,True,21.246048399447258,0.041534946648241915,0.3,-0.29176,22.508360735155545,-1.0,0.9198,,0.9039602294494198,False,,True,0.8,False,False,bearish,1,range,0.3,25.203252032520325,rising,4,moderate,0.3213,0.3244,0.3196,1127605.11,0.32711847247932935,0.3299715647248411,0.33292630237225573,0.32878089318770914,0.33083872119732527,22.508360735155545,-0.002853092245511779,-0.001915666047759963,-0.0009374261977518161,-0.0006108750607320703,21.246048399447258,9.055267359841963,31.654273096077457,0.0038107005779154293,0.332098006118057,-1,1225885.1364999998,,False,False,False,True,False,False,False,False,True,True
WIF_USDT_1091a4d4,WIF/USDT,1h,SELL,2026-01-25 19:00:00+00:00,backtest,SL,-2.1239,-2.3239,False,6.0,atr,0.3176,0.32434547,1.0,-1.0,1.614,True,27.57179531252518,0.25239317708417264,0.3,-0.573836,13.226094439607527,-1.0,2.5302,,1.0,False,,True,0.8,False,False,bearish,1,expansion,1.0,38.306451612903224,rising,5,moderate,0.3114,0.3198,0.3086,3931023.97,0.3221358660677424,0.32733517745854634,0.33166068167012047,0.3252032563728117,0.328928695204401,13.226094439607527,-0.005199311390803929,-0.0034123862251811306,-0.0017869251656227984,-0.0012065151892195359,27.57179531252518,6.616306627321542,40.19205828952428,0.004496981620753609,0.32657438495562613,-1,1553626.5169999998,,False,False,False,True,False,False,True,False,True,True
WIF_USDT_d26be053,WIF/USDT,1h,SELL,2026-01-29 14:00:00+00:00,backtest,TP,4.1573,3.9573,True,1.0,atr,0.3051,0.29241622,2.0,-1.0,1.8829,True,35.559856022034275,0.5186618674011425,0.5186618674011425,-0.116845,21.919237189271726,-1.0,2.4922,,0.9986571958660666,False,,False,0.0,False,False,bearish,1,range,0.3,38.64306784660767,stable,5,moderate,0.2971,0.3061,0.2966,3574764.97,0.30372106100005597,0.3094399601479845,0.31683760199477706,0.3056127927143577,0.310673956162783,21.919237189271726,-0.005718899147928558,-0.005371751729590962,-0.0003471474183375954,0.00013701457199688776,35.559856022034275,10.064051032973243,35.03048092962491,0.004227925680275885,0.3113001873025281,-1,1434409.6260000002,,False,False,False,True,False,True,True,False,True,True
WIF_USDT_10f412e0,WIF/USDT,1h,SELL,2026-01-29 18:00:00+00:00,backtest,TP,5.3481,5.1481,True,37.0,atr,0.2939,0.27818192,2.0,-1.0,2.5932,True,41.74699208479925,0.724899736159975,0.724899736159975,-0.335665,20.629406827186457,-1.0,1.586,,1.0,False,,False,0.0,True,True,bearish,1,expansion,1.0,73.17784256559767,rising,5,moderate,0.2875,0.2946,0.2873,3010399.88,0.2964797847067725,0.30416816484392084,0.3136091655197482,0.29904543748013607,0.30583498132831294,20.629406827186457,-0.007688380137148343,-0.0067233434104877025,-0.0009650367266606404,-0.0005487188010194887,41.74699208479925,10.812217974996605,39.59340145018597,0.005239360822427104,0.304209336543543,-1,1898077.891,,False,False,False,True,False,False,True,False,True,True
WIF_USDT_f89326a0,WIF/USDT,1h,SELL,2026-01-31 17:00:00+00:00,backtest,TP,7.6249,7.4249,True,1.0,atr,0.248,0.22909037,2.0,-1.0,3.9564,True,64.55434231743683,1.0,1.0,-1.092021,4.314574617806716,-1.0,3.0388,,1.0,False,,False,0.0,False,False,ranging,0,expansion,1.0,91.02564102564102,rising,5,moderate,0.2465,0.2606,0.2395,11820120.04,0.26436049719025945,0.2748196474459471,0.2870029174484316,0.26946349638747646,0.2776516121905418,4.314574617806716,-0.010459150255687666,-0.007767317662097257,-0.0026918325935904085,-0.0017667144377632804,64.55434231743683,2.521735948554464,54.82564128935076,0.006303210942393996,0.26751884603564435,-1,3889736.063,,False,False,False,True,False,False,True,False,True,True
WIF_USDT_8beb08cc,WIF/USDT,1h,SELL,2026-02-01 16:00:00+00:00,backtest,SL,-3.4044,-3.6044,False,21.0,atr,0.2484,0.25685652,1.0,-1.0,1.457,True,52.026091431884446,1.0,1.0,-0.356652,30.236092479659142,0.0,2.1393,,0.95753651310837,False,,False,0.0,False,False,ranging,0,trend,0.9504348571980741,84.01937046004842,rising,5,moderate,0.2461,0.2505,0.2447,3013696.09,0.25220788353906665,0.25588262891034763,0.26789970347250897,0.2539529931216571,0.2568608918013824,30.236092479659142,-0.0036747453712809852,-0.002797024972246271,-0.0008777203990347144,-0.0005497339069963827,52.026091431884446,9.590120462846848,33.5285332905561,0.005637679918392002,0.26181597122390454,-1,1408759.9795,,False,False,False,True,False,False,True,False,True,True
WIF_USDT_7ba0d0a3,WIF/USDT,1h,SELL,2026-02-05 07:00:00+00:00,backtest,TP,6.2828,6.0828,True,8.0,atr,0.2403,0.22520252,2.0,-1.0,1.2431,True,22.073480123838028,0.06911600412793426,0.3,-0.288671,28.021646399023275,0.0,2.5658,,0.50144919470653,False,,False,0.0,False,False,ranging,0,range,0.3,56.599999999999994,rising,5,moderate,0.2392,0.2433,0.2383,7583013.15,0.2431823497558553,0.2462053986593255,0.24989797717295736,0.24432016397181397,0.24690593852525808,28.021646399023275,-0.0030230489034702157,-0.002332546865265812,-0.0006905020382044036,-0.0005984787072804989,22.073480123838028,9.50771054515215,22.043940412815402,0.005032493472965034,0.2533462041865039,-1,2955414.708,,False,False,False,True,False,False,True,False,True,True
WIF_USDT_30ea7919,WIF/USDT,1h,SELL,2026-02-11 16:00:00+00:00,backtest,SL,-2.2542,-2.4542,False,12.0,structural,0.2085,0.2132,1.0,-1.0,1.578,True,32.91687396676972,0.4305624655589907,0.4305624655589907,-0.18432,28.94750337292912,0.0,1.7159,,0.0059389905936834,False,,False,0.0,False,False,ranging,0,expansion,1.0,23.27718223583461,rising,5,moderate,0.2042,0.2091,0.2032,1734746.72,0.20800980682952838,0.21129221438782506,0.2167309987361089,0.2090983230665365,0.21200143582660758,28.94750337292912,-0.003282407558296674,-0.0029060252495150215,-0.00037638230878165235,-0.00018527866494687977,32.91687396676972,20.95447353132823,21.102948296170315,0.0037242038467725125,0.2140616320850259,-1,1011007.125,,False,False,False,True,False,False,True,False,True,True
WIF_USDT_1486caa6,WIF/USDT,1h,BUY,2026-02-14 18:00:00+00:00,backtest,TP,4.4967,4.2967,True,4.0,atr,0.2482,0.25936076,2.0,1.0,3.6589,True,55.100928513607855,1.0,1.0,0.723199,92.14502615445394,-1.0,2.4555,,1.0,False,,True,0.8,False,False,bearish,1,expansion,1.0,29.160935350756535,rising,6,strong,0.2525,0.2531,0.245,2504032.62,0.24064161856104363,0.2321476402531628,0.22391395856873375,0.23725350957848465,0.23011240427847912,92.14502615445394,0.008493978307880817,0.006667900280607253,0.0018260780272735646,0.001386244033035059,55.100928513607855,53.27911172947962,4.575171980562225,0.0037202544939523617,0.23891943616481137,1,1019770.1280000003,,False,False,True,False,False,False,True,True,False,True
WIF_USDT_6a838c61,WIF/USDT,1h,BUY,2026-02-14 22:00:00+00:00,backtest,SL,-2.6477,-2.8477,False,2.0,atr,0.2582,0.25136374,1.0,1.0,4.5114,True,63.16448400870702,1.0,1.0,0.496759,93.96254464938082,-1.0,0.7436,,1.0,False,,True,0.8,False,False,bearish,1,trend,1.0,52.1203830369357,rising,5,moderate,0.2602,0.2633,0.2543,1262603.91,0.25033777262079954,0.23953149392334047,0.2281577304308856,0.2475199933695994,0.23746464331567452,93.96254464938082,0.010806278697459065,0.009513712537451431,0.001292566160007634,0.001187920596477269,63.16448400870702,47.49381760121943,2.7766027448765542,0.004557509595006594,0.24610916206773278,1,1698063.2850000001,,False,False,True,False,False,False,False,True,False,True
WIF_USDT_c6a7c51f,WIF/USDT,1h,SELL,2026-02-22 08:00:00+00:00,backtest,TP,3.0415,2.8415,True,6.0,atr,0.2181,0.21146638,2.0,-1.0,1.2125,True,32.992583882611676,0.4330861294203892,0.4330861294203892,-0.09686,24.678150329641127,-1.0,2.457,,0.8671516331731,True,bullish,True,1.0,False,False,bullish,1,compression,0.9284928492849285,1.4301430143014302,rising,5,moderate,0.2152,0.2196,0.2146,1772243.22,0.21751350981020354,0.22015081061865946,0.22194485091989538,0.21817451261311885,0.2206458916805254,24.678150329641127,-0.0026373008084559224,-0.002428857825967995,-0.00020844298248792748,-0.00014674273268251714,32.992583882611676,9.208288691057454,30.887079520384955,0.0022112062136891036,0.22127792066882987,-1,721307.7365,,False,False,False,True,False,False,True,False,True,True
WIF_USDT_e84e959f,WIF/USDT,1h,SELL,2026-02-23 17:00:00+00:00,backtest,TP,4.5712,4.3712,True,20.0,atr,0.2012,0.19200269,2.0,-0.9369228571770744,0.9369,True,33.46003676376001,0.44866789212533364,0.44866789212533364,-0.265404,35.39887482021454,0.0,2.0816,,0.7462868107110961,False,,True,1.0,False,False,ranging,0,trend,0.6410006127293335,21.019108280254777,rising,5,moderate,0.202,0.2031,0.1988,2420343.27,0.2052688274783397,0.20719203804164363,0.21201966472557787,0.20620277818643673,0.207711241845808,35.39887482021454,-0.0019232105633039398,-0.0013870946457061177,-0.0005361159175978221,-0.0003894269724640607,33.46003676376001,19.947194360845955,38.60436462862336,0.0030657709389763405,0.20900663285480264,-1,1162710.06,,False,False,False,True,False,False,True,False,True,True
WIF_USDT_9ba34297,WIF/USDT,1h,SELL,2026-02-24 13:00:00+00:00,backtest,SL,-1.9219,-2.1219,False,1.0,atr,0.1948,0.19854384,1.0,-1.0,1.2414,True,37.457041290424485,0.5819013763474828,0.5819013763474828,-0.105669,21.521986830341614,-1.0,2.7997,,1.0,False,,True,1.0,False,False,bearish,1,compression,0.6985446985446986,6.029106029106029,rising,5,moderate,0.1943,0.1954,0.192,2336456.03,0.19701907717783113,0.1994649653610025,0.20512210567504227,0.19779595637149716,0.19998146189710275,21.521986830341614,-0.002445888183171374,-0.002240574028535509,-0.00020531415463586515,-4.75885743880149e-05,37.457041290424485,10.61978125287879,36.50388916307476,0.002495894449278487,0.19983444817277463,-1,834545.5365000002,,False,False,False,True,False,False,True,False,True,True
WIF_USDT_b19f0f8d,WIF/USDT,1h,BUY,2026-03-02 22:00:00+00:00,backtest,SL,-3.0567,-3.2567,False,11.0,atr,0.202,0.19582551,1.0,1.0,1.6531,True,20.82287569268954,0.027429189756317977,0.3,0.006369,64.26311633132688,0.0,0.6636,,0.5567618349895248,True,bullish,False,0.0,True,True,bullish,1,range,0.3,52.64573991031391,falling,4,moderate,0.2033,0.2043,0.2013,676699.97,0.2014956498224249,0.19821880787405324,0.19653846891674412,0.20098012120026063,0.19771068866145858,64.26311633132688,0.0032768419483716615,0.0032638939742570673,1.2947974114594241e-05,1.2012551602277356e-05,20.82287569268954,30.5658673834262,16.646821508688078,0.00411632730422778,0.19629183257045654,1,1019748.3634999999,,False,False,True,False,False,False,False,True,False,True
WIF_USDT_33c9196a,WIF/USDT,1h,BUY,2026-03-03 18:00:00+00:00,backtest,SL,-1.0,-1.2,False,3.0,structural,0.2014,0.199386,1.0,0.6054920916073947,0.6055,True,21.542548721432116,0.05141829071440386,-0.3,0.32655,62.17089618700336,0.0,0.8294,,0.7670517772563394,False,,True,0.8,True,True,ranging,0,range,0.3,60.969162995594715,rising,4,moderate,0.2036,0.206,0.2011,871076.71,0.2007078929206824,0.19949993658191711,0.19806516318904407,0.1998815766123059,0.19908993024010882,62.17089618700336,0.0012079563387652759,0.0005431009254018565,0.0006648554133634193,0.0005809731534769389,21.542548721432116,30.861032074299825,11.684737642891337,0.004335838845850559,0.20456417839920732,-1,1050247.355,,False,False,True,False,False,False,False,False,True,True
WIF_USDT_ca6f06ac,WIF/USDT,1h,BUY,2026-03-03 22:00:00+00:00,backtest,TP,6.0496,5.8496,True,17.0,structural,0.2024,0.21464435,2.19,0.6391522074682097,0.6392,True,25.7799065003686,0.1926635500122867,-0.3,0.082902,59.08308931784099,0.0,0.7175,,0.6859677832425993,True,bullish,True,0.8,True,True,bearish,2,range,0.3,51.71202809482002,falling,4,moderate,0.2033,0.205,0.2003,754532.43,0.20160458023206196,0.2003242036622615,0.1986112708414931,0.20112017458407966,0.20002662402848767,59.08308931784099,0.0012803765698004566,0.0011118360550826166,0.00016854051471783997,6.598475786829118e-05,25.7799065003686,30.324463963583085,13.175269382518104,0.004081450262295338,0.20456417839920732,-1,1051589.5915,,False,False,True,False,False,False,False,False,True,True
WIF_USDT_f86a8ca8,WIF/USDT,1h,BUY,2026-03-04 15:00:00+00:00,backtest,SL,-2.662,-2.862,False,41.0,bos,0.2117,0.2060645,1.0,1.0,1.8577,True,30.695994362283006,0.35653314540943354,0.35653314540943354,0.426153,78.63068917246746,-1.0,0.8595,,0.9692354237747688,True,bullish,True,0.8,False,False,bearish,2,trend,0.5949332393713834,61.67820069204152,rising,5,moderate,0.2193,0.2193,0.2108,1536410.78,0.21071061402708752,0.20686757611785236,0.2026873340866217,0.20825650374911253,0.2056243337296376,78.63068917246746,0.003843037909235153,0.0029084833161532,0.0009345545930819531,0.00019096399986271578,30.695994362283006,36.70789677929671,12.477011184927493,0.004337478705414227,0.2037709343603017,1,1787649.7670000002,,False,False,True,False,False,False,False,True,False,True
WIF_USDT_dc82301c,WIF/USDT,1h,SELL,2026-03-06 13:00:00+00:00,backtest,TP,6.008,5.808,True,4.0,atr,0.1985,0.1865741,2.0,-1.0,2.9268,True,30.09941693387982,0.3366472311293273,0.3366472311293273,-0.814746,17.46995052230671,-1.0,1.7927,,0.8188104036507801,False,,False,0.0,True,True,bearish,1,trend,0.5849902822313303,49.66722129783694,rising,5,moderate,0.1954,0.2007,0.1952,2170075.02,0.20209214254212596,0.20800703862827977,0.20962019944630533,0.20400418326844766,0.20926774249110774,17.46995052230671,-0.005914896086153809,-0.0043228822734083985,-0.0015920138127454107,-0.0017366838556243935,30.09941693387982,13.275759606085495,33.746019697354996,0.003975299911856092,0.20751749694299368,-1,1210496.423,,False,False,False,True,False,False,True,False,True,True
WIF_USDT_a15c8142,WIF/USDT,1h,SELL,2026-03-11 01:00:00+00:00,backtest,SL,-1.9477,-2.1477,False,11.0,structural,0.1643,0.1675,1.0,-1.0,1.6815,True,21.112029720905298,0.03706765736350993,0.3,-0.055217,35.23020330943635,0.0,0.4291,,0.5688581602649303,False,,True,0.8,False,False,bearish,1,range,0.3,20.53435114503817,rising,4,moderate,0.1639,0.1647,0.1638,656259.63,0.16497022577945714,0.16774414481129793,0.17237636232663897,0.16527600457358776,0.16812855929242773,35.23020330943635,-0.0027739190318407936,-0.0026834182620024574,-9.050076983833618e-05,-0.00021438684175667782,21.112029720905298,12.665825180491499,26.887279187114757,0.0029714520874213144,0.17090715076013965,-1,1529362.911,,False,False,False,True,False,False,False,False,True,True
WIF_USDT_bb2aff43,WIF/USDT,1h,BUY,2026-03-16 03:00:00+00:00,backtest,TP,4.0312,3.8312,True,2.0,bos,0.1706,0.17747725,4.03,1.0,1.0015,True,20.130021249168564,0.004334041638952139,0.3,0.261948,76.80813428995685,-1.0,3.3826,,0.8648122829354008,True,bullish,True,0.8,False,False,bearish,2,compression,0.710195530726257,5.79608938547486,rising,6,strong,0.1729,0.175,0.1696,4044105.88,0.17000445155182686,0.16831877905062678,0.1675928535737669,0.16917715199520597,0.16786065695568947,76.80813428995685,0.0016856725012000806,0.001232763866359969,0.0004529086348401116,0.00031018549057658905,20.130021249168564,30.922108276087453,9.301801202702434,0.0022924170821275137,0.166176157735983,1,1195544.6400000001,,False,False,True,False,False,False,True,True,False,True
WIF_USDT_7b014098,WIF/USDT,1h,BUY,2026-03-16 13:00:00+00:00,backtest,SL,-3.3631,-3.5631,False,3.0,structural,0.1903,0.1839,1.0,1.0,3.3477,True,46.90979439018355,0.8969931463394516,0.8969931463394516,0.046784,66.16568064368228,0.0,1.6586,,1.0,False,,True,0.8,False,False,ranging,0,range,0.3,69.27877947295423,falling,6,strong,0.1869,0.1914,0.1852,4758150.1,0.1845262544778176,0.17854895219302605,0.17275681759172756,0.18384804147147973,0.17771384741232868,66.16568064368228,0.005977302284791541,0.005889862884386615,8.743940040492615e-05,0.0002880508749669025,46.90979439018355,35.290228703156146,6.863819037163182,0.00435198914904734,0.17812342238152057,1,2868845.0870000003,,False,False,True,False,False,False,True,True,False,True
WIF_USDT_639605e6,WIF/USDT,1h,BUY,2026-03-16 16:00:00+00:00,backtest,SL,-3.8824,-4.0824,False,45.0,atr,0.1838,0.17666406,1.0,1.0,2.8991,True,49.8059704499117,0.99353234833039,0.99353234833039,-0.216724,60.460486256041506,0.0,0.9613,,0.7673467659792607,True,bullish,True,0.8,False,False,bearish,2,range,0.3,76.67820069204151,falling,4,moderate,0.1874,0.1884,0.1836,3118785.8,0.18601331314937097,0.18077261622316004,0.1742865998842007,0.18561711690633412,0.18010987784547605,60.460486256041506,0.00524069692621093,0.005646837245610281,-0.00040614031939935086,-0.0003426683444518906,49.8059704499117,26.4953762071191,7.3117070576375855,0.004757295976842929,0.17812342238152057,1,3244308.6760000004,,False,False,True,False,False,False,False,True,False,True
WIF_USDT_372e8cf0,WIF/USDT,1h,SELL,2026-03-18 16:00:00+00:00,backtest,SL,-2.8782,-3.0782,False,5.0,atr,0.1749,0.17993393,1.0,-1.0,2.3639,True,28.044331575706913,0.2681443858568971,0.3,-0.630889,22.559850281578164,-1.0,0.7045,,0.7525803921105115,True,bullish,True,0.8,False,False,bullish,1,trend,0.5507388595951153,38.58004018754186,rising,4,moderate,0.1742,0.1763,0.1736,1001766.64,0.17888636117472687,0.18311507631302743,0.18344037886233297,0.1802253215103631,0.1840065839443302,22.559850281578164,-0.0042287151383005595,-0.003129706053637264,-0.0010990090846632957,-0.0012010609226614762,28.044331575706913,11.604125109376866,30.418634912139655,0.0033559544829548952,0.18337618595619465,-1,1421853.8605,,False,False,False,True,False,False,False,False,True,True
WIF_USDT_0de0eb53,WIF/USDT,1h,SELL,2026-03-22 21:00:00+00:00,backtest,SL,-2.1108,-2.3108,False,2.0,atr,0.169,0.17256722,1.0,-1.0,1.0525,True,22.99160883881242,0.09972029462708072,0.3,-0.238221,25.27902867960153,-1.0,2.4929,,0.8211854475947535,False,,True,0.8,False,False,ranging,0,compression,0.5702634880803011,8.594730238393977,rising,5,moderate,0.1688,0.171,0.1671,2508548.76,0.17173435269163836,0.17354178668989154,0.17567081575944377,0.1725727391749636,0.1740159653588807,25.27902867960153,-0.0018074339982531717,-0.001405317716250814,-0.00040211628200235777,-0.00023896660866746036,22.99160883881242,12.509335071326698,33.038971261195535,0.00237814601839656,0.17502644277300125,-1,1006291.404,,False,False,False,True,False,False,True,False,True,True
WIF_USDT_53072d6c,WIF/USDT,1h,BUY,2026-03-23 14:00:00+00:00,backtest,TP,5.44,5.24,True,4.0,bos,0.1809,0.19074091,3.08,1.0,1.2308,True,20.72946225554486,0.024315408518161993,0.3,0.527887,73.26164482344326,-1.0,1.2992,,0.6928580489360745,True,bullish,True,1.0,True,True,bullish,1,expansion,1.0,40.285536933581625,rising,5,moderate,0.1832,0.1835,0.1805,1508006.24,0.17815186320976756,0.17598574693066318,0.1757958654832812,0.1767095384125583,0.1752643216237295,73.26164482344326,0.002166116279104374,0.0011990274293613556,0.0009670888497430186,0.0007297337843389331,20.72946225554486,32.07382608493266,14.7523748615308,0.0032803028269703196,0.17324254310590323,1,1160722.3915,,False,False,True,False,False,False,False,True,False,True
WIF_USDT_fc84ac8a,WIF/USDT,1h,BUY,2026-03-24 03:00:00+00:00,backtest,TP,5.3034,5.1034,True,17.0,atr,0.1855,0.19533782,2.0,1.0,1.3232,True,33.255958584283285,0.44186528614277615,0.44186528614277615,-0.288732,60.34132326051855,0.0,0.3823,,0.5465318748119592,True,bullish,True,1.0,True,True,bullish,1,range,0.3,40.08620689655172,falling,4,moderate,0.187,0.1875,0.1848,531313.51,0.1860574762881449,0.1836276809201649,0.17997137153042267,0.1857881837990434,0.18329044901218142,60.34132326051855,0.002429795367979992,0.0029697239304960115,-0.0005399285625160193,-0.0007419534248920266,33.255958584283285,26.621107721809153,12.957810851510175,0.003279271837739332,0.18085723177860483,1,1389930.8730000001,,False,False,True,False,False,False,False,True,False,True
WIF_USDT_80b1148a,WIF/USDT,1h,BUY,2026-03-24 20:00:00+00:00,backtest,TP,4.7678,4.5678,True,16.0,atr,0.1903,0.19937303,2.0,0.9722047297359627,0.9722,True,31.52720891418041,0.384240297139347,0.384240297139347,0.229215,74.41935074406544,-1.0,3.3479,,0.929893356251307,False,,False,0.0,True,True,ranging,0,trend,0.6087868152363402,32.41925655088361,rising,6,strong,0.1942,0.1963,0.19,4225441.39,0.1897909457497614,0.18796355517615893,0.1840315391307095,0.18853121596397895,0.1873399106937748,74.41935074406544,0.0018273905736024831,0.0013822547895695218,0.0004451357840329613,3.16183726510994e-05,31.52720891418041,35.386196153320554,12.138862247037881,0.0030243422990785624,0.18553681690834728,1,1262131.049,,False,False,True,False,False,False,True,True,False,True
WIF_USDT_93287b98,WIF/USDT,1h,BUY,2026-03-25 12:00:00+00:00,backtest,SL,-1.4538,-1.6538,False,3.0,bos,0.1982,0.1953185,1.0,1.0,1.4965,True,42.359827369353056,0.7453275789784352,0.7453275789784352,0.132814,78.51093434157649,-1.0,3.3511,,0.8451024786639926,True,bullish,False,0.0,False,False,bullish,1,range,0.3,26.67471333735667,stable,6,strong,0.2002,0.2006,0.1951,6374885.0,0.19686352087538359,0.19396082373207,0.18887126273568328,0.19591024112549318,0.193336906105277,78.51093434157649,0.002902697143313593,0.002636803159448721,0.00026589398386487207,6.947885269988768e-05,42.359827369353056,30.607712839714004,9.480150873114193,0.0028573996989770967,0.190680913867578,1,1902311.665,,False,False,True,False,False,False,True,True,False,True
WIF_USDT_bca7e475,WIF/USDT,1h,SELL,2026-03-27 21:00:00+00:00,backtest,TP,5.0567,4.8567,True,1.0,atr,0.1792,0.17013836,2.0,-1.0,2.232,True,36.70342964401678,0.5567809881338927,0.5567809881338927,0.096877,31.3806151721162,0.0,2.7551,,-0.039247355057996314,False,,False,0.0,False,False,ranging,0,expansion,1.0,35.00583430571762,falling,3,weak,0.1705,0.1795,0.169,3507020.71,0.1732098143398219,0.17707585827190925,0.18241839848475921,0.17398404700834247,0.17773344409910016,31.3806151721162,-0.0038660439320873374,-0.004031218833652891,0.00016517490156555369,0.00036440919367797253,36.70342964401678,23.810700015489328,22.82951613903942,0.0030205476204563622,0.17670453317264692,-1,1272905.2655,,False,False,False,True,False,False,True,False,True,True
WIF_USDT_61844c38,WIF/USDT,1h,SELL,2026-04-02 11:00:00+00:00,backtest,SL,-1.9512,-2.1512,False,3.0,atr,0.1759,0.17933216,1.0,-1.0,1.0351,True,23.862900171041105,0.1287633390347035,0.3,-0.028194,34.75426088289746,0.0,11.6315,,0.4045944655459476,True,bullish,True,0.8,False,False,bullish,1,compression,0.4642857142857143,10.714285714285714,stable,4,moderate,0.1758,0.1768,0.1753,25341264.9,0.17708893686847466,0.17892202614312058,0.1795455090236095,0.1774572045451817,0.17923422875743264,34.75426088289746,-0.001833089274645927,-0.001783523352452272,-4.95659221936551e-05,-1.8283820895483114e-05,23.862900171041105,13.737840633348979,23.852702271997668,0.0022881086358078084,0.18162486907297049,-1,2178676.6840000004,,False,False,False,True,False,False,True,False,True,True
WIF_USDT_d8a033e4,WIF/USDT,1h,BUY,2026-04-07 21:00:00+00:00,backtest,TP,4.4225,4.2225,True,1.0,structural,0.1876,0.19589653,2.18,1.0,1.1675,True,27.60885790546501,0.2536285968488336,0.3,0.694752,77.8291469534453,-1.0,1.8279,,0.9607173478937807,False,,False,0.0,False,False,bearish,1,expansion,1.0,34.98483316481295,rising,6,strong,0.1915,0.1918,0.185,2166386.98,0.18442896624656369,0.1823005890759056,0.18179678835460591,0.18240867088843904,0.18138064798349618,77.8291469534453,0.0021283771706580856,0.0007979266097756192,0.0013304505608824663,0.0008953215756084741,27.60885790546501,33.575972004759656,9.558038307415138,0.0027655101195772584,0.1808701612690077,1,1185188.294,,False,False,True,False,False,False,True,True,False,True
WIF_USDT_1f1c7d8c,WIF/USDT,1h,BUY,2026-04-07 22:00:00+00:00,backtest,SL,-2.5447,-2.7447,False,32.0,atr,0.1939,0.1889659,1.0,1.0,2.2482,True,30.83991995406692,0.36133066513556406,0.36133066513556406,1.106434,86.0850117237312,-1.0,2.498,,1.0,False,,False,0.0,False,False,bearish,1,expansion,1.0,51.187468418393124,rising,6,strong,0.2012,0.2016,0.1915,3297273.83,0.1881558626362162,0.18401871734173234,0.18248976019908428,0.18442896624656369,0.1823005890759056,86.0850117237312,0.004137145294483863,0.0019109995046783668,0.002226145789805496,0.0013304505608824663,30.83991995406692,47.49258388404589,7.46177844329637,0.0032894022538931685,0.18724814514210694,1,1319949.9270000001,,False,False,True,False,False,False,True,True,False,True
WIF_USDT_3be67442,WIF/USDT,1h,SELL,2026-04-12 03:00:00+00:00,backtest,SL,-2.173,-2.373,False,43.0,atr,0.1906,0.19474178,1.0,-0.7972345047190185,0.7972,True,23.31901293997373,0.11063376466579106,0.3,-0.615168,30.934769879876658,0.0,0.8988,,0.41133200905276196,True,bullish,True,0.8,False,False,bearish,2,range,0.3,36.92307692307693,falling,4,moderate,0.1901,0.1912,0.1901,670575.82,0.19417015171639285,0.1957181431637412,0.19583625209607752,0.1953330522067908,0.19627995748011534,30.934769879876658,-0.0015479914473483514,-0.00037855736220299174,-0.0011694340851453595,-0.0011530649536942155,23.31901293997373,20.020540563722395,30.303840790041445,0.002761186294018751,0.19786331631858078,-1,746045.2655,,False,False,False,True,False,False,False,False,True,True
WIF_USDT_a584a8b3,WIF/USDT,1h,BUY,2026-04-14 00:00:00+00:00,backtest,SL,-2.4264,-2.6264,False,5.0,atr,0.2015,0.1966108,1.0,1.0,1.7439,True,23.563466469403593,0.11878221564678644,0.3,0.708345,70.28479676537647,0.0,3.8675,,1.0,False,,True,0.8,False,False,ranging,0,expansion,1.0,53.317647058823525,rising,6,strong,0.1996,0.2035,0.199,18274579.64,0.19499791204724937,0.1916555864155576,0.19133740904282937,0.19368302977503488,0.19086114505711338,70.28479676537647,0.0033423256316917616,0.0019284691392568573,0.0014138564924349043,0.0016003438248820916,23.563466469403593,39.79842768820958,7.556842079973912,0.003259463415614168,0.1921978424773054,1,4725220.555,,False,False,True,False,False,False,True,True,False,True
WIF_USDT_34d30a63,WIF/USDT,1h,BUY,2026-04-14 09:00:00+00:00,backtest,SL,-2.328,-2.528,False,9.0,atr,0.1954,0.19085114,1.0,0.856155222263103,0.8562,True,30.216954254752153,0.34056514182507175,0.34056514182507175,-0.178098,58.855993202064,0.0,0.0809,,0.5485324122514444,True,bullish,True,0.8,False,False,bearish,2,range,0.3,47.51640112464855,falling,4,moderate,0.1973,0.198,0.1948,574663.48,0.19612430231064848,0.1944594277646584,0.19282559007897737,0.1957883886851195,0.19417537054112424,58.855993202064,0.0016648745459900693,0.0020162622873840966,-0.0003513877413940272,-0.0005789380140858559,30.216954254752153,28.809970246188417,15.096659939902306,0.0030325719459731388,0.1921978424773054,1,7106024.186000001,,False,False,True,False,False,False,False,True,False,True
WIF_USDT_837a3656,WIF/USDT,1h,BUY,2026-04-15 18:00:00+00:00,backtest,TP,4.1859,3.9859,True,10.0,atr,0.2002,0.2085801,2.0,0.8847617276136931,0.8848,True,20.460832487748718,0.015361082924957258,0.3,0.285537,66.72208684266084,0.0,0.4814,,0.6188457179792856,False,,True,0.8,False,False,ranging,0,range,0.3,39.45546838947854,rising,5,moderate,0.1999,0.2011,0.1984,726030.37,0.19717585633501294,0.1954466194482203,0.19425908592462873,0.19639752957358808,0.19500128139304235,66.72208684266084,0.0017292368867926344,0.001158449053204846,0.0005707878335877883,0.000523193044134782,20.460832487748718,24.908991997481888,9.437849047999748,0.0027933657812648735,0.1926825183370083,1,1508263.5389999999,,False,False,True,False,False,False,False,True,False,True
WIF_USDT_732ffbcc,WIF/USDT,1h,BUY,2026-04-16 06:00:00+00:00,backtest,TP,5.0887,4.8887,True,9.0,bos,0.2072,0.21774381,1.88,1.0,2.1147,True,42.52865682715619,0.750955227571873,0.750955227571873,0.289879,72.15191331349297,-1.0,0.2556,,1.0,True,bullish,False,0.0,False,False,bullish,1,trend,0.7921442804526031,61.404313905461215,rising,5,moderate,0.2096,0.2098,0.207,653321.24,0.20608537601268576,0.20181756900748574,0.19772157441345778,0.20508119773059597,0.2010393259082343,72.15191331349297,0.004267807005200019,0.0036602213277076995,0.00060758567749232,0.0006854433334001139,42.52865682715619,31.621045018740556,5.4622887726850715,0.0035146026567919467,0.2006384035470127,1,2555595.051,,False,False,True,False,False,False,False,True,False,True
WIF_USDT_bd6c916a,WIF/USDT,1h,BUY,2026-04-16 15:00:00+00:00,backtest,TP,6.2924,6.0924,True,4.0,structural,0.2117,0.22502094,2.47,1.0,2.1003,True,54.98552266322309,1.0,1.0,0.165393,71.24752832371443,0.0,0.738,,1.0,True,bullish,False,0.0,False,False,bullish,1,expansion,1.0,81.07861060329068,rising,5,moderate,0.2181,0.2183,0.2096,1823756.0,0.2118498425700535,0.20749193285161205,0.20153341727810897,0.2100640833043545,0.20643112613677328,71.24752832371443,0.004357909718441438,0.0039971870865765195,0.00036072263186491885,-0.00018386860306284078,54.98552266322309,38.03914976189476,6.910755299972493,0.004440313950164392,0.202344980841813,1,2471193.6695,,False,False,True,False,True,False,False,True,False,True
WIF_USDT_b61c9646,WIF/USDT,1h,BUY,2026-04-17 12:00:00+00:00,backtest,SL,-1.9096,-2.1096,False,21.0,structural,0.2147,0.2106,1.0,0.27047660861989936,0.2705,True,41.67489384763026,0.7224964615876753,0.7224964615876753,0.077604,59.030858891048766,0.0,1.0431,,0.482044744351493,True,bullish,False,0.0,False,False,bullish,1,range,0.3,76.32412856496153,falling,5,moderate,0.218,0.2186,0.2133,995803.84,0.21487174073226306,0.2142921306447558,0.20919539963570435,0.21397795237005252,0.21392134370923138,59.030858891048766,0.0005796100875072596,0.0004104344167812261,0.0001691756707260335,-0.00026923792059707575,41.67489384763026,24.555574252775937,12.504455643988612,0.004224784308906719,0.20970521598719855,1,954623.359,,False,False,True,False,True,False,False,True,False,True
WIF_USDT_570fe779,WIF/USDT,1h,SELL,2026-04-23 00:00:00+00:00,backtest,TP,4.4628,4.2628,True,8.0,atr,0.1872,0.1788456,2.0,-1.0,1.6154,True,22.773099720756868,0.09243665735856225,0.3,-0.593486,22.317226789865074,-1.0,0.5926,,1.0,False,,True,1.0,False,False,ranging,0,expansion,1.0,39.72661255873559,rising,4,moderate,0.1877,0.1899,0.1857,4762613.69,0.1931493132657946,0.19626946700123205,0.19818348523949064,0.19470625991316448,0.19712641370135525,22.317226789865074,-0.0031201537354374476,-0.0020061806533611835,-0.001113973082076264,-0.0009709596758677194,22.773099720756868,10.684631918489732,38.947143436782916,0.0027847986763349366,0.19507570384715459,-1,8037400.7195000015,,False,False,False,True,False,False,False,False,True,True
WIF_USDT_7c5345fe,WIF/USDT,1h,SELL,2026-04-23 12:00:00+00:00,backtest,TP,4.2433,4.0433,True,99.0,atr,0.1803,0.17264937,2.0,-1.0,2.6835,True,43.86921034815007,0.7956403449383357,0.7956403449383357,0.188481,22.559917387677213,-1.0,2.0608,,0.8971126123443787,False,,False,0.0,False,False,ranging,0,range,0.3,30.216744581385463,falling,4,moderate,0.1793,0.1806,0.179,8758297.04,0.18063335366460515,0.1854806778832772,0.1919845210106053,0.18101431185449235,0.18609874567160492,22.559917387677213,-0.004847324218672067,-0.005185270482651005,0.0003379462639789381,0.0002698097975279024,43.86921034815007,11.75754495583209,34.185360264441556,0.002550210780527053,0.1854256981599554,-1,4249906.818499999,,False,False,False,True,False,False,True,False,True,True
WIF_USDT_4cf89b61,WIF/USDT,1h,SELL,2026-04-27 15:00:00+00:00,backtest,SL,-1.8611,-2.0611,False,13.0,atr,0.1755,0.17876622,1.0,-0.5908857114013154,0.5909,True,22.756512868597166,0.09188376228657222,0.3,-0.105285,34.998518736193915,0.0,7.4795,,0.7987467029669125,True,bullish,True,0.8,False,False,bearish,2,compression,0.2230831973898858,15.538336052202284,rising,5,moderate,0.1746,0.1772,0.1707,22799394.84,0.17632671294654434,0.17736860229872908,0.1785017730415744,0.17682005950269986,0.17764546252860197,34.998518736193915,-0.0010418893521847439,-0.0008580624008585505,-0.00018382695132619338,-5.925410070666253e-05,22.756512868597166,14.090496319248148,34.05916389342096,0.0021774820050742957,0.17984231156693817,-1,3048269.3145000003,,False,False,False,True,False,False,True,False,True,True
WIF_USDT_68eff119,WIF/USDT,1h,BUY,2026-05-08 21:00:00+00:00,backtest,TP,4.3771,4.1771,True,6.0,bos,0.2244,0.23422213,2.8,1.0,1.1004,True,23.224035738461204,0.1074678579487068,0.3,0.176795,71.50413823275272,0.0,0.1508,,0.7084640681151805,True,bullish,False,0.0,False,False,bullish,1,range,0.3,59.772226304188095,rising,5,moderate,0.2262,0.2274,0.2241,1387661.04,0.2239540539361714,0.22151642124443854,0.2180636669199104,0.22331235506079178,0.2210480633688824,71.50413823275272,0.0024376326917328606,0.0020377218550096518,0.0003999108367232088,0.0004265252552613174,23.224035738461204,27.851395380656516,10.139793677777003,0.0032740448137467165,0.21774071886914775,1,9204945.0955,,False,False,True,False,False,False,False,True,False,True
WIF_USDT_80b38858,WIF/USDT,1h,BUY,2026-05-09 10:00:00+00:00,backtest,TP,5.0312,4.8312,True,32.0,atr,0.2246,0.2359,2.24,0.5400250004542905,0.54,True,33.84960580425761,0.4616535268085869,0.4616535268085869,-0.195791,56.0858169718888,0.0,0.8679,,0.3964692642753713,True,bullish,False,0.0,False,False,bullish,1,range,0.3,61.97440585009141,falling,4,moderate,0.2272,0.2275,0.224,3877788.27,0.22673478399243613,0.22551693615693016,0.22151871383808988,0.22660186513313216,0.22534862977262318,56.0858169718888,0.001217847835505964,0.001662685083524711,-0.0004448372480187468,-0.000631868347025109,33.84960580425761,23.126200663648643,13.21446905676436,0.003363507853776009,0.22359129986099638,1,4467886.0825,,False,False,True,False,False,False,False,True,False,True
WIF_USDT_b2ccd167,WIF/USDT,1h,SELL,2026-05-13 19:00:00+00:00,backtest,SL,-2.4803,-2.6803,False,20.0,atr,0.2172,0.22258727,1.0,-1.0,1.2112,True,27.419290499681445,0.24730968332271483,0.3,-0.236015,36.33059984529338,0.0,2.0201,,0.5246923475738773,False,,False,0.0,False,False,ranging,0,trend,0.5403215083280241,67.57042253521128,rising,5,moderate,0.2163,0.2189,0.216,3576644.52,0.21873689439990174,0.22138612927638668,0.22345347109288216,0.21943314994273078,0.22189474220402536,36.33059984529338,-0.0026492348764849405,-0.0021387342972375937,-0.0005105005792473468,-0.0005781082536806619,27.419290499681445,15.412315551917947,28.52962424126488,0.003591515558509265,0.22594297145121078,-1,1770561.5595,,False,False,False,True,False,False,True,False,True,True
WIF_USDT_35337e72,WIF/USDT,1h,BUY,2026-05-29 17:00:00+00:00,backtest,SL,-2.5723,-2.7723,False,2.0,atr,0.1917,0.18676889,1.0,1.0,1.0466,True,20.371319284385468,0.012377309479515593,0.3,0.309833,67.68446281923976,0.0,0.9022,,0.3754331686994485,False,,True,1.0,False,False,ranging,0,range,0.3,64.3699565487275,rising,5,moderate,0.1907,0.192,0.19,1808586.07,0.18769017764060525,0.18574623015993988,0.18573451241728706,0.1868302283950639,0.18525085317593387,67.68446281923976,0.00194394748066537,0.0013530952868160712,0.0005908521938492988,0.0005217060292386194,20.371319284385468,25.65811618457638,16.272286967090167,0.0032874041038785957,0.18244476227558662,1,2004704.3279999997,,False,False,True,False,False,False,False,True,False,True
WIF_USDT_57c6092a,WIF/USDT,1h,BUY,2026-06-01 00:00:00+00:00,backtest,SL,-1.7788,-1.9788,False,5.0,atr,0.193,0.18956698,1.0,0.36567028007907476,0.3657,True,20.381051770958827,0.01270172569862756,0.3,0.345411,66.21040313685197,0.0,1.0357,,0.22731924867470368,False,,True,0.8,False,False,bearish,1,range,0.3,23.985352456515106,falling,5,moderate,0.1936,0.1945,0.1914,880103.08,0.19084724112692739,0.19015191209738516,0.18970687901234845,0.19006073859176378,0.1898071033071237,66.21040313685197,0.0006953290295422243,2.661334196763903e-05,0.0006687156875745852,0.0005613797864597449,20.381051770958827,22.052817164200118,16.369835947332525,0.0022886822507719303,0.18703865560259636,1,849786.4545000001,,False,False,True,False,False,False,False,True,False,True
WIF_USDT_4784d0a3,WIF/USDT,1h,BUY,2026-06-01 23:00:00+00:00,backtest,SL,-2.3131,-2.5131,False,2.0,atr,0.1919,0.18746122,1.0,0.5999786256110619,0.6,True,21.043790167224127,0.03479300557413758,0.3,0.257146,60.280057753710004,0.0,0.9283,,0.11713508224895904,True,bullish,True,1.0,False,False,bearish,2,range,0.3,54.666666666666664,rising,5,moderate,0.1918,0.1927,0.191,1540977.46,0.1903134613513208,0.18917843119985533,0.18914694087140105,0.18988873602312673,0.18891627431984087,60.280057753710004,0.0011350301514654604,0.0006418248934706634,0.000493205257994797,0.0005772394388125891,21.043790167224127,21.08523410030168,18.156857044077704,0.002959183438478346,0.1844703918724866,1,1659916.3985,,False,False,True,False,False,False,False,True,False,True
WIF_USDT_14ca0af6,WIF/USDT,1h,SELL,2026-06-02 14:00:00+00:00,backtest,TP,5.2314,5.0314,True,1.0,atr,0.1868,0.17702769,2.0,-0.6809842992996848,0.681,True,23.59224219977648,0.11974140665921595,0.3,-0.302813,31.40782276811499,0.0,2.259,,0.9429055674817073,False,,False,0.0,False,False,ranging,0,expansion,1.0,64.13273001508296,rising,5,moderate,0.1815,0.1877,0.1789,3536609.69,0.18646657454959775,0.18773638264572245,0.18852199417242493,0.18788559584948283,0.1883600209102947,31.40782276811499,-0.0012698080961247027,-0.0007202031273208936,-0.0005496049688038091,-2.9024417892866956e-05,23.59224219977648,12.536396006444853,36.109035193487536,0.003257435136524687,0.19181621552577693,-1,1565550.9685,,False,False,False,True,False,False,True,False,True,True
WIF_USDT_4f45363f,WIF/USDT,1h,SELL,2026-06-05 11:00:00+00:00,backtest,TP,10.8488,10.6488,True,18.0,structural,0.1561,0.13916504,4.13,-1.0,3.2237,True,31.83320453697341,0.39444015123244697,0.39444015123244697,0.084808,38.4734562288702,0.0,1.957,,0.5797638175928552,False,,False,0.0,False,False,bearish,1,range,0.3,94.97635933806147,falling,4,moderate,0.1557,0.1582,0.155,2038186.74,0.15818230230193736,0.16328167442318936,0.17149868622756823,0.15889153153106234,0.1640398418655083,38.4734562288702,-0.005099372121251999,-0.005231417946831549,0.00013204582557954994,0.00014913052517536406,31.83320453697341,11.91254363547518,26.40663907529656,0.005644987455703089,0.1694739448972969,-1,1041508.0575000001,,False,False,False,True,False,False,True,False,True,True
WIF_USDT_962ac13c,WIF/USDT,1h,BUY,2026-06-08 03:00:00+00:00,backtest,SL,-1.8939,-2.0939,False,2.0,structural,0.1584,0.1554,1.0,0.42736983346117907,0.4274,True,24.41128404786242,0.147042801595414,0.3,-0.000451,55.17868979267458,0.0,0.6221,,0.5080337092720576,True,bullish,True,1.0,False,False,bearish,2,range,0.3,56.351508120649655,stable,4,moderate,0.1584,0.1586,0.1572,570519.83,0.15784841745155298,0.1571766916860545,0.15713272937046835,0.157690822437711,0.15705436085465996,55.17868979267458,0.0006717257654984821,0.0006724406593665759,-7.148938680938757e-07,-3.633652324959392e-05,24.41128404786242,27.829019370649874,15.128176638848435,0.003051011541043693,0.15295184716509597,1,917052.1240000001,,False,False,True,False,False,False,False,True,False,True
WIF_USDT_82463a49,WIF/USDT,1h,BUY,2026-06-08 07:00:00+00:00,backtest,SL,-1.145,-1.345,False,17.0,structural,0.1572,0.1554,1.0,0.20055901847312402,0.2006,True,22.970894665084273,0.09902982216947578,0.3,-0.002893,56.303311453082685,0.0,0.9368,,0.41678853808887967,True,bullish,True,1.0,False,False,bearish,2,range,0.3,51.30359212050985,falling,4,moderate,0.1586,0.159,0.1563,844882.49,0.15744070268269755,0.15712557317536677,0.15710715429341135,0.157109474877754,0.15697813049290343,56.303311453082685,0.0003151295073307858,0.0003197179724724055,-4.588465141619697e-06,-0.00019066782019264183,22.970894665084273,27.406936632572066,16.987223180350075,0.0029213046809597313,0.15295184716509597,1,901912.465,,False,False,True,False,False,False,False,True,False,True
WIF_USDT_13cce6db,WIF/USDT,1h,BUY,2026-06-15 13:00:00+00:00,backtest,SL,-1.9221,-2.1221,False,8.0,atr,0.1709,0.16761515,1.0,1.0,1.9613,True,44.25154554113443,0.8083848513711478,0.8083848513711478,0.24148,89.57243109955637,-1.0,1.6563,,1.0,False,,False,0.0,False,False,ranging,0,expansion,1.0,20.628792057363484,rising,6,strong,0.1729,0.1739,0.1698,1253588.15,0.16880276817939946,0.16555577141266115,0.16215114966480326,0.16763213051637074,0.16482134855392724,89.57243109955637,0.0032469967667383137,0.0028294774590497535,0.00041751930768856027,0.0001900641572380249,44.25154554113443,38.47758405652985,6.5856661219771055,0.002189896946163709,0.16605472640943175,1,756840.763,,False,False,True,False,False,False,True,True,False,True
WIF_USDT_9dd98427,WIF/USDT,1h,BUY,2026-06-16 08:00:00+00:00,backtest,SL,-2.0187,-2.2187,False,6.0,atr,0.1707,0.1672541,1.0,0.3881160605015443,0.3881,True,23.01605772500009,0.10053525750000294,0.3,0.242048,65.74534929733841,0.0,3.8358,,0.340448782748298,False,,False,0.0,False,False,ranging,0,range,0.3,24.49931412894376,rising,6,strong,0.172,0.1724,0.169,3177913.2,0.16894250960300802,0.16828935160132935,0.16561365396574834,0.16806894091815316,0.16791828676146228,65.74534929733841,0.000653158001678672,0.00023683543134179447,0.00041632257033687755,0.00012198001051752684,23.01605772500009,26.46738310571361,17.95616353700616,0.0022972689262752556,0.16490596834666163,1,828478.7629999999,,False,False,True,False,False,False,True,True,False,True
FLOKI_USDT_d433fea4,FLOKI/USDT,1h,SELL,2026-01-16 15:00:00+00:00,backtest,SL,-1.7031,-1.9031,False,5.0,atr,4.991e-05,5.076e-05,1.0,-0.7616930951450034,0.7617,True,27.443704358138756,0.24812347860462522,0.3,-0.162006,24.911138586425384,-1.0,2.2989,,0.9514421996543564,False,,False,0.0,False,False,ranging,0,trend,0.5407284059689793,30.76923076923077,rising,5,moderate,4.884e-05,5.01e-05,4.845e-05,2634871084.0,4.977106845609833e-05,5.015017124790832e-05,5.1046674976158786e-05,5.003708801498356e-05,5.028118837269916e-05,24.911138586425384,-3.7910279180999385e-07,-2.999788208357754e-07,-7.912397097421848e-08,1.6316477633066186e-08,27.443704358138756,12.923233059857758,36.70928805121667,5.682449651739189e-07,5.068271714804358e-05,-1,1146126173.85,,False,False,False,True,False,True,True,False,True,True
FLOKI_USDT_9743a1c1,FLOKI/USDT,1h,SELL,2026-01-18 23:00:00+00:00,backtest,TP,3.6221,3.4221,True,1.0,atr,4.859e-05,4.683e-05,2.0,-0.8302886454188049,0.8303,True,27.602308821990334,0.25341029406634447,0.3,-0.28183,22.635097729941442,-1.0,3.2646,,1.0,False,,False,0.0,True,True,bearish,1,expansion,1.0,68.29268292682927,stable,5,moderate,4.67e-05,4.93e-05,4.662e-05,4302041150.0,4.852675875080629e-05,4.892967091870401e-05,4.966670571551317e-05,4.904868982246523e-05,4.915263801057441e-05,22.635097729941442,-4.0291216789772085e-07,-2.7129743847124575e-07,-1.316147294264751e-07,1.0154188564882745e-07,27.602308821990334,12.945706382732288,40.12386824088803,5.876712806411639e-07,4.958895262780218e-05,-1,1317771644.7,,False,False,False,True,False,True,True,False,True,True
FLOKI_USDT_c2066cdc,FLOKI/USDT,1h,SELL,2026-01-20 07:00:00+00:00,backtest,TP,7.4883,7.2883,True,129.0,structural,4.487e-05,4.151e-05,5.89,-0.34834649946068275,0.3483,True,25.722312569297273,0.1907437523099091,-0.3,-0.100536,39.4845355465341,0.0,0.9821,,0.14662361323226264,True,bearish,False,0.0,True,True,bullish,2,range,0.3,48.24561403508772,stable,3,weak,4.446e-05,4.491e-05,4.445e-05,1423272041.0,4.493766722508921e-05,4.50942060158071e-05,4.630027937502162e-05,4.5074143575114704e-05,4.5157626617387815e-05,39.4845355465341,-1.565387907178888e-07,-1.1184038399112669e-07,-4.4698406726762115e-08,6.008138354634849e-09,25.722312569297273,18.463372954795553,22.12896328560212,5.256868268631307e-07,4.440872454619073e-05,1,1449193508.5,,False,False,False,True,False,True,False,True,False,True
FLOKI_USDT_fdd1d9db,FLOKI/USDT,1h,SELL,2026-01-29 14:00:00+00:00,backtest,TP,3.0815,2.8815,True,1.0,structural,4.024e-05,3.9e-05,3.02,-1.0,1.249,True,26.338190976126178,0.21127303253753926,0.3,-0.151391,17.542968407219945,-1.0,2.3237,,1.0,False,,False,0.0,False,False,bearish,1,range,0.3,21.364985163204746,stable,5,moderate,3.926e-05,4.033e-05,3.921e-05,3243237436.0,4.0129334266865904e-05,4.0630569535881695e-05,4.1188341587476274e-05,4.037771548597045e-05,4.0767626489469864e-05,17.542968407219945,-5.012352690157907e-07,-4.41799156236667e-07,-5.943611277912371e-08,2.2170096347688943e-08,26.338190976126178,9.891294107570355,37.64835907316817,4.1266447217336225e-07,4.0796293226188367e-05,-1,1395699587.4,,False,False,False,True,False,True,True,False,True,True
FLOKI_USDT_33a34ea3,FLOKI/USDT,1h,SELL,2026-02-01 20:00:00+00:00,backtest,SL,-2.1866,-2.3866,False,17.0,structural,3.43e-05,3.505e-05,1.0,-0.8084975905973787,0.8085,True,43.45736498042428,0.7819121660141427,0.7819121660141427,0.089477,44.03543964922886,0.0,0.5712,,0.3218277026791575,True,bullish,True,1.0,False,False,bullish,1,range,0.3,88.91566265060241,falling,3,weak,3.433e-05,3.479e-05,3.395e-05,1569583128.0,3.440352587936752e-05,3.468167755718275e-05,3.5931533755896136e-05,3.442453327347252e-05,3.4716845312901034e-05,44.03543964922886,-2.7815167781523203e-07,-3.0886902318922207e-07,3.071734537399004e-08,3.191565644770403e-08,43.45736498042428,15.18935580432674,23.235048371305677,6.817203246552103e-07,3.537904078820791e-05,-1,2748026560.9500003,,False,False,False,True,False,False,False,False,True,True
FLOKI_USDT_2433e1b9,FLOKI/USDT,1h,SELL,2026-02-05 04:00:00+00:00,backtest,TP,5.7375,5.5375,True,11.0,structural,3.329e-05,3.138e-05,2.39,-1.0,1.2268,True,20.02864217698081,0.0009547392326936688,0.3,-0.120761,32.97985278479507,0.0,0.2137,,0.4059358315642692,False,,True,1.0,False,False,bearish,1,range,0.3,76.56565656565657,rising,4,moderate,3.326e-05,3.361e-05,3.313e-05,1461611635.0,3.364022417038336e-05,3.405293199279253e-05,3.4571164832623074e-05,3.374885964763575e-05,3.413222519207179e-05,32.97985278479507,-4.12707822409167e-07,-3.725427153559135e-07,-4.01651070532535e-08,-3.09053826067489e-08,20.02864217698081,12.575927684848322,22.724323473955053,6.363626064296744e-07,3.4940780447688315e-05,-1,6839979261.700002,,False,False,False,True,False,False,False,False,True,True
FLOKI_USDT_fe47936c,FLOKI/USDT,1h,BUY,2026-02-14 16:00:00+00:00,backtest,TP,3.9755,3.7755,True,1.0,atr,3.27e-05,3.4e-05,2.0,1.0,2.1514,True,40.42599387331476,0.6808664624438253,0.6808664624438253,0.590295,81.85034010650739,-1.0,2.8746,,1.0,False,,False,0.0,False,False,ranging,0,expansion,1.0,31.950207468879665,rising,6,strong,3.329e-05,3.329e-05,3.231e-05,4780421951.0,3.196758287725237e-05,3.129431189379549e-05,3.0619784495009514e-05,3.1589749413610194e-05,3.109474308317504e-05,81.85034010650739,6.732709834568839e-07,4.767617841790383e-07,1.965091992778456e-07,1.1649914589503784e-07,40.42599387331476,50.78770974480879,8.46715799355882,4.3430606774194485e-07,3.162428875807598e-05,1,1663013982.7500002,,False,False,True,False,False,False,True,True,False,True
FLOKI_USDT_8d1ebb07,FLOKI/USDT,1h,BUY,2026-02-14 17:00:00+00:00,backtest,TP,4.3686,4.1686,True,2.0,atr,3.342e-05,3.488e-05,2.0,1.0,2.7582,True,43.13461138353895,0.7711537127846317,0.7711537127846317,0.772166,85.02337081404663,-1.0,2.3876,,1.0,False,,False,0.0,False,False,ranging,0,expansion,1.0,46.54696132596685,rising,6,strong,3.393e-05,3.436e-05,3.317e-05,4311131248.0,3.240367557119629e-05,3.153391990345044e-05,3.0738006477330604e-05,3.196758287725237e-05,3.129431189379549e-05,85.02337081404663,8.697556677458472e-07,6.077597453679745e-07,2.6199592237787264e-07,1.965091992778456e-07,43.13461138353895,57.599115428859456,6.993204052468836,4.882842057603775e-07,3.240935988226838e-05,1,1805604101.3000004,,False,False,True,False,False,False,True,True,False,True
FLOKI_USDT_878e8e72,FLOKI/USDT,1h,BUY,2026-02-25 12:00:00+00:00,backtest,TP,5.9717,5.7717,True,3.0,atr,2.897e-05,3.07e-05,3.33,1.0,1.1709,True,21.093992449609214,0.0364664149869738,0.3,0.282117,78.1489573385928,-1.0,1.1837,,0.8749553837324444,True,bullish,False,0.0,False,False,bullish,1,range,0.3,21.566632756866735,rising,5,moderate,2.942e-05,2.954e-05,2.887e-05,2001335568.0,2.881590340758912e-05,2.8482407352257373e-05,2.844587342633905e-05,2.864330438118601e-05,2.838864808748311e-05,78.1489573385928,3.3349605533174813e-07,2.504972066279932e-07,8.299884870375493e-08,4.5658511426784484e-08,21.093992449609214,38.10735408185966,16.23346948854855,3.482708112860776e-07,2.831846313658969e-05,1,1690727575.7000003,,False,False,True,False,False,False,False,True,False,True
FLOKI_USDT_7cfca9b8,FLOKI/USDT,1h,SELL,2026-02-28 06:00:00+00:00,backtest,TP,4.3866,4.1866,True,1.0,atr,2.804e-05,2.681e-05,1.98,-1.0,1.5365,True,33.01468342167599,0.433822780722533,0.433822780722533,-0.423209,17.524003406482812,-1.0,1.6853,,1.0,False,,False,0.0,False,False,bearish,1,expansion,1.0,39.275500476644424,rising,5,moderate,2.692e-05,2.82e-05,2.682e-05,2854217138.0,2.8086149907518675e-05,2.8517688560395846e-05,2.8935263560050873e-05,2.8419335595381153e-05,2.867745741643543e-05,17.524003406482812,-4.3153865287717127e-07,-3.1761087962764136e-07,-1.1392777324952991e-07,2.5251719485981428e-09,33.01468342167599,9.106307270909308,44.60216642631209,4.109600867350946e-07,2.8578961579089408e-05,-1,1693636274.9500003,,False,False,False,True,False,True,True,False,True,True
FLOKI_USDT_cf972b1d,FLOKI/USDT,1h,BUY,2026-03-04 18:00:00+00:00,backtest,SL,-2.7199,-2.9199,False,11.0,atr,2.978e-05,2.897e-05,1.0,1.0,2.0244,True,29.06962969907369,0.302320989969123,0.302320989969123,0.351223,75.51130602016558,-1.0,9.2171,,0.8196920517624386,False,,False,0.0,False,False,ranging,0,trend,0.5678271616512282,70.26793431287814,rising,6,strong,3.009e-05,3.011e-05,2.962e-05,40861263841.0,2.9519850314003738e-05,2.8934099594568925e-05,2.8419751667565322e-05,2.9356950403719088e-05,2.881850955402582e-05,75.51130602016558,5.857507194348134e-07,4.80067784248136e-07,1.0568293518667742e-07,1.1121453303847137e-07,29.06962969907369,30.36682674462679,9.874525450565823,5.422636284514266e-07,2.845114457290969e-05,1,4433189087.85,,False,False,True,False,False,False,True,True,False,True
FLOKI_USDT_d5ee0a3d,FLOKI/USDT,1h,BUY,2026-03-05 12:00:00+00:00,backtest,SL,-1.5705,-1.7705,False,3.0,structural,2.929e-05,2.883e-05,1.0,0.2735195971857351,0.2735,True,23.67033414850851,0.1223444716169503,0.3,0.08498,55.365543970006804,0.0,0.4216,,0.423487936797132,True,bullish,False,0.0,False,False,bullish,1,range,0.3,43.40425531914894,rising,5,moderate,2.947e-05,2.959e-05,2.92e-05,1567000056.0,2.9326286226603146e-05,2.924629188684249e-05,2.8863185883534213e-05,2.928522514848976e-05,2.922392107552674e-05,55.365543970006804,7.99943397606559e-08,5.495071122223035e-08,2.504362853842555e-08,1.8875176010000553e-08,23.67033414850851,23.571359722187605,12.984161302259306,4.401131529838858e-07,2.889003011561872e-05,1,3717232270.65,,False,False,True,False,False,False,False,True,False,True
FLOKI_USDT_9d155793,FLOKI/USDT,1h,BUY,2026-03-09 14:00:00+00:00,backtest,TP,3.9153,3.7153,True,23.0,bos,2.835e-05,2.946e-05,3.96,0.8727733518323489,0.8728,True,21.15791316114788,0.038597105371596045,0.3,0.166418,71.12041919463206,0.0,0.9146,,0.6800970896094495,True,bullish,True,0.8,False,False,bearish,2,range,0.3,26.394344069128046,rising,5,moderate,2.845e-05,2.865e-05,2.827e-05,1556253196.0,2.814502063674346e-05,2.7901503747276724e-05,2.781642021380607e-05,2.8057883675813017e-05,2.7846654122004396e-05,71.12041919463206,2.435168894667355e-07,1.961709291402648e-07,4.734596032647074e-08,3.873160483159201e-08,21.15791316114788,30.212537741287285,13.210110501051048,3.6985349094096075e-07,2.7515160172231337e-05,1,1701625103.0,,False,False,True,False,False,False,False,True,False,True
FLOKI_USDT_81708ef2,FLOKI/USDT,1h,BUY,2026-03-13 00:00:00+00:00,backtest,SL,-1.2244,-1.4244,False,6.0,bos,3.022e-05,2.985e-05,1.0,1.0,1.0415,True,21.957960275244666,0.06526534250815554,0.3,0.162541,69.51485180501034,0.0,0.0508,,0.6476867876378342,True,bullish,False,0.0,False,False,bullish,1,range,0.3,34.464944649446494,rising,5,moderate,3.044e-05,3.072e-05,3e-05,2029144791.0,3.0046620936292076e-05,2.9736911353685997e-05,2.9380297944053133e-05,2.9934226918089813e-05,2.9666602489054598e-05,69.51485180501034,3.097095826060792e-07,2.6023198152053275e-07,4.947760108554643e-08,3.2131248057455235e-08,21.957960275244666,24.53243348408734,8.340263793141485,3.911093235597106e-07,2.9339218863374857e-05,1,39912620000.950005,,False,False,True,False,False,False,False,True,False,True
FLOKI_USDT_45cbf592,FLOKI/USDT,1h,BUY,2026-03-13 09:00:00+00:00,backtest,TP,3.6448,3.4448,True,2.0,atr,3.018e-05,3.128e-05,2.0,0.6084351148023349,0.6084,True,21.997972172614656,0.06659907242048853,0.3,-0.046747,62.87581933567843,0.0,0.0422,,0.4116881290671042,True,bullish,False,0.0,False,False,bullish,1,range,0.3,26.759530791788855,falling,4,moderate,3.049e-05,3.059e-05,3.01e-05,1586156615.0,3.0209240946885238e-05,3.0026548879737627e-05,2.9623563701671866e-05,3.0129024074566734e-05,2.998020376771139e-05,62.87581933567843,1.8269206714761083e-07,1.969450810391839e-07,-1.4253013891573072e-08,-5.5251281129627285e-08,21.997972172614656,22.90628958322516,12.614086356547555,3.6630866556695174e-07,2.9566296977037367e-05,1,37610194748.700005,,False,False,True,False,False,False,False,True,False,True
FLOKI_USDT_1b84981b,FLOKI/USDT,1h,BUY,2026-03-16 06:00:00+00:00,backtest,TP,3.4932,3.2932,True,1.0,atr,3.149e-05,3.259e-05,2.0,1.0,1.9299,True,34.14141707161141,0.47138056905371356,0.47138056905371356,0.550738,88.16451350768496,-1.0,1.8686,,1.0,False,,False,0.0,False,False,ranging,0,expansion,1.0,29.937194696441033,rising,6,strong,3.185e-05,3.194e-05,3.136e-05,2974887392.0,3.095652152494334e-05,3.0370416382870104e-05,3.0009458084395103e-05,3.070124196064144e-05,3.0222458021157117e-05,88.16451350768496,5.861051420732374e-07,4.1069514034286606e-07,1.7541000173037137e-07,1.5579380000664276e-07,34.14141707161141,39.11143270524729,5.925375979795026,3.678386901539666e-07,3.063622045685737e-05,1,1592024935.25,,False,False,True,False,False,False,True,True,False,True
FLOKI_USDT_4bf550f2,FLOKI/USDT,1h,BUY,2026-03-16 14:00:00+00:00,backtest,SL,-2.5118,-2.7118,False,22.0,atr,3.185e-05,3.105e-05,1.0,1.0,1.8093,True,48.58682726788068,0.9528942422626893,0.9528942422626893,-0.141066,62.393282161071376,0.0,1.1066,,0.8601123510238853,True,bullish,False,0.0,False,False,bullish,1,range,0.3,74.32338653712699,falling,4,moderate,3.205e-05,3.216e-05,3.143e-05,2470761318.0,3.175969145811396e-05,3.1195271665170755e-05,3.049548895996541e-05,3.1676746160432235e-05,3.1109798831687833e-05,62.393282161071376,5.644197929432015e-07,6.096313512927395e-07,-4.5211558349538e-08,-6.528980172310694e-08,48.58682726788068,28.64959476453834,7.1467859889412075,5.305878659605607e-07,3.114259841117163e-05,1,2232673312.7,,False,False,True,False,False,False,False,True,False,True
FLOKI_USDT_c16c88b8,FLOKI/USDT,1h,SELL,2026-03-19 16:00:00+00:00,backtest,SL,-1.1336,-1.3336,False,3.0,bos,2.911e-05,2.944e-05,1.0,-1.0,1.0976,True,23.75349026043702,0.12511634201456728,0.3,-0.079676,31.29442093503047,0.0,0.8449,,0.6001933424379474,True,bearish,False,0.0,False,False,bullish,2,range,0.3,20.33003300330033,rising,4,moderate,2.902e-05,2.917e-05,2.895e-05,1410300362.0,2.9272527922600072e-05,2.959382996139271e-05,3.016042229426918e-05,2.934467875762866e-05,2.965121295753198e-05,31.29442093503047,-3.213020387926371e-07,-2.9817997335508505e-07,-2.312206543755206e-08,-1.9915259267011403e-08,23.75349026043702,12.99080895003488,27.995642510983565,3.3719727975510897e-07,2.9890841125145324e-05,-1,1669178063.3,,False,False,False,True,False,False,False,False,True,True
FLOKI_USDT_027cb689,FLOKI/USDT,1h,BUY,2026-03-23 20:00:00+00:00,backtest,SL,-2.0175,-2.2175,False,4.0,atr,2.974e-05,2.914e-05,1.0,1.0,1.325,True,31.625106727210667,0.38750355757368893,0.38750355757368893,0.024085,62.69067199809575,0.0,0.8778,,0.49202948435881,True,bullish,False,0.0,False,False,bullish,1,range,0.3,45.82043343653251,stable,4,moderate,2.975e-05,2.983e-05,2.955e-05,1437479507.0,2.961744532274487e-05,2.9230146174306616e-05,2.911112902590055e-05,2.9579572557814832e-05,2.9178160791737276e-05,62.69067199809575,3.872991484382544e-07,3.801339305574681e-07,7.165217880786302e-09,2.4860444460480933e-08,31.625106727210667,28.418894772699733,16.118157663729484,4.03303252627348e-07,2.883477028788599e-05,1,1637561941.7499998,,False,False,True,False,False,False,False,True,False,True
FLOKI_USDT_9eb1f831,FLOKI/USDT,1h,SELL,2026-03-27 15:00:00+00:00,backtest,SL,-2.0394,-2.2394,False,24.0,bos,2.795e-05,2.852e-05,1.0,-1.0,1.4035,True,30.85355701424711,0.36178523380823696,0.36178523380823696,-0.17058,27.479166841335534,-1.0,9.9115,,0.7094982909235961,True,bearish,False,0.0,False,False,bearish,1,compression,0.29073856975380996,14.1852286049238,rising,5,moderate,2.789e-05,2.816e-05,2.784e-05,75529302778.0,2.8109799829391376e-05,2.8504328309859557e-05,2.9013003770629264e-05,2.817259978064605e-05,2.8565761140845516e-05,27.479166841335534,-3.9452848046818154e-07,-3.469536378112357e-07,-4.757484265694582e-08,-6.999514371670192e-08,30.85355701424711,13.73031541347216,31.467772686562064,2.934581640845578e-07,2.8589373629818826e-05,-1,7620399187.050001,,False,False,False,True,False,False,True,False,True,True
FLOKI_USDT_29c783a7,FLOKI/USDT,1h,BUY,2026-04-08 05:00:00+00:00,backtest,SL,-1.6336,-1.8336,False,6.0,atr,2.877e-05,2.83e-05,1.0,1.0,1.9854,True,36.373596890883796,0.5457865630294598,0.5457865630294598,0.115185,74.74861093357026,-1.0,0.9858,,1.0,True,bullish,False,0.0,False,False,bearish,2,range,0.3,29.98991935483871,stable,5,moderate,2.888e-05,2.891e-05,2.872e-05,1571478616.0,2.853901286755451e-05,2.7983423031509158e-05,2.751558486842006e-05,2.8441587972570088e-05,2.7893765334660076e-05,74.74861093357026,5.555898360453529e-07,5.223245018985098e-07,3.326533414684311e-08,4.213080308492333e-08,36.373596890883796,38.53545763665857,12.034786167081263,3.102842421995816e-07,2.801910677580608e-05,1,1594046326.9999998,,False,False,True,False,False,False,False,True,False,True
FLOKI_USDT_d8b9c47e,FLOKI/USDT,1h,BUY,2026-04-10 04:00:00+00:00,backtest,TP,3.4155,3.2155,True,10.0,atr,2.84e-05,2.937e-05,2.02,0.6485408525396597,0.6485,True,24.95270709626623,0.1650902365422077,0.3,-0.002766,64.53088927151572,0.0,0.9081,,0.65195730071016,True,bullish,False,0.0,False,False,bullish,1,range,0.3,35.253569670113244,falling,4,moderate,2.88e-05,2.884e-05,2.819e-05,1658683401.0,2.8438992755111253e-05,2.825574272038108e-05,2.800937616960219e-05,2.8335847828000184e-05,2.8201316992419188e-05,64.53088927151572,1.8325003473017228e-07,1.8404675616788584e-07,-7.967214377135639e-10,-4.9914281305746276e-08,24.95270709626623,31.070425659466586,14.771493141712586,3.2231021927588004e-07,2.806930093807345e-05,1,1826624114.2,,False,False,True,False,False,False,False,True,False,True
FLOKI_USDT_16ab40a0,FLOKI/USDT,1h,BUY,2026-04-10 14:00:00+00:00,backtest,SL,-1.9474,-2.1474,False,35.0,atr,2.927e-05,2.87e-05,1.0,1.0,1.0619,True,24.410987427648482,0.1470329142549494,0.3,0.351987,76.26884603797376,-1.0,2.3114,,0.9443281511562673,False,,False,0.0,False,False,ranging,0,expansion,1.0,50.612444879960805,rising,6,strong,2.961e-05,2.978e-05,2.899e-05,4252452436.0,2.887540800022331e-05,2.8571998409840146e-05,2.8226778501602783e-05,2.8665524571715687e-05,2.846819825082416e-05,76.26884603797376,3.0340959038316614e-07,1.991863382610902e-07,1.0422325212207593e-07,5.025160869147487e-08,24.410987427648482,35.703781784552575,12.095578005645889,3.8262163626703383e-07,2.8358711872084733e-05,1,1839802522.25,,False,False,True,False,False,False,True,True,False,True
FLOKI_USDT_e00273f1,FLOKI/USDT,1h,BUY,2026-04-13 23:00:00+00:00,backtest,SL,-1.8076,-2.0076,False,6.0,atr,2.932e-05,2.879e-05,1.0,1.0,1.6978,True,33.48982545220348,0.4496608484067828,0.4496608484067828,0.589695,79.41622947743768,-1.0,0.1091,,1.0,False,,True,1.0,False,False,ranging,0,trend,0.641497090870058,44.20358152686145,rising,5,moderate,2.969e-05,2.976e-05,2.923e-05,1433091979.0,2.8744242867707493e-05,2.8264362877305355e-05,2.819036857591714e-05,2.8474026544195348e-05,2.8121799165035892e-05,79.41622947743768,4.798799904021381e-07,3.047994941209416e-07,1.7508049628119652e-07,1.3496813317911237e-07,33.48982545220348,44.80562896199035,7.034357147535691,3.5272011774025947e-07,2.8533979756871705e-05,1,13130651461.950003,,False,False,True,False,False,False,False,True,False,True
FLOKI_USDT_acfce4c1,FLOKI/USDT,1h,BUY,2026-04-15 19:00:00+00:00,backtest,TP,3.4864,3.2864,True,7.0,atr,2.897e-05,2.998e-05,2.06,0.8347439293573092,0.8347,True,20.428098652841257,0.014269955094708565,0.3,0.305984,72.26135881245288,-1.0,0.7585,,0.7774951499738865,False,,True,0.8,False,False,ranging,0,range,0.3,37.580794090489384,rising,5,moderate,2.922e-05,2.937e-05,2.89e-05,11009867523.0,2.8765405156526567e-05,2.8527275456442872e-05,2.8439274036171617e-05,2.8635520915534154e-05,2.8458003002087163e-05,72.26135881245288,2.3812970008369453e-07,1.487211779143679e-07,8.940852216932664e-08,7.350099661728625e-08,20.428098652841257,29.79689125407616,10.359512504729,3.2563296106226865e-07,2.8312566819155603e-05,1,14514930822.25,,False,False,True,False,False,False,False,True,False,True
FLOKI_USDT_7831cc04,FLOKI/USDT,1h,BUY,2026-04-16 12:00:00+00:00,backtest,SL,-2.2193,-2.4193,False,2.0,atr,3.019e-05,2.952e-05,1.0,1.0,1.3274,True,36.82425845024044,0.5608086150080147,0.5608086150080147,-0.097103,66.81591244615647,0.0,5.1328,,0.8451985609585259,True,bullish,False,0.0,False,False,bullish,1,range,0.3,69.67475950526799,falling,5,moderate,3.054e-05,3.059e-05,2.986e-05,33078634120.0,3.008499334036286e-05,2.969087611892736e-05,2.9107112918629035e-05,2.995499143760939e-05,2.9605963730820098e-05,66.81591244615647,3.9411722143550015e-07,4.2377250339064145e-07,-2.9655281955141294e-08,-8.957243757891973e-08,36.82425845024044,36.02745025923053,14.897486235267378,4.485470282821949e-07,2.962099506943244e-05,1,6444508259.35,,False,False,True,False,False,False,True,True,False,True
FLOKI_USDT_5ab11bd2,FLOKI/USDT,1h,BUY,2026-04-16 15:00:00+00:00,backtest,TP,5.5574,5.3574,True,3.0,atr,3.005e-05,3.172e-05,1.99,1.0,1.252,True,38.14919374626551,0.604973124875517,0.604973124875517,0.025352,65.54145123947085,0.0,0.8645,,0.9783792548048025,True,bullish,False,0.0,False,False,bullish,1,range,0.3,85.3156450137237,falling,4,moderate,3.087e-05,3.089e-05,2.981e-05,4806868063.0,3.020874172255756e-05,2.9835196182514917e-05,2.9225641106841076e-05,3.0019810786145435e-05,2.973171580076641e-05,65.54145123947085,3.735455400426425e-07,3.6571936632863205e-07,7.826173714010472e-09,-7.371129409260349e-08,38.14919374626551,37.51610214048526,13.056620770365196,5.570837540583023e-07,2.962099506943244e-05,1,5560135286.15,,False,False,True,False,True,False,False,True,False,True
FLOKI_USDT_752fdf92,FLOKI/USDT,1h,BUY,2026-04-16 18:00:00+00:00,backtest,SL,-2.3682,-2.5682,False,11.0,bos,3.167e-05,3.092e-05,1.0,1.0,2.3664,True,42.334287961053604,0.7444762653684535,0.7444762653684535,0.550081,76.89447269333759,-1.0,1.4087,,1.0,True,bullish,False,0.0,False,False,bullish,1,trend,0.7889047993508934,90.17816354499772,rising,5,moderate,3.221e-05,3.25e-05,3.145e-05,8339493468.0,3.100318026177948e-05,3.0286480978598734e-05,2.947387909557001e-05,3.0658374622287906e-05,3.0094129076458608e-05,76.89447269333759,7.166992831807495e-07,5.395183234236016e-07,1.7718095975714797e-07,1.1331770228427102e-07,42.334287961053604,44.998878483389525,9.482861850347266,6.141264605197118e-07,3.0287847907003605e-05,1,5919938786.8,,False,False,True,False,False,False,False,True,False,True
FLOKI_USDT_c09ffa44,FLOKI/USDT,1h,BUY,2026-04-20 08:00:00+00:00,backtest,SL,-1.6683,-1.8683,False,35.0,structural,3.117e-05,3.065e-05,1.0,0.5192350100720338,0.5192,True,24.724866644491268,0.1574955548163756,-0.3,0.125065,55.0712533690187,0.0,0.1199,,0.48765430079122013,False,,True,1.0,False,False,ranging,0,range,0.3,85.97802197802199,rising,4,moderate,3.133e-05,3.158e-05,3.113e-05,2025944667.0,3.116929001710225e-05,3.100828414977401e-05,3.0994205131189096e-05,3.112337287913147e-05,3.0976112564751414e-05,55.0712533690187,1.6100586732824393e-07,1.2182290027965267e-07,3.918296704859126e-08,4.5028897624697435e-08,24.724866644491268,28.148403986480837,15.957046466700334,5.760827114299307e-07,3.175976603484592e-05,-1,16898058641.749998,,False,False,True,False,False,False,False,False,True,True
FLOKI_USDT_43ac7e91,FLOKI/USDT,1h,BUY,2026-04-22 07:00:00+00:00,backtest,TP,3.5272,3.3272,True,4.0,atr,3.232e-05,3.346e-05,2.0,1.0,1.1108,True,22.868152909113164,0.09560509697043879,0.3,0.366406,73.84644889880077,-1.0,0.0445,,0.851435837919559,False,,True,0.8,False,False,bearish,1,range,0.3,50.17226528854436,rising,5,moderate,3.244e-05,3.247e-05,3.219e-05,1516795495.0,3.1943236514174845e-05,3.1592309576507846e-05,3.13840617664189e-05,3.180130408965337e-05,3.150754053415863e-05,73.84644889880077,3.5092693766699873e-07,2.3206483395627638e-07,1.1886210371072234e-07,1.2112977339382116e-07,22.868152909113164,32.737851180480014,11.45195523249104,3.809284659781704e-07,3.1375464805754754e-05,1,34050402999.999996,,False,False,True,False,False,False,False,True,False,True
FLOKI_USDT_6d09ddc6,FLOKI/USDT,1h,BUY,2026-04-22 11:00:00+00:00,backtest,SL,-1.9082,-2.1082,False,8.0,atr,3.354e-05,3.29e-05,1.0,1.0,2.1593,True,33.06255208448006,0.435418402816002,0.435418402816002,0.534845,85.61535823192008,-1.0,4.6133,,1.0,False,,True,0.8,False,False,bearish,1,trend,0.6343758680746676,63.02665520206363,rising,6,strong,3.392e-05,3.395e-05,3.324e-05,274768085597.0,3.279998946357778e-05,3.210669460863864e-05,3.162794652489755e-05,3.2479986453171425e-05,3.192536406950251e-05,85.61535823192008,6.932948549391384e-07,5.118754547629656e-07,1.8141940017617283e-07,1.334566289940373e-07,33.06255208448006,44.21149032632979,7.550463910834418,4.295470094961089e-07,3.24744744590557e-05,1,59560533816.95,,False,False,True,False,False,False,True,True,False,True
FLOKI_USDT_6a346f58,FLOKI/USDT,1h,BUY,2026-04-23 23:00:00+00:00,backtest,SL,-1.3711,-1.5711,False,5.0,structural,3.355e-05,3.309e-05,1.0,0.8624289601271284,0.8624,True,22.493293869211755,0.08310979564039182,0.3,0.026726,63.03852755915685,0.0,1.2493,,0.362935526528466,True,bullish,False,0.0,False,False,bullish,1,range,0.3,78.49280270956817,stable,4,moderate,3.374e-05,3.377e-05,3.353e-05,24500463919.0,3.35043988736087e-05,3.3217917929434e-05,3.270307531114354e-05,3.3437084266068324e-05,3.3165709722377403e-05,63.03852755915685,2.864809441747006e-07,2.7746368744120483e-07,9.01725673349576e-09,-1.5805153835362078e-09,22.493293869211755,26.798384347525964,17.724996184314314,5.062670470991634e-07,3.269016075327425e-05,1,19611495729.9,,False,False,True,False,True,False,False,True,False,True
FLOKI_USDT_5e87a669,FLOKI/USDT,1h,BUY,2026-05-05 13:00:00+00:00,backtest,SL,-0.9922,-1.1922,False,1.0,bos,3.326e-05,3.293e-05,1.0,0.9706519826383143,0.9707,True,28.526947350847436,0.2842315783615812,0.3,0.066567,72.46202648251645,-1.0,0.1081,,0.7138979243907069,True,bullish,False,0.0,False,False,bullish,1,range,0.3,37.15909090909091,stable,5,moderate,3.315e-05,3.33e-05,3.289e-05,1841973271.0,3.29639586184689e-05,3.2647069194063424e-05,3.2386213734477645e-05,3.291080393803144e-05,3.259677611346977e-05,72.46202648251645,3.1688942440547896e-07,2.9482253073057995e-07,2.2066893674899008e-08,3.02387406685456e-08,28.526947350847436,31.026799139139133,13.17935102937146,3.2476479441973646e-07,3.235987267207554e-05,1,17037566844.749998,,False,False,True,False,False,False,False,True,False,True
FLOKI_USDT_ff10c644,FLOKI/USDT,1h,BUY,2026-05-05 19:00:00+00:00,backtest,TP,2.8416,2.6416,True,13.0,structural,3.308e-05,3.402e-05,2.54,0.6735589009140754,0.6736,True,28.61194356792388,0.2870647855974627,0.3,-0.015507,68.04951280040792,0.0,0.6152,,0.5214911014158943,True,bullish,False,0.0,False,False,bullish,1,range,0.3,32.76643990929705,falling,4,moderate,3.323e-05,3.326e-05,3.303e-05,1287830067.0,3.302850410018092e-05,3.2807526088045184e-05,3.2507278423949876e-05,3.2970933843089755e-05,3.2765278696849705e-05,68.04951280040792,2.209780121357357e-07,2.2613102488849e-07,-5.1530127527542995e-09,-2.305238502481786e-08,28.61194356792388,25.483698999145926,12.44642146374857,3.1473878106012536e-07,3.237314894788241e-05,1,2093381837.4,,False,False,True,False,False,False,False,True,False,True
FLOKI_USDT_600786ee,FLOKI/USDT,1h,BUY,2026-05-06 08:00:00+00:00,backtest,SL,-1.716,-1.916,False,5.0,atr,3.38e-05,3.322e-05,1.0,1.0,1.0474,True,34.2771822093724,0.4759060736457466,0.4759060736457466,0.133633,69.75285078810343,0.0,4.5765,,0.7649501457660652,False,,False,0.0,False,False,ranging,0,trend,0.65461970348954,53.516359533659276,rising,6,strong,3.419e-05,3.423e-05,3.365e-05,59704095620.0,3.372804160775592e-05,3.3378426789429736e-05,3.290014282214201e-05,3.359605349568619e-05,3.329726946837271e-05,69.75285078810343,3.4961481832618664e-07,3.0392554687735253e-07,4.568927144883411e-08,1.770311616054401e-08,34.2771822093724,27.665639520832304,8.541885876680674,3.838956599363372e-07,3.294722534060825e-05,1,13045931668.0,,False,False,True,False,False,False,True,True,False,True
FLOKI_USDT_d5ed69f5,FLOKI/USDT,1h,BUY,2026-05-07 19:00:00+00:00,backtest,TP,5.1093,4.9093,True,20.0,atr,3.523e-05,3.703e-05,2.0,1.0,1.1003,True,32.163104334074376,0.40543681113581254,0.40543681113581254,-0.000325,62.73199168470555,0.0,0.0422,,0.6888702924077228,True,bullish,False,0.0,False,False,bearish,2,range,0.3,90.6829992576095,falling,4,moderate,3.538e-05,3.557e-05,3.497e-05,2748783766.0,3.4949252956531915e-05,3.4568904577730204e-05,3.391843574127408e-05,3.482618237268389e-05,3.448779503550323e-05,62.73199168470555,3.803483788017111e-07,3.804632634880707e-07,-1.148846863595859e-10,-4.213336865058749e-08,32.163104334074376,29.324706962243,12.10294965204993,6.016076640715722e-07,3.411208765791614e-05,1,65111475845.55,,False,False,True,False,False,False,False,True,False,True
FLOKI_USDT_b298ef4d,FLOKI/USDT,1h,BUY,2026-05-10 17:00:00+00:00,backtest,SL,-1.6094,-1.8094,False,3.0,atr,3.728e-05,3.668e-05,1.0,1.0,1.1705,True,20.700896838235135,0.023363227941171162,0.3,0.445235,83.15260901166317,-1.0,0.5033,,1.0,False,,True,0.8,False,False,ranging,0,range,0.3,57.1273516642547,rising,5,moderate,3.792e-05,3.822e-05,3.71e-05,12024352827.0,3.697826156978582e-05,3.6550432301397934e-05,3.617864399532313e-05,3.670919344686748e-05,3.641347553153773e-05,83.15260901166317,4.278292683878871e-07,2.5899612437718435e-07,1.6883314401070277e-07,1.2113836295792065e-07,20.700896838235135,43.32525245442053,11.64293357457339,3.974742944574237e-07,3.659573523958555e-05,1,23889483257.25,,False,False,True,False,False,False,False,True,False,True
FLOKI_USDT_aacb2576,FLOKI/USDT,1h,BUY,2026-05-10 22:00:00+00:00,backtest,SL,-2.2752,-2.4752,False,33.0,atr,3.692e-05,3.608e-05,1.0,0.8533763343521825,0.8534,True,21.496355252085586,0.04987850840285286,-0.3,-0.104744,58.66234546670397,0.0,1.8083,,0.1963076615372006,False,,True,0.8,False,False,ranging,0,expansion,1.0,86.16829180209461,falling,4,moderate,3.743e-05,3.747e-05,3.656e-05,42298077095.0,3.712756358623161e-05,3.681340668570696e-05,3.6360364661871274e-05,3.7041153182297786e-05,3.675174735427767e-05,58.66234546670397,3.1415690052464737e-07,3.533624558373553e-07,-3.9205555312707955e-08,-8.355940547359089e-08,21.496355252085586,29.788096425988385,24.88040488755837,5.601878183420231e-07,3.8054831609307924e-05,-1,23391552211.85,,False,False,True,False,False,False,True,False,True,True
FLOKI_USDT_02786942,FLOKI/USDT,1h,SELL,2026-05-14 03:00:00+00:00,backtest,SL,-1.8262,-2.0262,False,9.0,atr,3.395e-05,3.457e-05,1.0,-1.0,1.4707,True,32.567738982109354,0.4189246327369785,0.4189246327369785,0.037323,30.26188838602038,0.0,2.1301,,0.9023421566458728,False,,False,0.0,False,False,ranging,0,range,0.3,61.208713984539706,falling,4,moderate,3.358e-05,3.404e-05,3.349e-05,20287373527.0,3.399894132218187e-05,3.4498973420143726e-05,3.5249547771388484e-05,3.411863884280526e-05,3.45908707621581e-05,30.26188838602038,-5.000320979618535e-07,-5.125650323051568e-07,1.2532934343303323e-08,4.6599580123974567e-08,32.567738982109354,14.159806082038045,36.718359998184866,4.1510268127335965e-07,3.477660855027523e-05,-1,9524292037.8,,False,False,False,True,False,False,True,False,True,True
FLOKI_USDT_15445dfa,FLOKI/USDT,1h,SELL,2026-05-15 13:00:00+00:00,backtest,TP,4.1778,3.9778,True,1.0,structural,3.375e-05,3.234e-05,2.56,-1.0,1.333,True,20.217838626572043,0.007261287552401422,0.3,-0.417522,22.5189071018209,-1.0,0.3979,,1.0,False,,True,1.0,False,False,ranging,0,range,0.3,73.75,rising,4,moderate,3.251e-05,3.399e-05,3.24e-05,4679707846.0,3.380611059146861e-05,3.425675985098409e-05,3.468948471553187e-05,3.417642790331678e-05,3.4431435836082505e-05,22.5189071018209,-4.5064925951548523e-07,-3.1491276537611845e-07,-1.357364941393668e-07,-7.963414459286645e-09,20.217838626572043,13.99346978076079,41.16093891970193,4.7099497004562065e-07,3.442241232669624e-05,-1,11759878991.0,,False,False,False,True,False,False,False,False,True,True
FLOKI_USDT_9873173b,FLOKI/USDT,1h,SELL,2026-05-15 14:00:00+00:00,backtest,TP,4.4749,4.2749,True,17.0,atr,3.285e-05,3.138e-05,2.01,-1.0,1.5812,True,22.386158959162948,0.07953863197209828,0.3,-0.438724,30.772870024994067,0.0,0.6494,,1.0,False,,True,1.0,False,False,ranging,0,range,0.3,78.09788267962513,rising,4,moderate,3.288e-05,3.304e-05,3.231e-05,7554929651.0,3.360030823780892e-05,3.4131599864530995e-05,3.462486026140573e-05,3.380611059146861e-05,3.425675985098409e-05,30.772870024994067,-5.31291626722078e-07,-3.870390524914383e-07,-1.4425257423063972e-07,-1.357364941393668e-07,22.386158959162948,12.502833502958728,38.08962909298218,4.894953293280764e-07,3.396217109402662e-05,-1,11634045463.999998,,False,False,False,True,False,False,False,False,True,True
FLOKI_USDT_07b6c236,FLOKI/USDT,1h,SELL,2026-05-16 09:00:00+00:00,backtest,SL,-1.7411,-1.9411,False,7.0,atr,3.159e-05,3.214e-05,1.0,-1.0,1.9416,True,39.640214345558185,0.6546738115186062,0.6546738115186062,-0.346223,14.984097816461365,-1.0,1.8859,,1.0,False,,False,0.0,False,False,bearish,1,trend,0.7440035724259697,46.93103448275862,rising,5,moderate,3.137e-05,3.174e-05,3.123e-05,13098776283.0,3.2102681962722186e-05,3.272599699414113e-05,3.3616076627956474e-05,3.2312019666357096e-05,3.2861596693555246e-05,14.984097816461365,-6.233150314189446e-07,-5.147047492801165e-07,-1.086102821388281e-07,-8.917741898744693e-08,39.640214345558185,8.371182178705165,47.70874888534242,3.6863620197138054e-07,3.2400837129248376e-05,-1,6945808489.799999,,False,False,False,True,False,False,True,False,True,True
FLOKI_USDT_af00a003,FLOKI/USDT,1h,SELL,2026-05-18 02:00:00+00:00,backtest,TP,3.4054,3.2054,True,13.0,atr,3.054e-05,2.95e-05,2.0,-1.0,1.4325,True,28.752089880990013,0.29173632936633376,0.3,-0.384277,18.849998188935455,-1.0,4.8943,,1.0,False,,False,0.0,False,False,bearish,1,expansion,1.0,41.686501190071404,rising,5,moderate,3.036e-05,3.055e-05,3.03e-05,70229126409.0,3.084693066834738e-05,3.128879947349518e-05,3.195545118115039e-05,3.098605371644664e-05,3.13816794208447e-05,18.849998188935455,-4.418688051477973e-07,-3.2520245489568364e-07,-1.1666635025211363e-07,-1.2875642462843566e-07,28.752089880990013,11.841759939060408,40.01537627594625,3.475260110108461e-07,3.128243245715575e-05,-1,14349302162.300003,,False,False,False,True,False,False,True,False,True,True
FLOKI_USDT_9cc55f55,FLOKI/USDT,1h,SELL,2026-05-19 11:00:00+00:00,backtest,SL,-1.6032,-1.8032,False,18.0,atr,2.994e-05,3.042e-05,1.0,-0.2445745647370397,0.2446,True,20.828950942385774,0.027631698079525792,0.3,-0.157541,37.912730677163594,0.0,0.0042,,0.4244645454068031,True,bullish,True,1.0,False,False,bullish,1,range,0.3,32.447881640887694,rising,4,moderate,2.984e-05,3.004e-05,2.979e-05,1434549016.0,3.0130438090604827e-05,3.0204129478418287e-05,3.068166207556645e-05,3.0213420402206208e-05,3.024054242626012e-05,37.912730677163594,-7.369138781345997e-08,-2.6681113584825745e-08,-4.701027422863423e-08,-2.3946047583402873e-08,20.828950942385774,15.234107110267649,25.845720745437728,3.189650125716505e-07,3.048646342194866e-05,-1,345621463730.7,,False,False,False,True,False,False,False,False,True,True
FLOKI_USDT_c506ff99,FLOKI/USDT,1h,SELL,2026-05-22 23:00:00+00:00,backtest,TP,3.7466,3.5466,True,8.0,atr,2.936e-05,2.826e-05,2.0,-1.0,1.7238,True,30.790582245004714,0.35968607483349047,0.35968607483349047,-0.432737,18.714514855172464,-1.0,2.4235,,1.0,False,,False,0.0,False,False,ranging,0,expansion,1.0,48.75735775016351,rising,5,moderate,2.89e-05,2.937e-05,2.868e-05,21818647510.0,2.9559567864034457e-05,3.0069126900631028e-05,3.0309475939383093e-05,2.974801582518716e-05,3.0186039590694132e-05,18.714514855172464,-5.095590365965706e-07,-3.844980402122787e-07,-1.250609963842919e-07,-1.1605622348683982e-07,30.790582245004714,8.096949087499578,40.74447937756538,3.663307751244644e-07,3.000021659148002e-05,-1,9002807992.05,,False,False,False,True,False,False,True,False,True,True
FLOKI_USDT_83d2dbab,FLOKI/USDT,1h,SELL,2026-05-28 14:00:00+00:00,backtest,SL,-1.4386,-1.6386,False,3.0,structural,2.711e-05,2.75e-05,1.0,-1.0,1.7584,True,46.17497348880505,0.8724991162935017,0.8724991162935017,0.094917,30.45759991843124,0.0,1.9144,,1.0,False,,True,1.0,False,False,bearish,1,range,0.3,39.242092076417165,falling,4,moderate,2.709e-05,2.724e-05,2.673e-05,22235153516.0,2.723589646880147e-05,2.7714800952197804e-05,2.842753285319623e-05,2.7277581174173317e-05,2.7777281047417586e-05,30.45759991843124,-4.789044833963335e-07,-5.046173990327556e-07,2.5712915636422092e-08,1.777398360669807e-08,46.17497348880505,7.875157119498574,34.974071282522814,3.2733975090080494e-07,2.7814656045992554e-05,-1,11614894275.7,,False,False,False,True,False,False,True,False,True,True
FLOKI_USDT_4300b3b2,FLOKI/USDT,1h,SELL,2026-06-03 20:00:00+00:00,backtest,TP,4.7315,4.5315,True,5.0,structural,2.663e-05,2.537e-05,2.25,-0.8684972772919547,0.8685,True,39.06087804469471,0.6353626014898237,0.6353626014898237,-0.377149,27.718459613320007,-1.0,1.5325,,0.9724677699650962,True,bearish,False,0.0,False,False,bullish,2,trend,0.7343479674115785,67.03559676936884,rising,5,moderate,2.612e-05,2.667e-05,2.601e-05,2869406555.0,2.6681019450790002e-05,2.691274337827385e-05,2.7330104918371958e-05,2.6841310722444288e-05,2.6992017716101235e-05,27.718459613320007,-2.31723927483848e-07,-1.332125784255132e-07,-9.851134905833481e-08,-6.675008976060151e-08,39.06087804469471,10.301346642409747,34.61304089153715,4.214402934420789e-07,2.740348682357537e-05,-1,1872395952.9999998,,False,False,False,True,False,False,True,False,True,True
FLOKI_USDT_532c4b1b,FLOKI/USDT,1h,BUY,2026-06-07 14:00:00+00:00,backtest,SL,-2.3977,-2.5977,False,50.0,atr,2.419e-05,2.361e-05,1.0,1.0,1.1855,True,29.056316206560144,0.30187720688533815,0.30187720688533815,-0.199787,59.53956974564267,0.0,0.981,,0.4572915444478349,True,bullish,False,0.0,False,False,bullish,1,range,0.3,56.59772793475095,falling,4,moderate,2.449e-05,2.456e-05,2.411e-05,1725605554.0,2.4356464775977608e-05,2.4071090239982533e-05,2.400289285182748e-05,2.431831185482835e-05,2.4029199263980787e-05,59.53956974564267,2.853745359950743e-07,3.343024912334435e-07,-4.89279552383692e-08,-6.965387800506349e-08,29.056316206560144,30.001392205582334,18.569103594386462,3.857553170516389e-07,2.395666342592118e-05,1,1758975603.4,,False,False,True,False,False,False,False,True,False,True
FLOKI_USDT_ec3d7e46,FLOKI/USDT,1h,BUY,2026-06-16 08:00:00+00:00,backtest,SL,-1.8025,-2.0025,False,5.0,atr,2.663e-05,2.615e-05,1.0,0.4617913307971141,0.4618,True,28.31379056429035,0.2771263521430117,-0.3,0.155801,63.6313556225589,0.0,0.8651,,0.5385567958422155,True,bullish,False,0.0,False,False,bullish,1,trend,0.5552298427381726,37.771067801262696,rising,4,moderate,2.687e-05,2.692e-05,2.651e-05,1618821231.0,2.6516403167191572e-05,2.6394515582426035e-05,2.5944617736602015e-05,2.641537550067488e-05,2.634696714066864e-05,63.6313556225589,1.2188758476553685e-07,8.002379422829528e-08,4.186379053724157e-08,9.316461046566345e-09,28.31379056429035,30.515821406561408,17.05190151050602,3.206994562982056e-07,2.691578089534515e-05,-1,1871194902.65,,False,False,True,False,False,False,False,False,True,True
FIL_USDT_5167a8db,FIL/USDT,1h,SELL,2026-01-15 18:00:00+00:00,backtest,SL,-3.1844,-3.3844,False,8.0,atr,1.485,1.53228838,1.0,-1.0,1.7731,True,22.181638605914006,0.07272128686380022,0.3,-0.641242,23.90247382157511,-1.0,1.6805,,0.5840438767187274,False,,False,0.0,False,False,bearish,1,range,0.3,80.0,rising,5,moderate,1.474,1.504,1.469,194002.6,1.5236619752864602,1.5506778272419788,1.5509576176684243,1.5378511110825916,1.5583456099661765,23.90247382157511,-0.02701585195551859,-0.017563942027417512,-0.009451909928101077,-0.0076565118202179296,22.181638605914006,15.559086760193306,30.16018367816149,0.03152558893821727,1.5664441317125795,-1,115444.32,,False,False,False,True,False,False,True,False,True,True
FIL_USDT_30c8f833,FIL/USDT,1h,SELL,2026-02-05 01:00:00+00:00,backtest,TP,6.331,6.131,True,10.0,structural,1.054,0.98727109,3.71,-0.9033800531019524,0.9034,True,22.384735166773087,0.07949117222576957,0.3,-0.002563,41.461174054935064,0.0,0.7947,,0.32201748709456773,False,,True,0.8,True,True,ranging,0,range,0.3,80.28455284552845,stable,3,weak,1.047,1.064,1.038,526215.1,1.0511582552108707,1.0606542092149802,1.0688339927434742,1.0523463281282623,1.0620196301364782,41.461174054935064,-0.00949595400410952,-0.009469120318603074,-2.6833685506445423e-05,-0.00021759853236596148,22.384735166773087,11.39225728693013,19.442694464294323,0.022242970384468493,1.0951575486866314,-1,662136.9249999999,,False,False,False,True,False,False,False,False,True,True
FIL_USDT_e23a8e01,FIL/USDT,1h,SELL,2026-02-05 12:00:00+00:00,backtest,TP,6.4047,6.2047,True,3.0,atr,0.999,0.93501693,2.0,-1.0,1.7449,True,30.52397145337454,0.350799048445818,0.350799048445818,-0.383167,21.54881791103312,-1.0,4.9265,,0.746299696550623,False,,False,0.0,False,False,ranging,0,trend,0.5920661908895757,75.14910536779324,rising,5,moderate,0.993,1.005,0.986,4066022.8,1.0188258747396866,1.0366033587530306,1.0547972581025935,1.0262046960938829,1.0409636946283336,21.54881791103312,-0.017777484013344003,-0.013972636268988061,-0.0038048477443559416,-0.0026887861376406405,30.52397145337454,7.791802914488457,26.44929532825403,0.0213276895827577,1.0492001613692097,-1,825328.695,,False,False,False,True,False,False,True,False,True,True
FIL_USDT_8851682b,FIL/USDT,1h,SELL,2026-02-05 15:00:00+00:00,backtest,TP,8.0148,7.8148,True,5.0,atr,0.961,0.88397748,2.0,-1.0,2.5925,True,33.68973881152566,0.45632462705085525,0.45632462705085525,-0.585009,17.055033085366546,-1.0,3.1892,,1.0,False,,False,0.0,False,False,ranging,0,expansion,1.0,90.9090909090909,rising,5,moderate,0.953,1.002,0.926,3341683.3,0.9962431756319786,1.0220708931277465,1.0469516869184288,1.0085983686696869,1.0289779824405212,17.055033085366546,-0.025827717495767843,-0.020252583062069136,-0.005575134433698708,-0.002914597925614524,33.68973881152566,9.832514461660312,35.11902346746044,0.025674174203104458,1.0327899176381536,-1,1047814.1900000001,,False,False,False,True,False,False,True,False,True,True
FIL_USDT_458e7d14,FIL/USDT,1h,SELL,2026-02-05 20:00:00+00:00,backtest,TP,9.3904,9.1904,True,4.0,atr,0.921,0.83451478,2.0,-1.0,4.5324,True,42.768704372253296,0.7589568124084433,0.7589568124084433,-0.805644,14.0453668320107,-1.0,2.15,,1.0,False,,False,0.0,True,True,ranging,0,expansion,1.0,96.08610567514677,rising,5,moderate,0.888,0.938,0.872,2843767.6,0.942870481343404,0.9856051642819643,1.0270823730257048,0.9585477617272337,0.9953656807101607,14.0453668320107,-0.04273468293856031,-0.03558056149108651,-0.0071541214474738005,-0.004814418215577473,42.768704372253296,6.045288671944241,38.31008449021539,0.02882840513326525,0.9827322334661533,-1,1322655.4899999998,,False,False,False,True,False,False,True,False,True,True
FIL_USDT_afd0a61b,FIL/USDT,1h,SELL,2026-02-16 15:00:00+00:00,backtest,SL,-1.2435,-1.4435,False,6.0,structural,0.965,0.977,1.0,-0.2665029508348827,0.2665,True,23.392254682140003,0.11307515607133342,0.3,-0.109257,41.75454553554894,0.0,1.7899,,0.19929797452717218,False,,True,0.8,False,False,ranging,0,expansion,1.0,39.22077922077922,falling,5,moderate,0.953,0.972,0.945,336556.4,0.9639536708339411,0.9665226358113947,0.9676662297862437,0.96708329107221,0.9678748993925342,41.75454553554894,-0.002568964977453625,-0.001527750102374557,-0.001041214875079068,0.0002155343445108121,23.392254682140003,15.81472888582075,20.797178249000055,0.015297558342758904,0.9879916341058703,-1,188029.77000000002,,False,False,False,True,False,True,True,False,True,True
FIL_USDT_ff3be643,FIL/USDT,1h,SELL,2026-02-19 13:00:00+00:00,backtest,SL,-1.0,-1.2,False,16.0,bos,0.915,0.92415,1.0,-0.9552004320738534,0.9552,True,22.88392430362948,0.09613081012098271,0.3,-0.164512,22.059385567031313,-1.0,2.4343,,1.0,True,bearish,False,0.0,False,False,bearish,1,compression,0.8571428571428572,2.857142857142857,rising,5,moderate,0.904,0.922,0.898,470828.5,0.9200680122613073,0.9288565058898006,0.9427128398349433,0.924658872907395,0.9313421564787807,22.059385567031313,-0.008788493628493321,-0.007301309634365804,-0.0014871839941275168,-0.00012556593408365527,22.88392430362948,13.32255301291658,39.04225636826875,0.010139825113613103,0.9353944269792699,-1,193411.09999999998,,False,False,False,True,False,False,True,False,True,True
FIL_USDT_83d5c934,FIL/USDT,1h,BUY,2026-02-20 19:00:00+00:00,backtest,TP,4.3543,4.1543,True,14.0,atr,0.949,0.99032217,2.0,1.0,1.298,True,20.709374441390683,0.023645814713022753,0.3,0.327072,64.86809264987603,0.0,0.6768,,0.176955206797099,False,,True,1.0,False,False,bearish,1,range,0.3,34.25287356321839,rising,5,moderate,0.951,0.957,0.947,170711.3,0.9425444923137216,0.9304667672965693,0.9303588105096049,0.9401286329747849,0.9284134440262263,64.86809264987603,0.012077725017152319,0.008967273226309143,0.003110451790843176,0.004303141617671055,20.709374441390683,22.531319573377623,18.107439403450147,0.013774058144248686,0.9177314728120993,1,252221.73,,False,False,True,False,False,False,False,True,False,True
FIL_USDT_70cad2d4,FIL/USDT,1h,SELL,2026-02-23 01:00:00+00:00,backtest,SL,-2.0276,-2.2276,False,8.0,atr,0.89,0.90804587,1.0,-1.0,1.5967,True,36.121769970473906,0.5373923323491302,0.5373923323491302,-0.383909,17.009158695424276,-1.0,5.3429,,1.0,False,,False,0.0,False,False,ranging,0,expansion,1.0,20.67099567099567,stable,5,moderate,0.875,0.916,0.872,1254375.3,0.9131850096552221,0.9277659202177505,0.940673830709712,0.9240950124138569,0.9330425122395255,17.009158695424276,-0.014580910562528415,-0.011221704528884227,-0.003359206033644188,0.0005946016863935741,36.121769970473906,11.424557094356,46.5474261658488,0.012030580098517301,0.926542558231192,-1,234776.19,,False,False,False,True,False,True,True,False,True,True
FIL_USDT_5985cc4f,FIL/USDT,1h,BUY,2026-02-25 12:00:00+00:00,backtest,TP,7.4919,7.2919,True,2.0,bos,0.921,0.99,7.49,1.0,1.5816,True,27.36720549716248,0.24557351657208268,0.3,0.391933,83.75022731123742,-1.0,1.7228,,0.9706386644877025,True,bullish,False,0.0,False,False,bullish,1,expansion,1.0,29.50152594099695,rising,6,strong,0.942,0.945,0.918,273170.2,0.9159019706337588,0.901641731848782,0.8986905310381268,0.9084453908148327,0.8976059050336603,83.75022731123742,0.014260238784976731,0.010568227941762622,0.0036920108432141087,0.0021172632610167615,27.36720549716248,36.0377331773863,11.771766565193738,0.012505501901192666,0.898569214535333,1,158559.275,,False,False,True,False,False,False,True,True,False,True
FIL_USDT_00fa4c4d,FIL/USDT,1h,SELL,2026-02-28 06:00:00+00:00,backtest,TP,4.9226,4.7226,True,1.0,atr,0.97,0.92225096,2.0,-1.0,1.6085,True,29.085505910614145,0.3028501970204715,0.3028501970204715,-0.506992,17.245027331341785,-1.0,3.6253,,1.0,False,,False,0.0,False,False,bearish,1,trend,0.5680917651769024,53.193517635843655,rising,5,moderate,0.927,0.976,0.925,778959.6,0.9704071157238333,0.9860162238664847,0.9915785719476754,0.9828091487877857,0.9919178462531332,17.245027331341785,-0.015609108142651373,-0.010909294210303004,-0.004699813932348369,-0.000549310221218664,29.085505910614145,9.208933522175984,41.98159673386321,0.01591634519568043,0.990791672538148,-1,214870.20000000004,,False,False,False,True,False,False,True,False,True,True
FIL_USDT_2a068129,FIL/USDT,1h,BUY,2026-03-04 03:00:00+00:00,backtest,SL,-1.0,-1.2,False,1.0,bos,1.011,1.00089,1.0,0.5698796954740851,0.5699,True,20.215103939127076,0.007170131304235857,0.3,0.076306,66.53870764105955,0.0,1.0587,,0.3465354469607595,True,bullish,False,0.0,False,False,bearish,2,range,0.3,46.760070052539405,rising,5,moderate,1.008,1.015,0.996,195141.5,1.002375721891407,0.9966957551571144,0.9899886604034077,1.0007687852889517,0.9955653306728258,66.53870764105955,0.005679966734292496,0.004910803425651547,0.0007691633086409494,0.000677232844794852,20.215103939127076,18.58621148178868,9.922825307769694,0.01505460874532076,0.972420262515606,1,184315.83500000002,,False,False,True,False,False,False,False,True,False,True
FIL_USDT_a2308a04,FIL/USDT,1h,BUY,2026-03-04 07:00:00+00:00,backtest,TP,4.3804,4.1804,True,25.0,structural,0.997,1.04067295,2.18,0.38848050147167895,0.3885,True,20.209998775641388,0.006999959188046271,0.3,-0.03584,59.807399788852734,0.0,0.9251,,0.2688786063866132,True,bullish,False,0.0,False,False,bearish,2,range,0.3,43.280977312390924,falling,4,moderate,1.005,1.01,0.997,157106.4,1.002219495238724,0.9983411345926604,0.9915878453532502,1.0014250653069308,0.9976752480519265,59.807399788852734,0.0038783606460636166,0.004238548106405065,-0.00036018746034144865,-0.000668824581571561,20.209998775641388,16.70819098112286,9.98622582145753,0.014557649947290354,0.972420262515606,1,169829.78000000006,,False,False,True,False,False,False,False,True,False,True
FIL_USDT_3fc04bf0,FIL/USDT,1h,SELL,2026-03-10 18:00:00+00:00,backtest,TP,5.5429,5.3429,True,3.0,atr,0.909,0.85861478,2.0,-1.0,1.0473,True,20.08240000026185,0.002746666675394967,0.3,-0.578525,22.527506423364837,-1.0,4.5125,,0.7342577823182015,True,bullish,True,0.8,False,False,bearish,2,expansion,1.0,66.3335895465027,rising,5,moderate,0.878,0.925,0.871,1203995.0,0.9214766678366421,0.9311277521562759,0.9399329032747337,0.9338985729328255,0.9364405273719035,22.527506423364837,-0.009651084319633796,-0.004571635863107561,-0.005079448456526235,-0.0005100428042335656,20.08240000026185,15.067596837331044,33.42404139528608,0.016795074489842583,0.9435449971966224,-1,266811.59,,False,False,False,True,False,False,True,False,True,True
FIL_USDT_cf6a1df1,FIL/USDT,1h,SELL,2026-03-10 21:00:00+00:00,backtest,SL,-2.8648,-3.0648,False,12.0,atr,0.861,0.8856657,1.0,-1.0,2.451,True,24.981351230567327,0.1660450410189109,0.3,-0.769999,20.27413543800808,-1.0,1.3587,,0.9833215070026299,False,,True,0.8,False,False,bearish,1,range,0.3,63.190184049079754,rising,4,moderate,0.868,0.874,0.854,432531.6,0.893910146869641,0.9158194982391253,0.9326662871335907,0.9013130459752526,0.9206014480630379,20.27413543800808,-0.021909351369484353,-0.015225759669476155,-0.006683591700008198,-0.007404438268313206,24.981351230567327,12.321675632784649,36.90471330785039,0.016443796885635627,0.9073998029563377,-1,318336.075,,False,False,False,True,False,False,False,False,True,True
FIL_USDT_b440a36a,FIL/USDT,1h,BUY,2026-03-13 16:00:00+00:00,backtest,SL,-1.0,-1.2,False,1.0,structural,0.887,0.87813,1.0,0.5293976402931079,0.5294,True,26.096358285523465,0.20321194285078217,0.3,-0.029986,59.309899315551505,0.0,1.2378,,0.35409574545089784,False,,True,1.0,False,False,bullish,1,range,0.3,21.73595915390226,falling,4,moderate,0.893,0.898,0.885,266082.6,0.8892293497178126,0.8845465809907542,0.8837259430969947,0.8881520210657591,0.8837012390898298,59.309899315551505,0.004682768727058417,0.004950541253896131,-0.00026777252683771353,-0.0006336455413856901,26.096358285523465,20.393333410541114,11.540939774268669,0.011647966482168195,0.8706593910433746,1,214966.95,,False,False,True,False,False,False,False,True,False,True
FIL_USDT_64b3ce3e,FIL/USDT,1h,BUY,2026-03-17 10:00:00+00:00,backtest,SL,-1.6529,-1.8529,False,25.0,structural,0.968,0.952,1.0,0.5580525624846363,0.5581,True,38.884252601933404,0.6294750867311135,0.6294750867311135,-0.153052,57.115296290046174,0.0,0.4285,,0.3230068832399954,True,bullish,False,0.0,True,True,bullish,1,range,0.3,48.04928131416838,falling,4,moderate,0.971,0.972,0.965,241175.1,0.9678693500249183,0.9624981046878417,0.9369719931715648,0.9669748786034664,0.9616479151566258,57.115296290046174,0.005371245337076558,0.006857384100482245,-0.0014861387634056873,-0.0022734900353445064,38.884252601933404,22.77240035691422,14.697228275914334,0.014250502328741246,0.9547522268285572,1,562794.6550000001,,False,False,True,False,False,False,False,True,False,True
FIL_USDT_8db6eaaf,FIL/USDT,1h,BUY,2026-03-21 15:00:00+00:00,backtest,TP,3.9481,3.7481,True,1.0,bos,0.929,0.96567797,2.09,1.0,1.2889,True,26.34620649757923,0.21154021658597438,0.3,0.632683,88.28915297148508,-1.0,3.9585,,1.0,True,bullish,False,0.0,False,False,bullish,1,expansion,1.0,31.370038412291933,rising,6,strong,0.969,0.972,0.921,673805.7,0.9225403352134316,0.9108013304146727,0.9088511385550035,0.9092661452744121,0.90498146345614,88.28915297148508,0.01173900479875889,0.005608305387310837,0.006130699411448053,0.0017417261366853179,26.34620649757923,45.22531810619649,5.61525134095194,0.012225990196568497,0.912491160497987,1,170215.9,,False,False,True,False,False,False,True,True,False,True
FIL_USDT_c7a8d887,FIL/USDT,1h,SELL,2026-03-22 02:00:00+00:00,backtest,TP,5.2505,5.0505,True,19.0,atr,0.884,0.83758569,2.0,-1.0,1.0804,True,31.731680270035408,0.39105600900118026,0.39105600900118026,-0.698988,35.26266623429877,0.0,0.5885,,0.672178995149691,True,bullish,True,0.6,False,False,bullish,1,trend,0.6121946711672568,61.15702479338842,rising,4,moderate,0.886,0.891,0.883,185829.6,0.9008461694905958,0.9105787492426777,0.9110293605458777,0.9050879322021946,0.9130366241669454,35.26266623429877,-0.00973257975208186,-0.0035395429367112655,-0.006193036815370595,-0.007505667435724818,31.731680270035408,17.861400278222817,34.66587515696509,0.015471436122981356,0.9206643252101925,-1,315748.46499999997,,False,False,False,True,False,False,False,False,True,True
FIL_USDT_76fc71ac,FIL/USDT,1h,BUY,2026-03-23 18:00:00+00:00,backtest,SL,-2.4061,-2.6061,False,64.0,atr,0.909,0.88712814,1.0,1.0,1.9795,True,35.73124858032105,0.5243749526773683,0.5243749526773683,0.529791,80.72231266775782,-1.0,1.4342,,0.9401737272278552,False,,True,1.0,False,False,ranging,0,trend,0.6788541430053509,55.17668939863608,rising,5,moderate,0.929,0.931,0.908,385004.9,0.9011583165861269,0.883665932885673,0.8835717552544002,0.8932035498964488,0.8791325261742403,80.72231266775782,0.017492383700453917,0.012570625680457935,0.004921758019995982,0.003961277051748532,35.73124858032105,34.7818064873625,11.27746330666612,0.01458123760732409,0.8807936009786741,1,268441.08,,False,False,True,False,False,False,False,True,False,True
FIL_USDT_1a97e469,FIL/USDT,1h,BUY,2026-03-30 09:00:00+00:00,backtest,SL,-1.9661,-2.1661,False,5.0,atr,0.849,0.8323074,1.0,1.0,1.6925,True,26.114703807987603,0.20382346026625342,0.3,0.32437,66.93167537352683,0.0,1.1535,,0.5853723167314648,False,,True,0.8,False,False,bearish,1,trend,0.5185783967997933,27.708803611738148,rising,5,moderate,0.844,0.856,0.843,266240.2,0.8384467776963715,0.8244919281723327,0.8240027240735266,0.8368601427524778,0.822541120989566,66.93167537352683,0.013954849524038804,0.011217165141436348,0.0027376843826024556,0.004470698812776657,26.114703807987603,34.16743118482133,19.533123266534712,0.01112840058056694,0.8264055487017911,1,230813.58500000002,,False,False,True,False,False,False,False,True,False,True
FIL_USDT_aabe0b9c,FIL/USDT,1h,SELL,2026-04-02 06:00:00+00:00,backtest,SL,-1.8046,-2.0046,False,14.0,atr,0.811,0.82563529,1.0,-1.0,1.1649,True,23.245230382995373,0.10817434609984579,0.3,-0.244867,34.39476352775817,0.0,6.2175,,0.3873298948224486,True,bullish,True,1.0,False,False,bullish,1,compression,0.3210211841390549,13.579576317218903,rising,5,moderate,0.814,0.816,0.807,1518812.9,0.8180727024030514,0.8276022435206567,0.8302241678190769,0.8192363316610661,0.8289624678727224,34.39476352775817,-0.009529541117605289,-0.007536322061194654,-0.001993219056410635,-0.0031864236786669636,23.245230382995373,16.709120906660495,26.39236827722171,0.009756862545461013,0.8327501015832625,-1,244282.08500000002,,False,False,False,True,False,False,True,False,True,True
FIL_USDT_34683aae,FIL/USDT,1h,BUY,2026-04-06 11:00:00+00:00,backtest,SL,-1.7814,-1.9814,False,11.0,atr,0.884,0.86825233,1.0,1.0,1.9723,True,43.79608334403265,0.7932027781344217,0.7932027781344217,0.429443,88.17191629240278,-1.0,1.7426,,1.0,False,,False,0.0,False,False,ranging,0,expansion,1.0,24.81977342945417,rising,6,strong,0.893,0.898,0.88,316879.9,0.8680423413239994,0.8512531072489984,0.8399772191070674,0.860911581702285,0.8470784179738982,88.17191629240278,0.01678923407500099,0.012954304069060705,0.0038349300059402867,0.002796324662296271,43.79608334403265,43.84401205229894,6.355727669365094,0.010498446125841481,0.8606048328510254,1,181842.98500000002,,False,False,True,False,False,False,True,True,False,True
FIL_USDT_142a5928,FIL/USDT,1h,BUY,2026-04-07 23:00:00+00:00,backtest,SL,-2.1165,-2.3165,False,3.0,atr,0.917,0.89759157,1.0,1.0,1.7367,True,22.15593311046125,0.07186443701537494,0.3,0.757746,77.32263281575868,-1.0,1.833,,1.0,False,,True,0.8,False,False,bearish,1,expansion,1.0,48.129423660262894,rising,6,strong,0.915,0.927,0.914,392530.8,0.8881536816666948,0.8729923352226805,0.8615809626623463,0.8804833050000361,0.8687915687449487,77.32263281575868,0.015161346444014345,0.00822797303033559,0.006933373413678756,0.006930449931591248,22.15593311046125,42.16437494400602,11.865227194967355,0.01293895023217952,0.8857671539286042,1,214147.52500000002,,False,False,True,False,False,False,True,True,False,True
FIL_USDT_47082f7e,FIL/USDT,1h,BUY,2026-04-08 04:00:00+00:00,backtest,SL,-2.0222,-2.2222,False,19.0,atr,0.9,0.8818,1.0,1.0,1.6156,True,25.390794049304176,0.1796931349768059,0.3,0.03122,65.37749248972645,0.0,0.7764,,0.7050780867090063,True,bullish,True,0.8,False,False,bearish,2,range,0.3,42.208774583963695,falling,5,moderate,0.906,0.908,0.899,170808.4,0.8986052418800005,0.8843184427434045,0.8684583121181653,0.8964924538457149,0.882150287017745,65.37749248972645,0.014286799136595918,0.014003945723247577,0.00028285341334834124,0.0004796478113964428,25.390794049304176,35.16227050936998,17.535318341644825,0.012133332927791682,0.8857671539286042,1,219994.84500000003,,False,False,True,False,False,False,False,True,False,True
FIL_USDT_2ea6c94c,FIL/USDT,1h,BUY,2026-04-10 04:00:00+00:00,backtest,SL,-1.6656,-1.8656,False,33.0,atr,0.902,0.88697655,1.0,0.5690649120886782,0.5691,True,23.711305942951924,0.12371019809839746,0.3,-0.015983,65.09930967365642,0.0,1.4424,,0.6376622505769032,True,bullish,False,0.0,False,False,bearish,2,range,0.3,21.073362875430824,falling,4,moderate,0.911,0.916,0.898,245818.4,0.9029494876008561,0.897840194089663,0.8901541929711372,0.9006493412011007,0.8965242134986293,65.09930967365642,0.005109293511193158,0.0052548975535388716,-0.00014560404234571344,-0.0012025718722403073,23.711305942951924,31.146497869514807,15.204941605092229,0.01001563451048378,0.8901622985207883,1,170427.595,,False,False,True,False,False,False,False,True,False,True
FIL_USDT_022c8d98,FIL/USDT,1h,BUY,2026-04-13 21:00:00+00:00,backtest,TP,3.7446,3.5446,True,1.0,atr,0.895,0.92851455,2.0,1.0,1.2542,True,27.5050850233715,0.25016950077905,0.3,0.426255,73.75583920277882,-1.0,2.3432,,1.0,False,,True,1.0,False,False,ranging,0,expansion,1.0,39.10377358490566,rising,6,strong,0.907,0.911,0.89,1789469.5,0.8867176531668013,0.8757337721274807,0.8756927814786998,0.8809226969287446,0.8726071493402289,73.75583920277882,0.010983881039320575,0.007117747336409913,0.0038661337029106627,0.0031308671035611343,27.5050850233715,32.84544347991552,7.261718833117735,0.01117151522823745,0.8699050990874024,1,763675.485,,False,False,True,False,False,False,True,True,False,True
FIL_USDT_0cfccf44,FIL/USDT,1h,BUY,2026-04-15 21:00:00+00:00,backtest,TP,3.1838,2.9838,True,6.0,atr,0.912,0.94103658,2.0,0.7752655642002879,0.7753,True,38.13703555276124,0.604567851758708,0.604567851758708,0.071894,64.16608111068119,0.0,4.3517,,0.6518949345725775,False,,False,0.0,False,False,ranging,0,trend,0.7189505925460207,20.571955719557195,rising,6,strong,0.917,0.919,0.909,986018.8,0.9121300745928014,0.9051130448390793,0.8969536489044192,0.9107386673336019,0.9039243493229872,64.16608111068119,0.007017029753722093,0.006357759848923928,0.0006592699047981649,0.0007861931140898722,38.13703555276124,25.183231244091463,8.885857879777024,0.009678859705166845,0.8907942221365256,1,226580.54500000004,,False,False,True,False,False,False,True,True,False,True
FIL_USDT_064accd2,FIL/USDT,1h,BUY,2026-04-17 09:00:00+00:00,backtest,SL,-2.0263,-2.2263,False,23.0,structural,0.987,0.967,1.0,0.4895475628041904,0.4895,True,43.75567789081648,0.7918559296938826,0.7918559296938826,-0.025043,53.859024407459955,0.5,16.6231,,0.5884242667014734,False,,False,0.0,False,False,ranging,0,trend,0.812594631513608,73.95644283121598,rising,6,strong,0.991,0.993,0.983,32226836.7,0.9886640543344555,0.9838476521317383,0.958452227258895,0.987996641287157,0.9831324173449122,53.859024407459955,0.004816402202717174,0.005064575603359109,-0.0002481734006419354,-0.00032443836143523745,43.75567789081648,28.25870536859177,13.548098701054935,0.01592026975863165,0.9586949408313571,1,1938675.3399999999,,False,False,True,False,False,False,True,True,False,True
FIL_USDT_58024187,FIL/USDT,1h,SELL,2026-04-19 08:00:00+00:00,backtest,SL,-1.6994,-1.8994,False,5.0,atr,0.921,0.9366518,1.0,-1.0,1.392,True,50.29208194478835,1.0,1.0,0.007649,24.81284891450538,-1.0,2.9631,,0.9659568401315943,False,,False,0.0,False,False,bearish,1,range,0.3,29.409151488227455,stable,4,moderate,0.921,0.927,0.917,799484.9,0.9262330784494914,0.9391259246815439,0.9541994725058934,0.9277282437207747,0.9409385171496982,24.81284891450538,-0.012892846232052446,-0.012963297666626274,7.045143457382746e-05,-0.0002117500450103723,50.29208194478835,5.727348197433251,29.876269200723108,0.010434535979087733,0.9441367393857322,-1,269810.7100000001,,False,False,False,True,True,False,True,False,True,True
FIL_USDT_6610ca81,FIL/USDT,1h,SELL,2026-04-19 22:00:00+00:00,backtest,SL,-1.7586,-1.9586,False,5.0,atr,0.906,0.92193288,1.0,-0.8822624381949541,0.8823,True,39.23804053125879,0.6412680177086263,0.6412680177086263,-0.111669,29.786605857417136,0.0,16.2362,,0.7740440665146747,False,,False,0.0,False,False,bearish,1,range,0.3,32.18543046357616,stable,5,moderate,0.904,0.918,0.898,31109853.0,0.9167979901975556,0.9248865544991949,0.9409506218799759,0.9204545588254286,0.9269752099491144,29.786605857417136,-0.00808856430163929,-0.0070790780739905836,-0.0010094862276487059,5.3683836480402855e-05,39.23804053125879,12.108462313506712,31.45956397637358,0.010621923304079555,0.9348134825344268,-1,1916079.06,,False,False,False,True,False,True,True,False,True,True
FIL_USDT_dd4a7adb,FIL/USDT,1h,SELL,2026-04-20 05:00:00+00:00,backtest,SL,-1.626,-1.826,False,2.0,atr,0.913,0.92784519,1.0,-0.49595768032436643,0.496,True,31.40818799722543,0.38027293324084765,0.38027293324084765,0.075529,39.76755906903232,0.0,6.9103,,0.44551534950278254,False,,False,0.0,False,False,ranging,0,range,0.3,23.107394366197184,falling,4,moderate,0.91,0.919,0.906,19709709.8,0.9155079933073507,0.920048525514142,0.9350580732249009,0.9170817056808794,0.9210533780655561,39.76755906903232,-0.004540532206791292,-0.00522784931693865,0.000687317110147358,0.0015998354873356675,31.40818799722543,16.899928604291617,28.03781234186118,0.009896791648428011,0.929382134280984,-1,2852240.705,,False,False,False,True,False,False,True,False,True,True
FIL_USDT_d762ff54,FIL/USDT,1h,BUY,2026-04-22 14:00:00+00:00,backtest,SL,-1.3667,-1.5667,False,5.0,atr,0.95,0.93701609,1.0,0.8226644696577795,0.8227,True,31.424029022295787,0.3808009674098596,0.3808009674098596,-0.052351,66.98573299931057,0.0,2.499,,0.6322327569413717,True,bullish,False,0.0,False,False,bearish,2,compression,0.600686990124517,7.986260197509661,falling,5,moderate,0.954,0.956,0.947,5259704.8,0.9496146816818146,0.9418662824246207,0.9343247070589331,0.9483617335909045,0.9406529106670827,66.98573299931057,0.00774839925719395,0.00824782480600122,-0.00049942554880727,-0.0007887146565830529,31.424029022295787,28.800555963488076,12.994737039953783,0.008655938945263918,0.9316384073754348,1,2104735.38,,False,False,True,False,False,False,True,True,False,True
FIL_USDT_3c8808af,FIL/USDT,1h,BUY,2026-04-24 17:00:00+00:00,backtest,SL,-1.2378,-1.4378,False,23.0,bos,0.944,0.932315,1.0,0.5554777420931938,0.5555,True,20.478598173039064,0.01595327243463546,0.3,0.056006,62.507866191876815,0.0,5.3732,,0.5095640004139593,True,bullish,True,0.8,False,False,bullish,1,compression,0.75,5.0,rising,6,strong,0.942,0.946,0.94,4371522.6,0.9394268642188317,0.934237383495202,0.9311718849120056,0.9386916825670693,0.9334611218447223,62.507866191876815,0.00518948072362968,0.004661907995560932,0.0005275727280687481,0.0008324390908203971,20.478598173039064,24.13704533027339,11.397945319924409,0.008100623960826133,0.9229009506213411,1,813581.075,,False,False,True,False,False,False,True,True,False,True
FIL_USDT_7b1d0fbd,FIL/USDT,1h,SELL,2026-04-27 15:00:00+00:00,backtest,SL,-1.5456,-1.7456,False,36.0,atr,0.918,0.93218901,1.0,-1.0,1.0072,True,25.702449257484712,0.1900816419161571,0.3,-0.163809,23.679781611311753,-1.0,1.2885,,0.916926673417658,True,bullish,True,0.8,False,False,bullish,1,expansion,1.0,22.122448979591837,rising,4,moderate,0.904,0.924,0.897,400261.6,0.9197446066598944,0.9290078596786691,0.935267483969591,0.9242430657055786,0.931508645646536,23.679781611311753,-0.00926325301877462,-0.007782419338995472,-0.0014808336797791479,-0.00022357744185154751,25.702449257484712,12.756664161555598,35.67983099699705,0.009459338933533894,0.9356533375603889,-1,310648.31500000006,,False,False,False,True,False,False,False,False,True,True
FIL_USDT_ad772fc0,FIL/USDT,1h,BUY,2026-05-05 20:00:00+00:00,backtest,TP,3.6192,3.4192,True,5.0,bos,0.969,1.0040703,3.24,0.7612723334676956,0.7613,True,20.12832387393637,0.004277462464545678,0.3,0.270849,80.60614670749315,-1.0,0.4389,,0.9535018882881089,True,bullish,False,0.0,False,False,bullish,1,expansion,1.0,51.22780506233472,rising,5,moderate,0.987,0.992,0.956,801279.2,0.9597050214666618,0.9524542507666384,0.9437499975847218,0.9519064561714222,0.9489996758433022,80.60614670749315,0.007250770700023446,0.004577491081744747,0.002673279618278699,-0.000334070944485424,20.12832387393637,37.12076421628742,13.283217009084698,0.011690098884612666,0.9430634306770084,1,1825599.3250000004,,False,False,True,False,True,False,False,True,False,True
FIL_USDT_fa281dad,FIL/USDT,1h,BUY,2026-05-06 01:00:00+00:00,backtest,TP,4.6598,4.4598,True,1.0,bos,0.984,1.02985264,1.78,1.0,1.87,True,26.08671093961151,0.20289036465371701,0.3,0.57261,84.55741276625214,-1.0,0.3831,,1.0,True,bullish,False,0.0,False,False,bullish,1,expansion,1.0,75.0,rising,5,moderate,1.035,1.038,0.98,745812.4,0.9854416212940132,0.9673523298623655,0.9515054956752463,0.9712820845208742,0.9605875628486021,84.55741276625214,0.018089291431647725,0.012162773198007848,0.005926518233639877,0.0014950075910841187,26.08671093961151,50.74046060440229,13.518714391671066,0.015284213581328641,0.9662906401804666,1,1946848.2350000003,,False,False,True,False,False,False,False,True,False,True
FIL_USDT_0b43b862,FIL/USDT,1h,BUY,2026-05-06 09:00:00+00:00,backtest,SL,-4.2589,-4.4589,False,4.0,atr,1.104,1.05698205,1.0,1.0,4.602,True,42.09686311069944,0.7365621036899813,0.7365621036899813,0.165349,69.80866453040781,0.0,4.2954,,1.0,True,bullish,False,0.0,False,False,bullish,1,expansion,1.0,99.36090225563909,falling,6,strong,1.117,1.13,1.082,4651861.9,1.0855334410227748,1.0377745777336678,0.9886281580814824,1.0765429956007107,1.0298520355070346,69.80866453040781,0.047758863289107056,0.04591191332943783,0.0018469499596692265,0.0017025217440728019,42.09686311069944,38.4803244066773,10.087500353643168,0.03134529815256688,1.05753987669156,1,1082989.435,,False,False,True,False,False,False,True,True,False,True
FIL_USDT_94396363,FIL/USDT,1h,BUY,2026-05-08 21:00:00+00:00,backtest,SL,-4.6121,-4.8121,False,37.0,atr,1.223,1.16659399,1.0,1.0,3.8086,True,45.69360171569661,0.8564533905232203,0.8564533905232203,0.498358,72.8975238468345,-1.0,0.166,,1.0,True,bullish,False,0.0,False,False,bearish,2,trend,0.8448933619282768,100.0,rising,5,moderate,1.243,1.264,1.21,549232.7,1.197302207175298,1.1533743802036642,1.106457590280916,1.1842456949396687,1.1444118182240306,72.8975238468345,0.043927826971633666,0.03773324057019924,0.006194586401434422,0.005197929346156066,45.69360171569661,36.139935953213346,6.343917792876761,0.0376040074547227,1.1351148643617879,1,3309487.535,,False,False,True,False,False,False,False,True,False,True
FIL_USDT_7733f249,FIL/USDT,1h,SELL,2026-05-11 12:00:00+00:00,backtest,TP,4.2861,4.0861,True,26.0,atr,1.127,1.07869517,2.0,-1.0,1.0769,True,27.549366384859916,0.2516455461619972,0.3,0.051392,36.925123410723174,0.0,2.8708,,0.4569131962504756,False,,False,0.0,False,False,bearish,1,range,0.3,75.99712540424002,falling,4,moderate,1.125,1.134,1.122,2203057.4,1.132167009646892,1.1443591198965928,1.160860935041454,1.1342147266888614,1.1462950318862521,36.925123410723174,-0.012192110249700683,-0.012770272399291639,0.0005781621495909561,0.0009790482766963322,27.549366384859916,14.859635106405173,26.282465012667064,0.01610161148774753,1.1662832630106754,-1,767403.24,,False,False,False,True,False,False,True,False,True,True
FIL_USDT_63794041,FIL/USDT,1h,SELL,2026-05-15 04:00:00+00:00,backtest,TP,3.6929,3.4929,True,9.0,structural,1.047,1.0083358,3.69,-0.23586637816343917,0.2359,True,26.691334582919186,0.2230444860973062,0.3,-0.232501,34.188322668170855,0.0,0.5715,,0.6212055327877871,False,,True,0.8,False,False,ranging,0,range,0.3,55.03308951584813,falling,4,moderate,1.035,1.05,1.031,298627.7,1.0496529168860413,1.0521286952043873,1.0641559741848698,1.0538394645677673,1.0538415647248263,34.188322668170855,-0.0024757783183460003,-6.939134649447431e-05,-0.002406386971851526,-0.0011359022964902148,26.691334582919186,10.713773311115014,26.24391163080969,0.01288806614361663,1.0671124696098615,-1,522487.96,,False,False,False,True,False,False,False,False,True,True
FIL_USDT_e0c6c30f,FIL/USDT,1h,SELL,2026-05-15 13:00:00+00:00,backtest,TP,4.3,4.1,True,1.0,atr,1.023,0.97901053,2.0,-1.0,1.2723,True,37.302032243206554,0.5767344081068851,0.5767344081068851,-0.375155,20.67440042361139,-1.0,1.6702,,1.0,False,,True,0.8,False,False,bearish,1,expansion,1.0,68.4375,rising,5,moderate,0.986,1.03,0.982,863830.4,1.0222461271077043,1.0352522248850802,1.0529516408361392,1.0326021634241913,1.040177447373588,20.67440042361139,-0.013006097777375825,-0.009307070220623825,-0.0036990275567519992,-0.00011772750714894586,37.302032243206554,8.267003096683402,41.31134040481518,0.01466315820579698,1.0445216819527314,-1,517209.10000000003,,False,False,False,True,False,False,True,False,True,True
FIL_USDT_60c83c23,FIL/USDT,1h,SELL,2026-05-15 14:00:00+00:00,backtest,SL,-2.3172,-2.5172,False,10.0,atr,0.997,1.02010226,1.0,-1.0,1.5156,True,39.51806400551193,0.6506021335170644,0.6506021335170644,-0.408337,28.541880543122996,0.0,0.9862,,1.0,False,,True,0.8,False,False,bearish,1,trend,0.7419677334251988,72.6483859770913,rising,4,moderate,0.995,1.002,0.977,523707.6,1.016191432194881,1.0315929317137091,1.0508819393777056,1.0222461271077043,1.0352522248850802,28.541880543122996,-0.015401499518828077,-0.011338546653358577,-0.0040629528654695,-0.0036990275567519992,39.51806400551193,7.308492454894575,38.84041516989001,0.015401504048240054,1.0304195137574583,-1,531054.325,,False,False,False,True,False,False,False,False,True,True
FIL_USDT_160be4ca,FIL/USDT,1h,SELL,2026-05-16 06:00:00+00:00,backtest,TP,3.8118,3.6118,True,3.0,atr,0.991,0.95322486,2.0,-0.8532296723517279,0.8532,True,34.695824523009385,0.4898608174336462,0.4898608174336462,-0.176525,27.82327752897368,-1.0,1.5636,,0.8774792165746479,False,,False,0.0,False,False,ranging,0,trend,0.6615970753834898,53.02036589575423,rising,5,moderate,0.986,1.002,0.979,554379.6,1.0030414736166426,1.0115997210955339,1.0314611023733675,1.0079104660785405,1.0141596932050871,27.82327752897368,-0.008558247478891223,-0.006817712091962378,-0.0017405353869288454,-0.0003017827280486756,34.695824523009385,12.329205902420691,34.266186316786886,0.012591712860835016,1.021782574683777,-1,354544.955,,False,False,False,True,False,False,True,False,True,True
FIL_USDT_6977e4cb,FIL/USDT,1h,SELL,2026-05-23 03:00:00+00:00,backtest,TP,4.6293,4.4293,True,4.0,atr,0.969,0.9241425,2.0,-1.0,1.5224,True,36.98986260802026,0.5663287536006754,0.5663287536006754,-0.142541,33.35523660261376,0.0,0.2637,,0.6419271008264639,False,,True,0.8,False,False,ranging,0,trend,0.6998310434670043,71.45656433703462,rising,4,moderate,0.967,0.973,0.966,124067.1,0.9736597499449058,0.9884828261453292,0.9896621135141619,0.9755625356434503,0.9906311087598622,33.35523660261376,-0.014823076200423446,-0.013444708795467112,-0.0013783674049563342,-0.0023130480234229093,36.98986260802026,13.635878639628535,29.68405616029013,0.01495249885885628,1.0036083692497326,-1,470404.27999999997,,False,False,False,True,False,False,False,False,True,True
FIL_USDT_98cac923,FIL/USDT,1h,SELL,2026-05-23 07:00:00+00:00,backtest,SL,-2.5045,-2.7045,False,11.0,atr,0.959,0.98301797,1.0,-1.0,1.9593,True,39.89539522962763,0.6631798409875878,0.6631798409875878,-0.331659,17.148082576080434,-1.0,1.7264,,1.0,False,,True,0.8,False,False,bearish,1,trend,0.7482565871604605,77.1689497716895,rising,5,moderate,0.924,0.961,0.909,821132.8,0.9579931503761193,0.9767626706818721,0.9846227601586576,0.9677054790550105,0.9820389377500593,17.148082576080434,-0.01876952030575274,-0.01570499343066316,-0.003064526875089582,-0.00016072870193050912,39.89539522962763,9.881245588179892,47.15111957395263,0.016011982504888434,0.9763195744762025,-1,475628.87,,False,False,False,True,False,False,True,False,True,True
FIL_USDT_9e86bf8b,FIL/USDT,1h,SELL,2026-05-24 21:00:00+00:00,backtest,SL,-1.6145,-1.8145,False,8.0,atr,0.952,0.96737048,1.0,-0.901839541304318,0.9018,True,23.381206218771702,0.11270687395905672,0.3,-0.216151,22.1647116475312,-1.0,3.4776,,0.9584381759440365,False,,False,0.0,False,False,bearish,1,range,0.3,33.18298969072165,rising,5,moderate,0.936,0.953,0.931,4740196.7,0.9507734249658923,0.9593478756604481,0.9675174366841086,0.9549944035275759,0.961682663226493,22.1647116475312,-0.008574450694555757,-0.006551276032084541,-0.0020231746624712168,-0.0011485709980681331,23.381206218771702,14.368982721946502,38.32993712054741,0.010246985498448918,0.9667443964423356,-1,1363054.61,,False,False,False,True,False,False,True,False,True,True
FIL_USDT_3d7f21d4,FIL/USDT,1h,BUY,2026-05-25 14:00:00+00:00,backtest,TP,3.3673,3.1673,True,20.0,atr,0.98,1.013,2.34,0.6795485962206455,0.6795,True,20.228019876512388,0.0076006625504129255,0.3,0.155075,71.74163297740729,0.0,0.9787,,0.511503668850679,False,,True,1.0,False,False,bearish,1,range,0.3,22.55687279718039,rising,5,moderate,0.984,0.986,0.977,2376872.4,0.9737690237334535,0.9671964538088993,0.9670776577746444,0.9708458876572974,0.9655160991897892,71.74163297740729,0.006572569924554239,0.005046629733552286,0.001525940191001953,0.0010461288294568915,20.228019876512388,28.588719067034432,15.801127345767458,0.00939579681833011,0.958752820600626,1,2428486.1400000006,,False,False,True,False,False,False,False,True,False,True
FIL_USDT_2ad1e58b,FIL/USDT,1h,BUY,2026-05-26 10:00:00+00:00,backtest,TP,3.8978,3.6978,True,3.0,atr,0.998,1.03689964,2.0,0.7531390485072563,0.7531,True,21.15482452924606,0.03849415097486866,0.3,0.254043,72.44999230547154,-1.0,0.3172,,0.6563540323932143,False,,True,1.0,False,False,ranging,0,range,0.3,57.75230818210761,rising,5,moderate,1.012,1.016,0.991,389822.8,0.9936627134566541,0.9862349926172113,0.9782871146598648,0.9884234887299839,0.9836584918789325,72.44999230547154,0.007427720839442875,0.0048568078453779286,0.0025709129940649465,0.0011936455027059065,21.15482452924606,29.82878488547433,13.419934075643972,0.012966548151140508,0.969128659157238,1,1228923.07,,False,False,True,False,False,False,False,True,False,True
FIL_USDT_ec3a0fa7,FIL/USDT,1h,BUY,2026-05-26 23:00:00+00:00,backtest,SL,-1.9861,-2.1861,False,5.0,structural,1.007,0.987,1.0,0.2953833558788485,0.2954,True,23.884737187860512,0.12949123959535042,0.3,-0.178551,54.38257089544454,0.5,0.2662,,0.19539465093808217,True,bullish,False,0.0,False,False,bullish,1,range,0.3,82.75206087507927,falling,5,moderate,1.009,1.014,1.001,136612.1,1.005785723803975,1.0028235499485934,0.9907051636824095,1.0048673591765391,1.0022059049434529,54.38257089544454,0.0029621738553815558,0.004763751631263049,-0.0018015777758814931,-0.0030030862861175154,23.884737187860512,18.188000306728917,13.303134033276862,0.01724782825492661,0.9904272132730638,1,513185.12999999995,,False,False,True,False,False,False,False,True,False,True
FIL_USDT_a8e3662c,FIL/USDT,1h,BUY,2026-05-27 05:00:00+00:00,backtest,TP,6.5248,6.3248,True,6.0,structural,1.001,1.06631292,4.67,0.6293891825839557,0.6294,True,23.77745165331523,0.12591505511050763,0.3,0.055965,61.70371731694503,0.0,1.7545,,0.2275424070677117,True,bullish,True,1.0,False,False,bullish,1,expansion,1.0,92.08860759493672,falling,6,strong,1.029,1.033,1.0,771245.4,1.0164904300191626,1.0101327636748567,0.9963953297131791,1.012916267167495,1.0082460400423425,61.70371731694503,0.006357666344305901,0.0057817831405264815,0.0005758832037794197,-0.0008236144134843564,23.77745165331523,26.301933182452245,20.613373005759453,0.021770974818545813,0.9904272132730638,1,439572.4100000001,,False,False,True,False,True,False,True,True,False,True
FIL_USDT_f8bd6213,FIL/USDT,1h,BUY,2026-05-27 11:00:00+00:00,backtest,SL,-1.0,-1.2,False,1.0,bos,1.054,1.04346,1.0,1.0,1.3008,True,26.299811382207402,0.20999371274024672,0.3,0.134969,60.23617974930134,0.0,1.363,,0.5002314572886895,True,bullish,True,1.0,False,False,bearish,2,trend,0.52166352303679,95.23057485786481,rising,5,moderate,1.045,1.068,1.043,843626.1,1.0381461622293433,1.024815396520276,1.0056734553364164,1.0361879228662985,1.0227969361723035,60.23617974930134,0.013330765709067327,0.011920337729948088,0.0014104279791192394,0.0021758629536065,26.299811382207402,23.939413466806208,11.433627034588971,0.02516140080782275,0.9904272132730638,1,618936.3850000002,,False,False,True,False,False,False,False,True,False,True
FIL_USDT_c7b5540b,FIL/USDT,1h,BUY,2026-05-27 13:00:00+00:00,backtest,SL,-2.8864,-3.0864,False,4.0,structural,1.074,1.043,1.0,1.0,1.8057,True,28.859528864785716,0.29531762882619056,0.3,0.314702,67.64015206675764,0.0,1.1695,,0.5800296837560166,False,,True,1.0,False,False,ranging,0,trend,0.564325481079762,97.1590909090909,rising,5,moderate,1.071,1.081,1.043,777129.6,1.0518168141881215,1.0331614847275008,1.010394067525826,1.046335903956156,1.0293776332002509,67.64015206675764,0.01865532946062065,0.015284875645940492,0.003370453814680159,0.003358622017304646,28.859528864785716,23.404859705386226,8.90411761148581,0.027858554778173707,0.9904272132730638,1,664476.425,,False,False,True,False,False,False,False,True,False,True
FIL_USDT_5371bd95,FIL/USDT,1h,BUY,2026-05-27 20:00:00+00:00,backtest,SL,-1.4164,-1.6164,False,1.0,structural,1.059,1.044,1.0,1.0,1.1548,True,31.977115539340126,0.39923718464467084,0.39923718464467084,-0.157767,56.437816578424766,0.0,0.838,,0.34699024405077034,False,,True,1.0,False,False,ranging,0,range,0.3,97.32283464566929,falling,4,moderate,1.062,1.068,1.051,671653.3,1.0584452068593646,1.0463614307728404,1.0216631810696262,1.057429551676326,1.0447975738501245,56.437816578424766,0.012083776086524223,0.013759263388041326,-0.0016754873015171028,-0.0019650292125984736,31.977115539340126,20.527563681585924,11.852807580316666,0.02841524611584552,0.9979823874626343,1,801532.125,,False,False,True,False,False,False,False,True,False,True
FIL_USDT_9ac0189a,FIL/USDT,1h,SELL,2026-06-01 11:00:00+00:00,backtest,SL,-2.1231,-2.3231,False,6.0,atr,0.922,0.94157459,1.0,-0.9820163383307585,0.982,True,32.61191488176607,0.4203971627255356,0.4203971627255356,-0.107003,36.20271084104034,0.0,0.8334,,0.5842137815249806,True,bearish,False,0.0,True,True,bearish,1,trend,0.6268652480294344,56.96895922093731,rising,4,moderate,0.918,0.929,0.915,294138.4,0.9245627936440498,0.9336421513357617,0.9489112631171243,0.9264378775423497,0.9352063664693379,36.20271084104034,-0.009079357691711865,-0.008097067615310743,-0.0009822900764011218,-0.001162566349877935,32.61191488176607,12.93391327509804,27.539257813222555,0.01304972438105825,0.9550346643531423,-1,352934.31000000006,,False,False,False,True,False,False,False,False,True,True
FIL_USDT_3f30cb1b,FIL/USDT,1h,SELL,2026-06-02 15:00:00+00:00,backtest,TP,5.9928,5.7928,True,4.0,structural,0.904,0.84982466,5.99,-1.0,1.1439,True,23.517346659843,0.11724488866143332,0.3,-0.577769,26.259194516605834,-1.0,1.8392,,0.9665724813999066,False,,False,0.0,False,False,ranging,0,expansion,1.0,83.52444176222087,rising,5,moderate,0.884,0.912,0.876,758390.8,0.9195856270765291,0.9301052046787419,0.9389680916768611,0.9297529490983946,0.934715725146616,26.259194516605834,-0.010519577602212782,-0.005412100138028536,-0.005107477464184246,-0.0021044146422850704,23.517346659843,12.71384684617165,36.87815888116931,0.01805844749909708,0.9421375159259447,-1,412349.685,,False,False,False,True,False,False,True,False,True,True
FIL_USDT_45f9fdd4,FIL/USDT,1h,SELL,2026-06-04 02:00:00+00:00,backtest,SL,-2.8103,-3.0103,False,1.0,structural,0.854,0.878,1.0,-1.0,1.1027,True,25.340078750337057,0.17800262501123523,0.3,-1.033718,33.05498866122231,0.0,2.4905,,1.0,False,,True,0.8,False,False,bearish,1,expansion,1.0,97.5515079128098,falling,5,moderate,0.872,0.886,0.827,1089838.3,0.9099512719677825,0.9199850080616315,0.9218482126710913,0.920794492530006,0.9247835088677947,33.05498866122231,-0.010033736093849055,-0.0010197123965495227,-0.009014023697299532,-0.007476315789888941,25.340078750337057,12.745153661363053,39.65118258592803,0.028709495992769667,0.9330368166436953,-1,437592.17500000005,,False,False,False,True,False,False,True,False,True,True
FIL_USDT_6e4e51e7,FIL/USDT,1h,SELL,2026-06-04 03:00:00+00:00,backtest,SL,-1.0,-1.2,False,13.0,structural,0.886,0.89486,1.0,-1.0,1.267,True,26.57296478661948,0.21909882622064933,0.3,-0.781697,41.35968230525637,0.0,0.7766,,0.8859159882579474,False,,True,1.0,False,False,bearish,1,trend,0.5262160797769914,97.40298507462687,rising,4,moderate,0.892,0.898,0.873,347163.6,0.9059621004193863,0.917440916419665,0.9207822050756952,0.9099512719677825,0.9199850080616315,41.35968230525637,-0.011478816000278669,-0.004506080264459238,-0.00697273573581943,-0.009014023697299532,26.57296478661948,14.92094270722359,37.06884241367227,0.028515960564714695,0.9330368166436953,-1,447021.3399999999,,False,False,False,True,False,False,False,False,True,True
FIL_USDT_d00bfa4b,FIL/USDT,1h,SELL,2026-06-05 13:00:00+00:00,backtest,TP,10.4467,10.2467,True,5.0,structural,0.793,0.71015797,5.52,-1.0,3.8129,True,42.43646987552488,0.7478823291841626,0.7478823291841626,-0.302332,30.71729934240975,0.0,1.6278,,0.5870209992796487,False,,False,0.0,False,False,bearish,1,trend,0.7906078312587479,96.5130023640662,rising,5,moderate,0.761,0.8,0.761,684547.3,0.7894916278097894,0.8195944538982064,0.8583493269520641,0.7976320928983007,0.825453899288027,30.71729934240975,-0.030102826088416967,-0.027802077696168846,-0.002300748392248121,-0.001170102889681529,42.43646987552488,9.43944440426464,24.114969386255858,0.027614009841626125,0.844403763710064,-1,420536.0150000001,,False,False,False,True,False,False,True,False,True,True
FIL_USDT_9fd03ca7,FIL/USDT,1h,BUY,2026-06-13 09:00:00+00:00,backtest,SL,-1.8625,-2.0625,False,29.0,atr,0.776,0.76154678,1.0,0.9989317273072528,0.9989,True,20.775151011281423,0.0258383670427141,0.3,0.245572,69.66422645408268,0.0,0.8995,,0.8043447851145678,False,,True,1.0,False,False,ranging,0,range,0.3,23.26427771556551,rising,5,moderate,0.777,0.784,0.774,210119.6,0.7683150721184998,0.7607160382576296,0.7566070661756079,0.7658336641523569,0.7590876420833926,69.66422645408268,0.007599033860870241,0.005690943253827458,0.0019080906070427835,0.0020091241186581763,20.775151011281423,30.898862017103514,10.790242389239319,0.009635481332354465,0.7547718377591532,1,233599.61000000007,,False,False,True,False,False,False,False,True,False,True
FIL_USDT_11a5da65,FIL/USDT,1h,BUY,2026-06-17 00:00:00+00:00,backtest,SL,-1.6069,-1.8069,False,18.0,structural,0.809,0.796,1.0,0.6759504618041358,0.676,True,20.71436925604496,0.023812308534832027,0.3,0.251027,61.94859307088187,0.0,0.8317,,0.5153308204808812,False,,True,1.0,False,False,bearish,1,range,0.3,41.54140475539765,rising,5,moderate,0.815,0.817,0.805,268406.1,0.8063527380621207,0.8009387886216641,0.794960030927471,0.8038820917941552,0.7995326674838306,61.94859307088187,0.005413949440456589,0.003368078301581608,0.0020458711388749813,0.0020042815781804724,20.71436925604496,26.625538629076864,13.742268117054834,0.011041478995864353,0.7836809186240474,1,322735.12,,False,False,True,False,False,False,False,True,False,True
GRT_USDT_f7480723,GRT/USDT,1h,BUY,2026-01-17 04:00:00+00:00,backtest,TP,4.0139,3.8139,True,5.0,atr,0.04281,0.04452837,2.0,1.0,1.8178,True,33.5808227630334,0.45269409210111344,0.45269409210111344,0.479042,81.72167502453054,-1.0,1.5767,,0.8106520720066445,False,,False,0.0,False,False,bearish,1,trend,0.6430137127172234,100.0,rising,6,strong,0.04333,0.04338,0.04261,3796227.0,0.04221669170920043,0.04146297335104551,0.041353044425262046,0.04189860362611483,0.041276270686150064,81.72167502453054,0.0007537183581549159,0.0005461493027567052,0.00020756905539821065,0.0001799681649071691,33.5808227630334,34.08718687188454,13.820885071718427,0.0005727903530840031,0.04148923616194776,1,2407732.5,,False,False,True,False,False,False,True,True,False,True
GRT_USDT_1f882628,GRT/USDT,1h,SELL,2026-02-05 15:00:00+00:00,backtest,TP,7.2628,7.0628,True,5.0,atr,0.02653,0.02460319,2.0,-1.0,2.5992,True,30.62232945036436,0.3540776483454787,0.3540776483454787,-0.602841,14.03652595764838,-1.0,1.9097,,1.0,False,,False,0.0,False,False,ranging,0,expansion,1.0,91.89723320158103,rising,5,moderate,0.02614,0.02746,0.02566,6827219.0,0.02740803781065915,0.028120422676926334,0.028931367917887977,0.027770334327990337,0.02831846494461897,14.03652595764838,-0.0007123848662671829,-0.0005548021762807053,-0.00015758268998647764,-7.211978534116807e-05,30.62232945036436,9.596247757356425,37.36148049196336,0.0006422711857869028,0.0282649866612276,-1,3575047.55,,False,False,False,True,False,False,True,False,True,True
GRT_USDT_ea023594,GRT/USDT,1h,BUY,2026-03-04 21:00:00+00:00,backtest,SL,-2.049,-2.249,False,18.0,atr,0.02676,0.0262117,1.0,0.9690868883202366,0.9691,True,25.829440922862705,0.19431469742875684,0.3,-0.016365,61.859392163233146,0.0,0.9176,,0.514076768450953,True,bullish,False,0.0,False,False,bearish,2,range,0.3,40.86206896551724,stable,4,moderate,0.02683,0.02684,0.02668,3059131.0,0.026754207396475112,0.026497424331535624,0.026211895236211674,0.026732552366896572,0.026464166764689188,61.859392163233146,0.0002567830649394878,0.00026117376700076646,-4.3907020612786365e-06,5.01648417597833e-06,25.829440922862705,25.409133124377824,12.557213913104,0.0003655315024124059,0.025911317003700373,1,3333851.8000000003,,False,False,True,False,False,True,False,True,False,True
GRT_USDT_0e6b8abb,GRT/USDT,1h,BUY,2026-03-11 16:00:00+00:00,backtest,TP,3.8444,3.6444,True,22.0,atr,0.02568,0.02666723,2.0,0.7925543682743055,0.7926,True,26.004316988270176,0.20014389960900586,0.3,0.121234,61.75356974697195,0.0,0.8802,,0.30657641937842983,True,bullish,False,0.0,False,False,bearish,2,trend,0.5167386164711696,34.5427059712774,rising,5,moderate,0.02573,0.02575,0.02555,3172030.0,0.025617627440671593,0.025416190314088375,0.025309431380289654,0.025585520995149193,0.025384809345497215,61.75356974697195,0.00020143712658321836,0.00017024360027338538,3.119352630983298e-05,4.6064812533508424e-05,26.004316988270176,21.865107214728834,14.200696730268088,0.0003290757795652489,0.02512425660266164,1,3603933.400000001,,False,False,True,False,False,False,False,True,False,True
GRT_USDT_bb720737,GRT/USDT,1h,BUY,2026-03-12 19:00:00+00:00,backtest,TP,4.9416,4.7416,True,1.0,atr,0.02702,0.02835522,2.0,1.0,1.871,True,40.568836426363646,0.6856278808787882,0.6856278808787882,0.54826,83.91597839367759,-1.0,1.844,,1.0,False,,False,0.0,False,False,ranging,0,expansion,1.0,69.33333333333334,rising,6,strong,0.02755,0.02795,0.02679,6849486.0,0.026620185724311213,0.026131269012008813,0.025747343074505824,0.02635452450268584,0.025989395913209694,83.91597839367759,0.0004889167123024,0.0003378709945180442,0.00015104571778435587,0.00010278045385028148,40.568836426363646,41.90868907070241,3.8830029781960107,0.00044507356436831455,0.02613138499281105,1,3714480.1499999994,,False,False,True,False,False,False,True,True,False,True
GRT_USDT_bcccbe6b,GRT/USDT,1h,BUY,2026-03-13 16:00:00+00:00,backtest,SL,-1.8362,-2.0362,False,6.0,structural,0.02723,0.02673,1.0,0.4360694491861758,0.4361,True,50.45808622285324,1.0,1.0,0.019051,57.25409533719922,0.0,0.8721,,0.5317113387267824,True,bullish,False,0.0,False,False,bullish,1,trend,0.924301437047554,77.4617067833698,rising,4,moderate,0.02761,0.02764,0.02712,3045788.0,0.027393255515309845,0.027274320535979328,0.026695453233225537,0.02733132851968409,0.027240752589577262,57.25409533719922,0.00011893497933051708,0.00011367492996454281,5.260049365974267e-06,-2.0468975174728316e-05,50.45808622285324,24.594127510828084,11.301344042658522,0.0005045128894807474,0.026830246493529945,1,3492488.5500000003,,False,False,True,False,True,False,False,True,False,True
GRT_USDT_69b72a82,GRT/USDT,1h,BUY,2026-03-16 02:00:00+00:00,backtest,TP,3.5651,3.3651,True,5.0,structural,0.02673,0.02768294,3.57,0.5145975910754391,0.5146,True,28.93120120279473,0.2977067067598243,0.3,-0.028289,57.64855334786774,0.0,0.9281,,0.29058400780977583,True,bullish,False,0.0,False,False,bullish,1,range,0.3,32.12036389083275,stable,4,moderate,0.02689,0.02696,0.02662,3048044.0,0.026846563572056607,0.026709119088629052,0.026580353745619196,0.02683415316407278,0.026691030997491958,57.64855334786774,0.00013744448342755539,0.00014505149257615867,-7.6070091486032856e-06,-5.732830569639234e-06,28.93120120279473,18.120184580232472,10.855584384988076,0.00031764747474909795,0.02628122582462602,1,3284194.950000001,,False,False,True,False,False,False,False,True,False,True
GRT_USDT_e3d9747e,GRT/USDT,1h,BUY,2026-03-16 14:00:00+00:00,backtest,SL,-1.8392,-2.0392,False,46.0,atr,0.0275,0.02699421,1.0,0.8239878583338403,0.824,True,39.1970977605314,0.6399032586843799,0.6399032586843799,-0.077228,62.11224297127078,0.0,1.0297,,0.46974694453060734,True,bullish,False,0.0,False,False,bullish,1,range,0.3,38.93129770992366,falling,4,moderate,0.02757,0.02766,0.02722,3331141.0,0.02746861893965663,0.027244130611310816,0.026901941209647614,0.027439652922415667,0.0272115436724419,62.11224297127078,0.0002244883283458142,0.00024578001339967186,-2.129168505385766e-05,-2.8316605952832634e-05,39.1970977605314,25.11977437262647,13.376100759361286,0.0003371909503638589,0.026846596890648278,1,3235104.1999999997,,False,False,True,False,False,False,False,True,False,True
GRT_USDT_d14bd2a2,GRT/USDT,1h,BUY,2026-04-16 19:00:00+00:00,backtest,SL,-1.3905,-1.5905,False,7.0,bos,0.0257,0.02534265,1.0,1.0,1.1372,True,42.62862489429053,0.7542874964763511,0.7542874964763511,0.278333,77.03734543527888,-1.0,1.1416,,1.0,True,bullish,False,0.0,False,False,bullish,1,expansion,1.0,45.38812785388128,rising,5,moderate,0.02593,0.02595,0.02557,4027378.0,0.025410044850669777,0.025124337685485606,0.02470469408121358,0.025261486236575426,0.025043771454034167,77.03734543527888,0.0002857071651841715,0.00021353550986060534,7.217165532356619e-05,4.026510034243604e-05,42.62862489429053,34.54565348124945,7.257742783549273,0.00029502478547408043,0.024968203261915334,1,3527940.100000001,,False,False,True,False,False,False,False,True,False,True
GRT_USDT_aba59a87,GRT/USDT,1h,BUY,2026-04-17 02:00:00+00:00,backtest,TP,3.3898,3.1898,True,11.0,atr,0.02549,0.02635406,2.0,0.8300863968264145,0.8301,True,43.404948004511624,0.7801649334837208,0.7801649334837208,-0.103224,58.95290436069297,0.0,0.9518,,0.4192723577520994,True,bullish,False,0.0,False,False,bullish,1,range,0.3,42.28493400091033,falling,4,moderate,0.02563,0.02563,0.02534,3193939.0,0.02557308551371651,0.025362554399756432,0.024909488206387054,0.025556824231921228,0.025335809839732076,58.95290436069297,0.0002105311139600774,0.0002369873338062845,-2.6456219846207108e-05,-2.9201051540236834e-05,43.404948004511624,22.836617369729105,12.354808425926619,0.0002880205373567852,0.024968203261915334,1,3355789.95,,False,False,True,False,False,False,False,True,False,True
GRT_USDT_513ebe97,GRT/USDT,1h,BUY,2026-04-17 13:00:00+00:00,backtest,SL,-1.4108,-1.6108,False,11.0,bos,0.02622,0.0258501,1.0,0.8892129199795389,0.8892,True,29.742509949665994,0.32475033165553313,0.32475033165553313,0.265309,72.12013193174576,-1.0,0.9825,,0.7183013009066954,True,bullish,False,0.0,False,False,bullish,1,trend,0.5790418324944332,49.95471014492754,rising,5,moderate,0.02642,0.02646,0.0259,3215338.0,0.025833421326437195,0.02560573185056664,0.025168866327622687,0.025665827419704964,0.025524305035623307,72.12013193174576,0.00022768947587055444,0.00015759485540022336,7.009462047033108e-05,1.8974838916599083e-05,29.742509949665994,29.825152018095523,11.867619495428137,0.0003061574314906788,0.025383980823297885,1,3272568.6500000004,,False,False,True,False,False,False,False,True,False,True
GRT_USDT_bb43cb60,GRT/USDT,1h,BUY,2026-04-18 06:00:00+00:00,backtest,SL,-1.6901,-1.8901,False,5.0,atr,0.02598,0.02554091,1.0,0.3234352904539286,0.3234,True,20.076355458813975,0.0025451819604658255,0.3,0.109835,66.57738842619622,0.0,1.0118,,0.5388848238596222,True,bullish,False,0.0,False,False,bullish,1,range,0.3,44.89887640449438,rising,5,moderate,0.02645,0.02656,0.02598,3246478.0,0.026060174045188355,0.02597615798316673,0.0255936775252308,0.025948795200956457,0.0259287737814834,66.57738842619622,8.401606202162668e-05,5.496475027158482e-05,2.9051311750041855e-05,-2.041767492350837e-05,20.076355458813975,26.969003753976917,13.49688315748636,0.00029272613398295455,0.025606082740968095,1,3208618.8499999996,,False,False,True,False,True,False,False,True,False,True
GRT_USDT_7420edb1,GRT/USDT,1h,BUY,2026-04-25 09:00:00+00:00,backtest,SL,-1.1673,-1.3673,False,2.0,bos,0.02535,0.0250541,1.0,0.8524265645278469,0.8524,True,25.914898177811004,0.19716327259370015,0.3,0.051109,71.53268339997116,0.0,0.9349,,0.6786207000939852,True,bullish,False,0.0,False,False,bullish,1,range,0.3,30.09181969949917,stable,5,moderate,0.02544,0.0255,0.02524,3243288.0,0.02524558997454642,0.025032208777241147,0.02484644091812777,0.025190044252988257,0.02499142965496526,71.53268339997116,0.00021338119730527488,0.00020037915399971238,1.30020433055625e-05,4.736465676064336e-06,25.914898177811004,29.773964416203555,12.808446913853924,0.0002452854190633007,0.024778927950095175,1,3469184.7999999993,,False,False,True,False,False,False,False,True,False,True
GRT_USDT_5e958142,GRT/USDT,1h,BUY,2026-05-06 15:00:00+00:00,backtest,TP,3.7013,3.5013,True,49.0,atr,0.02605,0.02701418,2.0,0.9535483529133606,0.9535,True,41.505009311356375,0.7168336437118792,0.7168336437118792,-0.196548,58.01936589199847,0.0,0.949,,0.32448026472276836,True,bullish,False,0.0,False,False,bullish,1,range,0.3,62.528132033008255,falling,4,moderate,0.02627,0.02629,0.026,3181955.0,0.026197233520249393,0.025949789727716274,0.025439390474251228,0.026176443097463503,0.025917768700487905,58.01936589199847,0.00024744379253311896,0.000299077021088233,-5.1633228555114056e-05,-6.621923839019139e-05,41.505009311356375,25.58723536777411,17.4752287497049,0.00032139386338245164,0.02575975680102125,1,3353080.4000000004,,False,False,True,False,False,False,False,True,False,True
GRT_USDT_311770bf,GRT/USDT,1h,BUY,2026-05-08 17:00:00+00:00,backtest,TP,3.4486,3.2486,True,4.0,bos,0.02702,0.0279518,2.79,1.0,1.1485,True,22.304335911833512,0.07681119706111707,0.3,0.336904,79.02148092605093,-1.0,0.8916,,0.8779303140918374,True,bullish,False,0.0,False,False,bearish,2,range,0.3,59.90427098674521,rising,5,moderate,0.02727,0.02734,0.02695,3046751.0,0.026758562221620225,0.026454727299307954,0.026168850275624503,0.026612437142083147,0.02637320002923875,79.02148092605093,0.00030383492231227105,0.00021196130673178923,9.187361558048182e-05,7.32126139028485e-05,22.304335911833512,33.44454996995106,11.496292117655127,0.00031060112652527184,0.026342644848348275,1,3417363.3999999994,,False,False,True,False,False,False,False,True,False,True
GRT_USDT_02b5881a,GRT/USDT,1h,SELL,2026-05-16 06:00:00+00:00,backtest,TP,3.7061,3.5061,True,4.0,bos,0.02621,0.02523862,2.19,-1.0,1.357,True,35.620112327532816,0.5206704109177606,0.5206704109177606,-0.231462,23.32310887420262,-1.0,1.1902,,1.0,True,bearish,False,0.0,False,False,bearish,1,trend,0.677001872125547,61.30479806696583,rising,4,moderate,0.02606,0.0264,0.02593,3951351.0,0.026574333585605743,0.02693494929925088,0.02743787324777267,0.026721286038635956,0.027022444229175966,23.32310887420262,-0.00036061571364513767,-0.0003002966087634105,-6.0319104881727194e-05,-3.1021134217463315e-05,35.620112327532816,10.58508875891054,36.47209176317827,0.00032379262046227416,0.02694836186017596,-1,3320026.25,,False,False,False,True,False,False,False,False,True,True
GRT_USDT_1f10c653,GRT/USDT,1h,BUY,2026-05-21 08:00:00+00:00,backtest,SL,-1.5891,-1.7891,False,2.0,bos,0.02558,0.0251735,1.0,0.7143667092906208,0.7144,True,21.288402656331513,0.04294675521105044,0.3,0.010293,65.94262238561551,0.0,1.0371,,0.5081388390190531,True,bullish,False,0.0,False,False,bullish,1,range,0.3,27.095064590924146,falling,4,moderate,0.02566,0.0257,0.02542,3564098.0,0.025469156707893528,0.025288504053656596,0.025133611976116983,0.02541463005300596,0.025251354459022254,65.94262238561551,0.0001806526542369319,0.00017801136191349603,2.641292323435861e-06,-1.3415121768071205e-05,21.288402656331513,28.276467496069625,15.572996520593298,0.00022529283561593318,0.025138183487028593,1,3436520.9500000007,,False,False,True,False,True,False,False,True,False,True
GRT_USDT_3fefcc65,GRT/USDT,1h,BUY,2026-05-23 06:00:00+00:00,backtest,SL,-1.0,-1.2,False,1.0,structural,0.02645,0.0261855,1.0,0.47423943765310067,0.4742,True,22.811973600637526,0.09373245335458419,0.3,0.35329,65.93011367255406,0.0,1.2125,,0.44263315461153835,True,bullish,False,0.0,False,False,bullish,1,range,0.3,83.75203915171289,falling,5,moderate,0.02688,0.0269,0.02634,4177207.0,0.02632287029514578,0.026198626078159877,0.02590335841441348,0.026163690379473147,0.026130488685975867,65.93011367255406,0.000124244216985904,2.9279980701173575e-05,9.496423628473041e-05,5.1403830938472125e-05,22.811973600637526,27.839509676760958,16.7736808114725,0.00044211013223352335,0.025480379378952315,1,3445062.1500000004,,False,False,True,False,False,False,False,True,False,True
GRT_USDT_3465654f,GRT/USDT,1h,BUY,2026-05-26 04:00:00+00:00,backtest,TP,4.9481,4.7481,True,1.0,atr,0.02715,0.02849342,2.0,0.9733027927757043,0.9733,True,28.65912749008514,0.288637583002838,0.3,-0.041385,64.6545017659967,0.0,0.9998,,0.5834037016075826,True,bullish,False,0.0,False,False,bearish,2,range,0.3,84.0829346092504,falling,4,moderate,0.02772,0.02777,0.02703,3263166.0,0.027280953505171793,0.02701798668620321,0.026634819029864986,0.027155511649506595,0.02694778535482353,64.6545017659967,0.0002629668189685838,0.00027443869171715464,-1.1471872748570827e-05,-7.244833340837553e-05,28.65912749008514,28.216514847054068,13.631422306864504,0.00044780623304076174,0.026886566604222666,1,3263749.6500000004,,False,False,True,False,False,False,False,True,False,True
GRT_USDT_2d05b75b,GRT/USDT,1h,BUY,2026-05-26 06:00:00+00:00,backtest,TP,5.8671,5.6671,True,7.0,atr,0.02782,0.02945223,2.0,1.0,1.479,True,32.50742027563842,0.41691400918794724,0.41691400918794724,0.276124,72.82891209661734,-1.0,1.118,,1.0,True,bullish,False,0.0,False,False,bearish,2,trend,0.6251236712606403,92.63627669748166,rising,5,moderate,0.02834,0.02834,0.02754,3792325.0,0.027604280515474297,0.027201972467936538,0.026735501368331093,0.02739407494846695,0.02708816971473019,72.82891209661734,0.000402308047537759,0.00032405437521726866,7.825367232049032e-05,2.097769467973771e-05,32.50742027563842,36.60382694793131,10.592871076070914,0.0005440778233871877,0.026901552462943224,1,3392038.8000000003,,False,False,True,False,False,False,False,True,False,True
GRT_USDT_10b47d67,GRT/USDT,1h,BUY,2026-05-26 13:00:00+00:00,backtest,SL,-2.9335,-3.1335,False,4.0,bos,0.02903,0.0281784,1.0,1.0,2.4915,True,44.62345251104627,0.8207817503682089,0.8207817503682089,0.24289,73.6501667256292,-1.0,0.9041,,0.9480468945615048,True,bullish,False,0.0,False,False,bullish,1,trend,0.8270575418507711,97.29643765903307,rising,5,moderate,0.02937,0.02953,0.02866,3142436.0,0.02869395284154157,0.02799641940071062,0.027199094711696133,0.02850079651055345,0.02785906134078168,73.6501667256292,0.0006975334408309518,0.0006261965041777079,7.133693665324387e-05,5.120713392068102e-05,44.62345251104627,30.16850047359836,6.4673281095607384,0.0006330216741503437,0.0273689337881918,1,3475588.5999999996,,False,False,True,False,False,False,False,True,False,True
GRT_USDT_b2f96e6c,GRT/USDT,1h,BUY,2026-05-27 07:00:00+00:00,backtest,SL,-1.4065,-1.6065,False,3.0,structural,0.02844,0.02804,1.0,0.20350698307967782,0.2035,True,24.44272875259371,0.1480909584197903,-0.3,0.245167,62.5951430997069,0.0,1.208,,0.3486255025073163,True,bullish,False,0.0,False,False,bullish,1,range,0.3,93.07400379506642,falling,4,moderate,0.02866,0.02874,0.02828,4313322.0,0.02818097997165943,0.028123746184270833,0.02767247835672967,0.028044117106419263,0.028070120802697916,62.5951430997069,5.723378738859558e-05,-1.3031180177919776e-05,7.026496756651536e-05,2.2159967682524513e-05,24.44272875259371,26.001987376501962,17.286349813819054,0.0005564423449308847,0.02891027394541662,-1,3570754.4500000007,,True,False,True,False,False,False,False,False,True,True
GRT_USDT_9badaded,GRT/USDT,1h,BUY,2026-05-27 12:00:00+00:00,backtest,SL,-1.0,-1.2,False,1.0,structural,0.02823,0.0279477,1.0,0.24392332003447792,0.2439,True,22.90110052449398,0.09670335081646601,-0.3,0.065386,57.6790995092632,0.0,0.95,,0.4112176779850396,True,bullish,False,0.0,False,False,bearish,2,range,0.3,94.91632459741079,falling,4,moderate,0.02853,0.02888,0.02798,3195852.0,0.028249466889933444,0.02818072752374765,0.02777264754130922,0.02816931457277157,0.028145800276122415,57.6790995092632,6.873936618579518e-05,5.008471731886235e-05,1.8654648866932828e-05,-1.7243096236240518e-05,22.90110052449398,26.15429334940869,15.8738513997827,0.0005785984031512596,0.02891027394541662,-1,3364032.8000000007,,False,False,True,False,True,False,False,False,True,True
GRT_USDT_1ba266f7,GRT/USDT,1h,SELL,2026-06-02 14:00:00+00:00,backtest,TP,4.7987,4.5987,True,1.0,atr,0.02476,0.02357183,2.0,-0.9603018030997282,0.9603,True,25.143717830369802,0.17145726101232672,0.3,-0.065752,32.39263766288566,0.0,1.6845,,0.8474070274585503,False,,False,0.0,False,False,bearish,1,range,0.3,75.21883489284636,falling,5,moderate,0.02395,0.02486,0.02371,6612891.0,0.02453768413698536,0.024773319960191748,0.02522171076319191,0.02470559389040975,0.024855651956210926,32.39263766288566,-0.0002356358232063864,-0.00021988829478428613,-1.5747528422100276e-05,6.19564647720609e-05,25.143717830369802,15.332687950848,36.517863637311756,0.000396055456989523,0.02531124283624356,-1,3925649.9000000004,,False,False,False,True,False,True,True,False,True,True
GRT_USDT_4ffe899b,GRT/USDT,1h,SELL,2026-06-05 11:00:00+00:00,backtest,TP,7.4833,7.2833,True,129.0,atr,0.02023,0.01871613,2.0,-1.0,2.6751,True,42.49856432375219,0.749952144125073,0.749952144125073,-0.120435,32.6421970343294,0.0,1.8446,,0.957316838887026,False,,False,0.0,False,False,bearish,1,range,0.3,87.75872264931994,stable,5,moderate,0.0202,0.02041,0.02008,8047569.0,0.02059619488149512,0.021147160688234627,0.02211434706895549,0.020709393419065154,0.02124187675705809,32.6421970343294,-0.0005509658067395055,-0.000526637869545632,-2.432793719387349e-05,-1.800943704424068e-05,42.49856432375219,8.456674999815775,32.389595971991426,0.000504622525330676,0.02150597361007514,-1,4362879.6,,False,False,False,True,False,False,True,False,True,True
GRT_USDT_e3195d5c,GRT/USDT,1h,BUY,2026-06-12 00:00:00+00:00,backtest,SL,-1.0,-1.2,False,6.0,bos,0.01977,0.0195723,1.0,1.0,1.114,True,20.392035064573964,0.013067835485798795,0.3,0.189362,73.14278135341182,-1.0,1.0769,,0.5514004169176955,True,bullish,False,0.0,False,False,bullish,1,range,0.3,35.85758688895168,rising,5,moderate,0.01996,0.02001,0.01964,4662100.0,0.01965668043830605,0.01944012464362578,0.019381256032402448,0.019570017706393494,0.01938813710798836,73.14278135341182,0.00021655579468026973,0.00017875916108121812,3.7796633599051604e-05,2.2019754123441015e-05,20.392035064573964,25.395484822667118,11.610474399724731,0.00026107629616804555,0.0191695253424486,1,4329070.350000001,,False,False,True,False,False,False,False,True,False,True
GRT_USDT_cf1e55d6,GRT/USDT,1h,BUY,2026-06-12 08:00:00+00:00,backtest,TP,3.6478,3.4478,True,67.0,atr,0.0197,0.02041862,2.0,0.6140991700355992,0.6141,True,21.796622004408086,0.059887400146936186,0.3,-0.155941,57.487146330938714,0.0,0.9813,,0.19193910033055808,True,bullish,False,0.0,False,False,bullish,1,range,0.3,28.023681984775866,falling,4,moderate,0.01979,0.01982,0.01963,4176635.0,0.019735124358192746,0.019614670827436245,0.019480878421026714,0.019719445603390673,0.01959713791017987,57.487146330938714,0.00012045353075650078,0.00015131417346595492,-3.086064270945414e-05,-4.443680160987865e-05,21.796622004408086,19.549701926527284,14.751224418263332,0.00023954078489193617,0.01928640897464503,1,4256348.8,,False,False,True,False,False,False,False,True,False,True
