symbol,direction,regime,adx_value,signal_score,score_verdict,has_sweep,sweep_strength,has_bos,bos_type,has_ob,ob_valid,sl_source,result,pnl_pct,net_pnl_pct,win,rr,ema_strength,rsi_value,macd_hist_normalized,volume_ratio,created_at,entry_price,exit_price
BTC/USDT,SELL,expansion,45.4171185157879,5,moderate,False,0.0,False,,False,False,atr,SL,-1.0,-1.2,False,1.0,-0.6989928115035906,13.321314172324975,-0.223266,3.4604,2026-01-25 19:00:00+00:00,87250.0,88122.5
BTC/USDT,SELL,range,21.0687167423744,4,moderate,True,0.8,True,bullish,False,False,atr,TP,1.7685,1.5685,True,1.77,-0.4186414531103815,39.84205062386293,-0.037519,0.3227,2026-01-29 07:00:00+00:00,88286.9,86725.52968016
BTC/USDT,SELL,expansion,30.47772747918519,5,moderate,True,0.8,False,,False,False,atr,TP,2.2622,2.0622,True,2.0,-0.9314594727398053,14.160234106628579,-0.312196,8.1679,2026-01-29 15:00:00+00:00,85291.6,83362.09969209
BTC/USDT,SELL,trend,57.24730162232004,5,moderate,False,0.0,False,,False,False,atr,SL,-1.6701,-1.8701,False,1.0,-1.0,25.971626485129967,-0.104877,1.7404,2026-02-01 21:00:00+00:00,76709.5,77990.60483296
BTC/USDT,SELL,range,24.016480833691617,5,moderate,True,1.0,False,,False,False,structural,TP,3.5596,3.3596,True,3.51,-0.4229621489878368,34.1514542315093,-0.243647,3.1461,2026-02-03 16:00:00+00:00,77319.4,74567.1
BTC/USDT,SELL,expansion,30.319484392092903,5,moderate,True,1.0,False,,False,False,atr,SL,-1.9444,-2.1444,False,1.0,-1.0,19.90225194099084,-0.740559,4.0598,2026-02-03 18:00:00+00:00,74650.1,76101.60020778
BTC/USDT,SELL,expansion,56.488075330887234,5,moderate,False,0.0,False,,False,False,atr,TP,5.7875,5.5875,True,2.0,-1.0,20.195423919285542,-0.429912,1.6947,2026-02-05 17:00:00+00:00,67225.6,63334.89798021
BTC/USDT,SELL,range,24.239673520297202,4,moderate,True,0.8,True,bullish,False,False,structural,SL,-1.0,-1.2,False,1.0,-0.832796025139332,30.341186894117282,-0.263755,0.7973,2026-02-09 13:00:00+00:00,69208.4,69900.484
BTC/USDT,SELL,range,20.96276804632355,3,weak,True,0.6,False,,False,False,atr,SL,-1.5297,-1.7297,False,1.0,-0.5089178782585795,40.09779538600684,-0.153879,0.6901,2026-02-10 08:00:00+00:00,68800.6,69853.00847388
BTC/USDT,SELL,expansion,32.41634668637955,3,weak,False,0.0,False,,False,False,structural,TP,3.3173,3.1173,True,2.69,-0.9241751389756583,33.93857545324821,0.048275,4.2866,2026-02-11 14:00:00+00:00,68419.4,66149.73826706
BTC/USDT,SELL,range,20.27901666725158,4,moderate,True,0.8,True,bullish,False,False,atr,SL,-1.7026,-1.9026,False,1.0,-0.9431649819316059,38.40312955715792,-0.178358,0.4438,2026-02-12 21:00:00+00:00,65645.1,66762.75440659
BTC/USDT,SELL,range,34.240064339993566,3,weak,True,0.8,True,bullish,False,False,atr,SL,-1.0829,-1.2829,False,1.0,-0.5038497281338628,32.43907761724456,-0.006626,0.5359,2026-02-16 02:00:00+00:00,68539.7,69281.91446636
BTC/USDT,SELL,expansion,22.314625855921538,5,moderate,True,1.0,False,,False,False,structural,SL,-1.0952,-1.2952,False,1.0,-0.3544272057558586,33.99412774801866,-0.157932,2.7756,2026-02-16 15:00:00+00:00,68304.9,69053.0
BTC/USDT,SELL,expansion,26.139915659184478,5,moderate,False,0.0,False,,False,False,atr,SL,-1.0687,-1.2687,False,1.0,-0.9095926365475407,10.489375163275385,-0.432638,7.1154,2026-02-23 01:00:00+00:00,65443.7,66143.07014701
BTC/USDT,SELL,expansion,30.623090079355666,5,moderate,False,0.0,False,,False,False,atr,TP,2.7263,2.5263,True,2.0,-0.9110710294792403,16.337153814236196,-0.279896,4.0569,2026-02-28 06:00:00+00:00,65464.2,63679.42846775
BTC/USDT,SELL,range,46.15259304134712,5,moderate,False,0.0,False,,False,False,atr,SL,-1.1582,-1.3582,False,1.0,-1.0,22.082260907617986,-0.078536,2.4285,2026-03-19 12:00:00+00:00,69770.9,70578.96948683
BTC/USDT,SELL,compression,41.35086567848614,5,moderate,True,0.8,False,,False,False,atr,SL,-1.0,-1.2,False,1.0,-0.6231878006736541,21.958244618371733,-0.060073,3.0583,2026-03-22 21:00:00+00:00,67734.2,68411.542
BTC/USDT,SELL,trend,43.04431949462542,4,moderate,True,1.0,False,,False,False,structural,SL,-1.0005,-1.2005,False,1.0,-0.6182193162456326,31.28752878294737,-0.033882,0.7296,2026-03-22 23:00:00+00:00,68294.1,68977.4
BTC/USDT,SELL,range,30.026080084528168,5,moderate,False,0.0,False,,False,False,atr,TP,2.1349,1.9349,True,2.0,-0.5856510082628872,22.273419201283915,-0.053096,2.4318,2026-03-27 08:00:00+00:00,68433.0,66971.9930347
BTC/USDT,SELL,expansion,34.09096313750506,5,moderate,False,0.0,False,,False,False,atr,TP,2.4563,2.2563,True,2.0,-0.9917388408232801,11.717817317798723,-0.272621,3.2132,2026-03-27 10:00:00+00:00,67629.5,65968.29297379
BTC/USDT,SELL,expansion,44.6146537700394,5,moderate,False,0.0,False,,False,False,atr,SL,-1.2992,-1.4992,False,1.0,-1.0,14.632704815132781,-0.161151,1.6276,2026-03-27 15:00:00+00:00,66206.6,67066.76478307
BTC/USDT,SELL,range,22.249125361144863,4,moderate,True,0.8,False,,False,False,atr,SL,-1.212,-1.412,False,1.0,-0.8443772722165535,31.7131119697199,-0.263283,0.8648,2026-04-02 05:00:00+00:00,66348.7,67152.86571041
BTC/USDT,SELL,trend,25.05673278073514,5,moderate,True,0.8,True,bullish,False,False,atr,TP,1.7912,1.5912,True,1.79,-0.39090446805412793,24.210306211955192,-0.130634,4.0563,2026-04-27 15:00:00+00:00,77341.6,75956.27493092
BTC/USDT,SELL,range,24.67312051298406,4,moderate,True,0.8,True,bullish,False,False,atr,SL,-1.0,-1.2,False,1.0,-0.2371596517268474,27.64811144796898,-0.253369,1.0714,2026-04-29 16:00:00+00:00,75993.7,76753.637
BTC/USDT,SELL,range,20.90814573004046,4,moderate,True,0.8,False,,False,False,atr,SL,-1.0,-1.2,False,1.0,-0.5474945535488149,34.90425803556063,-0.10463,1.1906,2026-05-07 17:00:00+00:00,79850.4,80648.904
BTC/USDT,SELL,expansion,21.472833499608384,5,moderate,True,1.0,True,bullish,False,False,structural,TP,1.9807,1.7807,True,1.98,-0.5413718930050904,31.447504414791094,-0.259776,2.1777,2026-05-15 14:00:00+00:00,79218.2,77649.10194657
BTC/USDT,SELL,expansion,33.283440225931976,4,moderate,False,0.0,False,,False,False,atr,TP,1.5987,1.3987,True,1.6,-0.27817893587990855,41.42609742423511,0.074734,2.3645,2026-05-18 13:00:00+00:00,77452.4,76214.16621766
BTC/USDT,SELL,expansion,33.163316442934274,4,moderate,False,0.0,False,,False,False,atr,SL,-1.0,-1.2,False,1.0,-0.3789605428056988,33.277783341160045,-0.017122,3.1892,2026-05-18 14:00:00+00:00,76666.8,77433.468
BTC/USDT,SELL,trend,41.42540873715275,5,moderate,True,0.6,True,bullish,False,False,atr,TP,1.5752,1.3752,True,1.58,-0.5880157779986226,22.48806138558913,-0.12751,3.5197,2026-06-01 12:00:00+00:00,72028.9,70894.29898458
BTC/USDT,SELL,trend,69.48579892859955,5,moderate,False,0.0,False,,False,False,atr,TP,2.0093,1.8093,True,2.0,-1.0,18.977279488827207,-0.088896,2.3846,2026-06-02 12:00:00+00:00,69318.9,67926.08376954
BTC/USDT,SELL,trend,71.83759891139879,5,moderate,False,0.0,False,,False,False,atr,TP,2.2562,2.0562,True,2.0,-1.0,13.034431865818421,-0.18351,4.0539,2026-06-02 14:00:00+00:00,68559.8,67012.92376047
BTC/USDT,SELL,range,75.05148987171077,4,moderate,False,0.0,False,,False,False,atr,TP,3.0211,2.8211,True,2.0,-1.0,19.62180910297919,-0.002955,1.5786,2026-06-03 03:00:00+00:00,66492.6,64483.81299454
BTC/USDT,SELL,expansion,63.01689697799185,5,moderate,False,0.0,False,,False,False,atr,TP,3.1968,2.9968,True,2.0,-1.0,24.921918414426305,-0.223341,1.7522,2026-06-03 23:00:00+00:00,64570.6,62506.39400491
BTC/USDT,SELL,expansion,65.08573375866598,5,moderate,False,0.0,False,,False,False,atr,SL,-1.8743,-2.0743,False,1.0,-1.0,16.155766769104805,-0.513741,2.0679,2026-06-04 01:00:00+00:00,63098.5,64281.13370707
BTC/USDT,SELL,range,22.909173051319087,4,moderate,False,0.0,False,,False,False,structural,TP,2.0411,1.8411,True,2.04,-0.4137840321328933,40.420478345131045,0.032293,1.7423,2026-06-18 13:00:00+00:00,64365.0,63051.27715679
BTC/USDT,SELL,expansion,25.141721356622632,5,moderate,False,0.0,False,,False,False,atr,SL,-1.2463,-1.4463,False,1.0,-0.7695122613469987,22.23199735993308,-0.217107,4.1657,2026-06-18 15:00:00+00:00,63530.1,64321.85653189
ETH/USDT,SELL,trend,29.77983300297854,5,moderate,True,1.0,True,bullish,False,False,atr,TP,2.3133,2.1133,True,2.0,-0.7517307116384784,18.16566084627643,-0.534662,1.6346,2026-01-19 01:00:00+00:00,3215.02,3140.64762848
ETH/USDT,SELL,range,24.203215582953646,3,weak,True,1.0,False,,True,True,atr,SL,-1.7597,-1.9597,False,1.0,-0.584780453583104,42.21740793199505,-0.077036,0.844,2026-01-22 19:00:00+00:00,2941.84,2993.60666015
ETH/USDT,SELL,trend,67.55235164483324,5,moderate,False,0.0,False,,False,False,atr,TP,5.8401,5.6401,True,2.0,-1.0,22.65353379329214,-0.187478,2.9444,2026-02-01 15:00:00+00:00,2336.54,2200.08306952
ETH/USDT,SELL,trend,29.82037515763768,5,moderate,False,0.0,False,,False,False,structural,TP,6.6766,6.4766,True,3.27,-0.6638671854190629,35.236107949725735,-0.185814,2.4454,2026-02-03 14:00:00+00:00,2310.76,2156.48
ETH/USDT,SELL,expansion,43.88487348020719,5,moderate,False,0.0,False,,False,False,atr,TP,7.9107,7.7107,True,2.0,-1.0,17.587388196382847,-0.511352,3.949,2026-02-05 15:00:00+00:00,1995.68,1837.80771604
ETH/USDT,SELL,expansion,49.3390083243711,5,moderate,False,0.0,False,,False,False,atr,TP,9.0093,8.8093,True,2.0,-1.0,17.791406942426583,-0.670983,1.9356,2026-02-05 20:00:00+00:00,1921.17,1748.08666361
ETH/USDT,SELL,range,20.994187573057697,4,moderate,True,0.8,False,,False,False,atr,TP,4.5583,4.3583,True,2.0,-0.9905239894070255,27.226447848292892,-0.592265,0.9662,2026-02-10 07:00:00+00:00,2010.54,1918.89287815
ETH/USDT,SELL,expansion,32.10294052276456,5,moderate,False,0.0,False,,False,False,atr,TP,3.4615,3.2615,True,2.0,-1.0,18.485786093964823,-0.353463,2.0509,2026-02-15 17:00:00+00:00,2004.45,1935.06648966
ETH/USDT,SELL,expansion,29.955664691709114,3,weak,True,1.0,False,,True,True,structural,SL,-1.0,-1.2,False,1.0,-0.22560678756140062,44.25343848164901,0.145002,3.193,2026-02-16 13:00:00+00:00,2007.99,2028.0699
ETH/USDT,SELL,trend,25.244554396453804,5,moderate,False,0.0,False,,False,False,atr,TP,3.6741,3.4741,True,2.0,-1.0,20.644121528279626,-0.324541,1.9062,2026-02-27 16:00:00+00:00,1935.72,1864.59940574
ETH/USDT,SELL,expansion,41.20657365634192,5,moderate,False,0.0,False,,False,False,structural,TP,3.667,3.467,True,2.71,-1.0,13.589653617927125,-0.241248,4.3687,2026-02-28 06:00:00+00:00,1909.96,1839.92244801
ETH/USDT,SELL,expansion,22.87221514737344,5,moderate,False,0.0,False,,False,False,atr,SL,-1.9192,-2.1192,False,1.0,-1.0,16.39683225814414,-0.461885,2.1835,2026-03-06 15:00:00+00:00,1983.92,2021.99535663
ETH/USDT,SELL,compression,42.20281962910716,5,moderate,True,0.8,False,,False,False,atr,SL,-1.2568,-1.4568,False,1.0,-0.8897671142848387,20.34628195671927,-0.085043,3.1432,2026-03-22 21:00:00+00:00,2038.3,2063.91837055
ETH/USDT,SELL,trend,43.715615778242366,3,weak,True,1.0,False,,False,False,atr,SL,-1.3463,-1.5463,False,1.0,-0.8350348468782455,33.19002894588402,-0.012477,0.79,2026-03-22 23:00:00+00:00,2068.04,2095.88234501
ETH/USDT,SELL,range,23.172372241562876,5,moderate,False,0.0,False,,False,False,atr,TP,2.6599,2.4599,True,2.0,-0.9608004496361524,16.459891484589157,-0.303465,2.9149,2026-03-26 09:00:00+00:00,2117.99,2061.65349723
ETH/USDT,SELL,trend,28.65557169630844,4,moderate,True,1.0,True,bullish,False,False,atr,SL,-1.4767,-1.6767,False,1.0,-1.0,28.95150128915117,-0.168411,0.6588,2026-04-02 09:00:00+00:00,2042.73,2072.89461367
ETH/USDT,SELL,expansion,37.19198757607431,5,moderate,False,0.0,False,,False,False,atr,TP,2.2404,2.0404,True,2.0,-0.5256917365715923,25.529224729131634,-0.074383,1.8136,2026-04-19 17:00:00+00:00,2306.39,2254.71700773
ETH/USDT,SELL,trend,34.269377759345744,4,moderate,True,0.8,True,bullish,False,False,structural,SL,-1.0,-1.2,False,1.0,-0.7331825034153224,35.934508805005976,-0.053669,0.6798,2026-04-23 12:00:00+00:00,2331.02,2354.3302
ETH/USDT,SELL,trend,31.689129592963194,5,moderate,True,0.8,True,bullish,False,False,structural,SL,-1.1406,-1.3406,False,1.0,-0.7919507225330512,19.193083535045595,-0.201762,2.9917,2026-04-27 15:00:00+00:00,2293.51,2319.67
ETH/USDT,SELL,range,21.1055026206391,4,moderate,True,0.8,True,bullish,False,False,atr,TP,2.1418,1.9418,True,2.0,-0.5850093273667606,27.768262411798943,-0.108214,1.3379,2026-05-07 01:00:00+00:00,2328.02,2278.15838602
ETH/USDT,SELL,expansion,27.239734417850066,5,moderate,False,0.0,False,,False,False,atr,SL,-1.1225,-1.3225,False,1.0,-0.510101799068076,24.997612217178805,-0.335643,2.629,2026-05-13 15:00:00+00:00,2256.45,2281.7789588
ETH/USDT,SELL,expansion,28.310925863966993,5,moderate,False,0.0,False,,False,False,atr,SL,-1.1177,-1.3177,False,1.0,-0.6879769356843125,13.76413546128939,-0.389113,2.7663,2026-05-18 00:00:00+00:00,2119.64,2143.33030109
ETH/USDT,SELL,range,47.68502197791079,5,moderate,False,0.0,False,,False,False,atr,SL,-1.0758,-1.2758,False,1.0,-1.0,15.742757481765553,-0.09932,3.3528,2026-05-23 07:00:00+00:00,2059.75,2081.90917896
ETH/USDT,SELL,expansion,41.781238718953475,5,moderate,False,0.0,False,,False,False,atr,SL,-1.0849,-1.2849,False,1.0,-0.5861410828867809,31.88976763708944,-0.066983,1.5851,2026-06-01 14:00:00+00:00,1968.6,1989.95789523
ETH/USDT,SELL,expansion,49.52426317074872,5,moderate,False,0.0,False,,False,False,atr,TP,3.1059,2.9059,True,2.0,-1.0,22.87084901845766,-0.353536,1.5055,2026-06-02 16:00:00+00:00,1932.53,1872.50839461
ETH/USDT,SELL,expansion,60.74051258418555,5,moderate,False,0.0,False,,False,False,atr,TP,3.5759,3.3759,True,2.0,-1.0,13.499293038749547,-0.262277,1.6621,2026-06-02 22:00:00+00:00,1888.18,1820.66099025
ETH/USDT,SELL,trend,41.101830246977684,5,moderate,False,0.0,False,,False,False,atr,TP,4.6263,4.4263,True,2.0,-1.0,23.90713621591211,-0.350234,3.2806,2026-06-05 05:00:00+00:00,1731.84,1651.72047265
ETH/USDT,SELL,trend,50.88306216180414,5,moderate,False,0.0,False,,True,True,atr,TP,5.4447,5.2447,True,2.0,-1.0,22.867962658948784,-0.276074,2.0825,2026-06-05 13:00:00+00:00,1665.7,1575.0083695
ETH/USDT,SELL,trend,54.126518919179674,5,moderate,False,0.0,False,,True,True,atr,SL,-2.8914,-3.0914,False,1.0,-1.0,18.88175208220858,-0.45407,1.8274,2026-06-05 15:00:00+00:00,1583.21,1628.98725907
XRP/USDT,SELL,trend,33.95431238106253,5,moderate,False,0.0,False,,False,False,structural,SL,-1.0,-1.2,False,1.0,-0.6153252616037677,19.999760063364615,-0.115983,3.4307,2026-01-16 15:00:00+00:00,2.0608,2.081408
XRP/USDT,SELL,expansion,21.56892246539698,5,moderate,True,1.0,True,bullish,False,False,structural,TP,2.0088,1.8088,True,2.01,-0.4321402499253489,17.739359816408697,-0.246386,8.5503,2026-01-18 23:00:00+00:00,2.0416,2.00058804
XRP/USDT,SELL,expansion,25.99440008574255,5,moderate,True,1.0,True,bullish,True,True,atr,SL,-1.7951,-1.9951,False,1.0,-1.0,11.731072503466178,-0.579976,9.4555,2026-01-19 00:00:00+00:00,1.9262,1.96077698
XRP/USDT,SELL,trend,30.103772161777723,4,moderate,True,1.0,True,bullish,True,True,atr,SL,-1.7786,-1.9786,False,1.0,-1.0,17.01412159206099,-0.625246,1.1106,2026-01-19 01:00:00+00:00,1.9498,1.98447863
XRP/USDT,SELL,trend,29.86208107076848,4,moderate,True,1.0,False,,True,True,atr,SL,-1.2331,-1.4331,False,1.0,-0.3413747103810223,36.11589910841879,-0.153828,1.1327,2026-01-20 02:00:00+00:00,1.9628,1.98700285
XRP/USDT,SELL,expansion,29.22254367004952,5,moderate,False,0.0,False,,False,False,atr,TP,1.8208,1.6208,True,1.82,-0.6093499243120439,17.732111413254717,-0.204979,6.902,2026-01-25 16:00:00+00:00,1.8515,1.81778729
XRP/USDT,SELL,expansion,37.89679838465514,5,moderate,False,0.0,False,,False,False,atr,SL,-1.1751,-1.3751,False,1.0,-1.0,10.964081682948196,-0.406297,2.2265,2026-01-25 19:00:00+00:00,1.8306,1.85211108
XRP/USDT,SELL,trend,29.25835717743324,5,moderate,False,0.0,False,,False,False,structural,TP,2.3661,2.1661,True,2.37,-0.894738928930314,16.622883154206338,-0.19289,5.0566,2026-01-29 14:00:00+00:00,1.8728,1.82848825
XRP/USDT,SELL,expansion,32.466440990030094,5,moderate,False,0.0,False,,True,True,atr,SL,-1.3999,-1.5999,False,1.0,-1.0,12.752739791949317,-0.387618,5.9951,2026-01-29 15:00:00+00:00,1.8048,1.83006617
XRP/USDT,SELL,expansion,36.1530360158953,5,moderate,False,0.0,False,,True,True,atr,TP,3.0317,2.8317,True,2.0,-1.0,23.43655798444755,-0.295647,1.9493,2026-01-29 17:00:00+00:00,1.826,1.77064151
XRP/USDT,SELL,trend,50.77849826326608,5,moderate,False,0.0,False,,False,False,atr,TP,3.9045,3.7045,True,2.0,-0.9469202650464498,23.723101625161753,-0.200621,2.8471,2026-01-31 08:00:00+00:00,1.7153,1.64832628
XRP/USDT,SELL,trend,57.957257669451714,5,moderate,False,0.0,False,,False,False,atr,TP,4.3095,4.1095,True,2.0,-1.0,15.40081139567014,-0.421465,1.5051,2026-01-31 15:00:00+00:00,1.6489,1.57784124
XRP/USDT,SELL,trend,31.643341362020433,4,moderate,True,1.0,False,,True,True,atr,TP,5.4141,5.2141,True,2.0,-1.0,26.097886565346688,-0.232937,1.0614,2026-02-05 00:00:00+00:00,1.502,1.42068053
XRP/USDT,SELL,expansion,60.28046838666258,5,moderate,False,0.0,False,,True,True,atr,TP,8.1562,7.9562,True,2.0,-1.0,7.605889595804451,-0.581758,1.77,2026-02-05 16:00:00+00:00,1.2836,1.17890705
XRP/USDT,SELL,range,23.446562041129315,5,moderate,False,0.0,False,,False,False,atr,SL,-1.8087,-2.0087,False,1.0,-0.996693165844486,22.63605917841963,-0.294209,1.9466,2026-02-11 06:00:00+00:00,1.3618,1.38643096
XRP/USDT,SELL,expansion,26.75057515346376,3,weak,False,0.0,False,,False,False,structural,TP,3.8511,3.6511,True,3.02,-0.918323130194144,35.15433351906389,0.058914,3.5581,2026-02-11 14:00:00+00:00,1.4016,1.34762299
XRP/USDT,SELL,expansion,25.47686463517059,4,moderate,False,0.0,False,,False,False,atr,SL,-2.0407,-2.2407,False,1.0,-0.9997622115233211,31.774963465668144,-0.013632,2.7178,2026-02-11 15:00:00+00:00,1.353,1.38061075
XRP/USDT,SELL,range,23.45304586025636,5,moderate,False,0.0,False,,False,False,atr,SL,-1.6727,-1.8727,False,1.0,-0.8222803785763014,26.48959641663398,-0.184298,3.7292,2026-02-17 14:00:00+00:00,1.4547,1.47903297
XRP/USDT,SELL,expansion,38.38712046506555,5,moderate,False,0.0,False,,False,False,structural,TP,3.2901,3.0901,True,2.77,-1.0,13.916969252069341,-0.292515,4.8162,2026-02-28 06:00:00+00:00,1.3481,1.30374579
XRP/USDT,SELL,expansion,40.7458530448046,5,moderate,False,0.0,False,,False,False,atr,SL,-1.8392,-2.0392,False,1.0,-1.0,19.290793438449224,-0.381921,2.6262,2026-02-28 07:00:00+00:00,1.3119,1.33602874
XRP/USDT,SELL,compression,21.717401980240606,4,moderate,True,1.0,True,bullish,False,False,atr,SL,-1.1992,-1.3992,False,1.0,-0.20652853649825378,42.67532717154533,0.00623,3.4069,2026-03-08 22:00:00+00:00,1.3341,1.35009909
XRP/USDT,SELL,compression,21.3992529338921,5,moderate,True,1.0,False,,False,False,atr,TP,2.0473,1.8473,True,2.0,-0.8371080555749413,15.779237023372861,-0.204983,2.246,2026-03-26 09:00:00+00:00,1.3806,1.35233512
XRP/USDT,SELL,compression,30.71169731937323,5,moderate,True,1.0,False,,False,False,atr,SL,-1.1224,-1.3224,False,1.0,-1.0,19.699598020357353,-0.078709,2.4204,2026-03-26 15:00:00+00:00,1.3555,1.37071444
XRP/USDT,SELL,compression,26.35449169126002,5,moderate,True,0.8,True,bullish,False,False,atr,TP,1.5339,1.3339,True,1.53,-0.5239872580361338,22.95539373830753,-0.148197,2.7023,2026-04-27 13:00:00+00:00,1.4085,1.38689484
XRP/USDT,SELL,compression,30.50828683865246,5,moderate,True,0.8,True,bullish,False,False,atr,TP,1.8206,1.6206,True,1.82,-0.7418218459662484,18.54874541169289,-0.201353,6.3339,2026-04-27 15:00:00+00:00,1.3966,1.37117361
XRP/USDT,SELL,trend,29.572792220373643,4,moderate,True,1.0,True,bullish,False,False,atr,SL,-1.0536,-1.2536,False,1.0,-0.6365013487364263,28.33456041378502,-0.20701,1.4497,2026-04-29 18:00:00+00:00,1.3522,1.36644738
XRP/USDT,SELL,range,24.778339903820008,2,weak,True,1.0,True,bullish,False,False,atr,SL,-1.0409,-1.2409,False,1.0,-0.21541363621680504,39.763770004846364,0.012228,0.4051,2026-04-30 04:00:00+00:00,1.3677,1.38193623
XRP/USDT,SELL,range,22.521983381654042,4,moderate,True,0.8,False,,False,False,atr,TP,1.8585,1.6585,True,1.86,-0.47009545020903815,28.47904330712846,-0.120292,1.4798,2026-05-07 14:00:00+00:00,1.4027,1.37663054
XRP/USDT,SELL,expansion,22.246798754047205,5,moderate,False,0.0,False,,False,False,atr,SL,-1.2285,-1.4285,False,1.0,-0.570293643907635,25.482891040242215,-0.34416,2.0682,2026-05-13 15:00:00+00:00,1.4206,1.4380518
XRP/USDT,SELL,range,27.767474907217753,4,moderate,True,0.6,False,,False,False,structural,TP,2.8721,2.6721,True,2.87,-0.7984701692569818,36.052038236430256,-0.080306,0.8744,2026-05-15 19:00:00+00:00,1.4342,1.39300867
XRP/USDT,SELL,trend,41.18014817441846,5,moderate,False,0.0,False,,False,False,atr,TP,2.1449,1.9449,True,2.0,-0.889790567824239,21.192323331968005,-0.107399,3.1915,2026-06-01 13:00:00+00:00,1.2957,1.26790895
XRP/USDT,SELL,trend,43.00279169728503,5,moderate,False,0.0,False,,True,True,structural,TP,3.4055,3.2055,True,3.07,-0.6069092631903624,28.381363712487854,-0.210226,2.0145,2026-06-03 19:00:00+00:00,1.2176,1.17613522
SOL/USDT,SELL,expansion,25.612181897678685,5,moderate,False,0.0,False,,False,False,structural,SL,-1.0,-1.2,False,1.0,-0.2068603937163726,28.061836432100748,-0.116488,2.405,2026-01-16 15:00:00+00:00,143.369,144.80269
SOL/USDT,SELL,expansion,31.8525349285277,5,moderate,False,0.0,False,,False,False,atr,TP,1.9829,1.7829,True,1.98,-0.5029551962626283,17.880936323471275,-0.234783,5.315,2026-01-18 23:00:00+00:00,141.164,138.36484167
SOL/USDT,SELL,expansion,44.494312589552415,5,moderate,False,0.0,False,,True,True,atr,TP,2.2078,2.0078,True,2.0,-0.6597944340619715,23.555309515624337,-0.116247,2.5113,2026-01-20 06:00:00+00:00,132.507,129.5814519
SOL/USDT,SELL,expansion,46.56588493820117,5,moderate,False,0.0,False,,True,True,atr,TP,2.528,2.328,True,2.0,-1.0,16.07289186894643,-0.316553,3.7048,2026-01-20 08:00:00+00:00,129.616,126.33929782
SOL/USDT,SELL,expansion,54.278148936157024,5,moderate,False,0.0,False,,False,False,atr,TP,2.7345,2.5345,True,2.0,-1.0,18.552279602488284,-0.085222,1.5919,2026-01-20 16:00:00+00:00,128.296,124.78770788
SOL/USDT,SELL,expansion,28.189628355215543,5,moderate,False,0.0,False,,False,False,atr,TP,1.9773,1.7773,True,1.98,-0.6168119699819442,15.053161315065566,-0.303455,5.3025,2026-01-25 16:00:00+00:00,122.581,120.15720188
SOL/USDT,SELL,expansion,39.2010508489132,5,moderate,False,0.0,False,,False,False,atr,TP,2.9121,2.7121,True,2.0,-1.0,7.110668097052228,-0.692908,3.9069,2026-01-25 19:00:00+00:00,121.358,117.82397468
SOL/USDT,SELL,expansion,51.959703894580166,5,moderate,False,0.0,False,,False,False,atr,TP,3.6346,3.4346,True,2.0,-1.0,17.004169971888132,-0.481473,2.3431,2026-01-29 18:00:00+00:00,117.957,113.66971666
SOL/USDT,SELL,range,22.601484734128157,6,strong,True,1.0,False,,True,True,structural,SL,-1.2481,-1.4481,False,1.0,-0.4761182253600646,45.54255676461854,-0.172843,2.8661,2026-02-03 15:00:00+00:00,100.476,101.73
SOL/USDT,SELL,range,24.334677233110003,5,moderate,True,1.0,False,,True,True,structural,TP,5.3087,5.1087,True,3.0,-0.7008727780637948,36.52989870769522,-0.26814,1.9195,2026-02-03 16:00:00+00:00,101.249,95.874
SOL/USDT,SELL,trend,27.431039008822985,5,moderate,False,0.0,False,,False,False,atr,SL,-1.9807,-2.1807,False,1.0,-1.0,25.397692502493772,-0.21135,1.6363,2026-02-11 06:00:00+00:00,80.868,82.46971666
SOL/USDT,SELL,range,29.956109898743122,3,weak,False,0.0,False,,False,False,structural,TP,4.0414,3.8414,True,2.13,-1.0,29.047037661230338,-0.004885,2.9088,2026-02-11 14:00:00+00:00,82.776,79.43065259
SOL/USDT,SELL,range,21.625889351239152,4,moderate,True,1.0,True,bullish,False,False,atr,SL,-2.2682,-2.4682,False,1.0,-1.0,23.956075232520032,-0.509835,1.3638,2026-02-12 20:00:00+00:00,77.344,79.0983546
SOL/USDT,SELL,range,22.929052963461967,3,weak,True,1.0,True,bullish,False,False,atr,SL,-1.9098,-2.1098,False,1.0,-0.5770770640286191,42.89568527630117,0.143761,0.5215,2026-02-13 05:00:00+00:00,78.187,79.68023465
SOL/USDT,SELL,expansion,35.171471504771716,5,moderate,False,0.0,False,,False,False,atr,SL,-1.6601,-1.8601,False,1.0,-1.0,10.513131048838211,-0.614032,4.7429,2026-02-23 01:00:00+00:00,79.289,80.60529857
SOL/USDT,SELL,expansion,39.886808919829576,5,moderate,False,0.0,False,,False,False,structural,TP,4.0728,3.8728,True,3.18,-1.0,15.415785846653554,-0.295016,2.9711,2026-02-28 06:00:00+00:00,81.17,77.86412349
SOL/USDT,SELL,range,22.565012231927565,5,moderate,False,0.0,False,,False,False,atr,TP,3.6322,3.4322,True,2.0,-1.0,22.34399519540027,-0.244554,1.5643,2026-03-06 13:00:00+00:00,86.528,83.38516187
SOL/USDT,SELL,expansion,40.85362570070515,5,moderate,False,0.0,False,,False,False,atr,TP,3.2542,3.0542,True,2.0,-1.0,11.681739788224855,-0.272311,2.1583,2026-03-27 10:00:00+00:00,84.874,82.11202145
SOL/USDT,SELL,range,20.555929905470517,4,moderate,True,1.0,True,bullish,False,False,atr,TP,3.8413,3.6413,True,2.0,-0.6545122935958537,32.41510455232942,-0.413923,0.7339,2026-04-01 23:00:00+00:00,81.368,78.2424129
SOL/USDT,SELL,range,25.39411917725307,3,weak,True,1.0,True,bullish,True,True,atr,SL,-1.6668,-1.8668,False,1.0,-1.0,28.593729564052285,0.018742,0.8635,2026-04-02 11:00:00+00:00,78.58,79.88976862
SOL/USDT,SELL,compression,29.57073915635651,5,moderate,True,0.8,True,bullish,False,False,atr,TP,2.208,2.008,True,2.0,-0.7639840303756785,21.15958317325836,-0.135799,2.1573,2026-04-27 15:00:00+00:00,84.691,82.8210601
SOL/USDT,SELL,expansion,23.278226969498064,5,moderate,False,0.0,False,,False,False,atr,SL,-1.5524,-1.7524,False,1.0,-1.0,14.288772517301625,-0.529667,1.7629,2026-05-13 15:00:00+00:00,90.992,92.40458585
SOL/USDT,SELL,expansion,45.50445606816005,5,moderate,False,0.0,False,,False,False,atr,TP,2.4471,2.2471,True,2.0,-1.0,12.200521987934618,-0.262597,2.0824,2026-05-16 09:00:00+00:00,87.208,85.07389074
SOL/USDT,SELL,range,38.16407553365599,4,moderate,False,0.0,False,,False,False,atr,SL,-1.3018,-1.5018,False,1.0,-0.5651697409689014,34.58500979133122,-0.007206,1.7107,2026-05-18 14:00:00+00:00,84.374,85.4723755
SOL/USDT,SELL,expansion,37.69414446991178,5,moderate,False,0.0,False,,False,False,atr,TP,2.635,2.435,True,2.0,-1.0,16.454928229681062,-0.185111,2.559,2026-05-23 07:00:00+00:00,84.192,81.97357034
SOL/USDT,SELL,range,20.2295607046485,4,moderate,True,0.8,True,bullish,False,False,atr,TP,2.5344,2.3344,True,2.0,-0.6422047085586418,31.381555124665947,-0.141196,0.8864,2026-05-28 01:00:00+00:00,82.565,80.47250738
SOL/USDT,SELL,range,24.6408586105914,5,moderate,True,0.8,True,bullish,False,False,atr,SL,-1.3807,-1.5807,False,1.0,-0.9617437114393599,19.609503954347694,-0.263851,1.7288,2026-05-28 03:00:00+00:00,81.91,83.04093177
SOL/USDT,SELL,expansion,33.48986163000417,5,moderate,False,0.0,False,,False,False,atr,SL,-1.2534,-1.4534,False,1.0,-0.7733488359935154,25.15798215790054,-0.156446,2.6717,2026-06-01 13:00:00+00:00,80.263,81.26904187
SOL/USDT,SELL,trend,39.29576270023954,5,moderate,False,0.0,False,,False,False,atr,TP,2.7179,2.5179,True,2.0,-0.7022612144497017,30.914708016532636,-0.144067,1.5489,2026-06-02 09:00:00+00:00,79.275,77.12040186
SOL/USDT,SELL,trend,46.94686345598492,5,moderate,False,0.0,False,,False,False,atr,TP,2.9514,2.7514,True,2.0,-1.0,21.323747839489148,-0.208299,3.1309,2026-06-02 14:00:00+00:00,78.65,76.32871818
SOL/USDT,SELL,trend,55.11815297423172,5,moderate,False,0.0,False,,True,True,atr,TP,3.8391,3.6391,True,2.0,-0.9212922324515935,31.064779737697705,-0.075648,1.5262,2026-06-03 15:00:00+00:00,73.998,71.15717555
SOL/USDT,SELL,trend,55.86327027992694,5,moderate,False,0.0,False,,False,False,atr,TP,6.6928,6.4928,True,2.0,-1.0,34.582789888212886,-0.103861,1.6921,2026-06-05 15:00:00+00:00,64.397,60.08704945
SOL/USDT,SELL,expansion,22.89548873647899,5,moderate,False,0.0,False,,False,False,atr,SL,-1.9481,-2.1481,False,1.0,-1.0,22.290205252354856,-0.337557,3.5204,2026-06-18 15:00:00+00:00,70.606,71.98148234
DOGE/USDT,SELL,range,23.931662256347803,4,moderate,True,1.0,False,,False,False,atr,TP,3.4869,3.2869,True,2.0,-0.8952304787702102,26.433671240180022,-0.174583,0.9229,2026-01-15 17:00:00+00:00,0.14113,0.13620896
DOGE/USDT,SELL,trend,44.80297389303393,5,moderate,False,0.0,False,,False,False,atr,SL,-1.3362,-1.5362,False,1.0,-1.0,15.64025710138841,-0.149664,4.5639,2026-01-16 15:00:00+00:00,0.13789,0.13973244
DOGE/USDT,SELL,compression,19.960036835149417,3,weak,True,0.8,True,bullish,False,False,atr,TP,1.5075,1.3075,True,1.51,-0.22478662032196636,34.12939774781086,-0.017249,2.6414,2026-01-18 14:00:00+00:00,0.137,0.1349347
DOGE/USDT,SELL,trend,40.035183024321356,4,moderate,False,0.0,True,bearish,True,True,structural,TP,6.6583,6.4583,True,6.66,-0.4521586287428856,35.11041563265548,-0.060582,0.8095,2026-01-20 04:00:00+00:00,0.12781,0.1193
DOGE/USDT,SELL,range,21.025929244813792,4,moderate,True,1.0,False,,True,True,atr,TP,5.5244,5.3244,True,2.0,-1.0,36.40509480416049,-0.067581,0.9188,2026-02-04 21:00:00+00:00,0.10406,0.09831129
DOGE/USDT,SELL,expansion,43.17815016143105,5,moderate,False,0.0,False,,True,True,atr,TP,7.5965,7.3965,True,2.0,-1.0,10.629505629126143,-0.717133,1.5157,2026-02-05 17:00:00+00:00,0.09232,0.08530695
DOGE/USDT,SELL,expansion,42.10370412634196,5,moderate,False,0.0,False,,False,False,structural,TP,3.6543,3.4543,True,2.09,-1.0,22.878071045439786,-0.068912,3.8922,2026-02-11 14:00:00+00:00,0.09194,0.08858021
DOGE/USDT,SELL,expansion,38.62885939181641,5,moderate,False,0.0,False,,False,False,atr,SL,-1.9853,-2.1853,False,1.0,-1.0,22.30658021768235,-0.061115,1.5696,2026-02-11 16:00:00+00:00,0.09021,0.09200096
DOGE/USDT,SELL,range,24.402929218156533,4,moderate,True,1.0,False,,False,False,structural,SL,-1.1407,-1.3407,False,1.0,-0.28310684786795753,35.960002553431,-0.334401,0.7291,2026-02-12 20:00:00+00:00,0.09117,0.09221
DOGE/USDT,SELL,range,37.37333958674757,4,moderate,False,0.0,False,,False,False,structural,SL,-1.0843,-1.2843,False,1.0,-1.0,32.64242659339687,0.011334,3.1077,2026-02-16 13:00:00+00:00,0.10237,0.10348
DOGE/USDT,SELL,range,20.533136330647054,4,moderate,True,1.0,True,bullish,False,False,atr,SL,-1.6204,-1.8204,False,1.0,-0.7951352451151783,30.847741580544202,-0.083137,0.3422,2026-02-19 00:00:00+00:00,0.09821,0.09980136
DOGE/USDT,SELL,range,31.12679279022937,4,moderate,True,1.0,True,bearish,False,False,atr,TP,3.6563,3.4563,True,2.0,-0.37617739352389507,34.75129160878102,-0.315777,0.7195,2026-02-23 18:00:00+00:00,0.09396,0.09052452
DOGE/USDT,SELL,expansion,46.681556038419615,5,moderate,False,0.0,False,,False,False,atr,TP,3.5495,3.3495,True,2.0,-1.0,11.839371111335485,-0.335926,5.8134,2026-02-28 06:00:00+00:00,0.09216,0.0888888
DOGE/USDT,SELL,range,22.402932657294095,4,moderate,True,0.8,True,bullish,False,False,structural,SL,-1.0787,-1.2787,False,1.0,-0.24811379486944077,37.565574538223345,-0.257473,1.2215,2026-03-01 17:00:00+00:00,0.0927,0.0937
DOGE/USDT,SELL,range,20.82444671047744,3,weak,True,1.0,False,,False,False,atr,SL,-1.3708,-1.5708,False,1.0,-0.5297244409790014,39.13916085294302,0.077872,0.897,2026-04-02 17:00:00+00:00,0.09044,0.09167979
DOGE/USDT,SELL,trend,33.032455505679366,5,moderate,False,0.0,False,,False,False,atr,TP,2.7362,2.5362,True,2.0,-1.0,18.787223371118145,-0.121756,1.5647,2026-04-18 18:00:00+00:00,0.09534,0.09273127
DOGE/USDT,SELL,trend,26.868061087100223,5,moderate,True,1.0,True,bullish,False,False,atr,SL,-1.3779,-1.5779,False,1.0,-0.5281217926859803,30.245662974090138,-0.125788,1.8191,2026-04-19 22:00:00+00:00,0.09314,0.09442333
DOGE/USDT,SELL,range,20.89506739218925,5,moderate,True,1.0,True,bullish,False,False,atr,SL,-1.1615,-1.3615,False,1.0,-0.424653052684623,42.117439831294135,-0.062923,1.6826,2026-04-27 17:00:00+00:00,0.09758,0.09871338
DOGE/USDT,SELL,trend,32.09811824883506,5,moderate,False,0.0,False,,False,False,atr,SL,-1.5411,-1.7411,False,1.0,-1.0,20.611797516348833,-0.239113,1.7866,2026-05-16 09:00:00+00:00,0.10984,0.11153273
DOGE/USDT,SELL,expansion,31.789897901390688,5,moderate,False,0.0,False,,False,False,atr,TP,3.5933,3.3933,True,2.0,-1.0,18.60501149748877,-0.30445,2.1569,2026-05-18 06:00:00+00:00,0.10495,0.10117883
DOGE/USDT,SELL,expansion,30.49011634953381,5,moderate,True,1.0,True,bullish,False,False,atr,TP,3.0762,2.8762,True,2.0,-1.0,22.69678038480111,-0.371074,1.8543,2026-05-23 00:00:00+00:00,0.10155,0.09842615
DOGE/USDT,SELL,expansion,47.37223333274504,5,moderate,True,0.8,True,bullish,False,False,atr,SL,-1.6076,-1.8076,False,1.0,-1.0,15.562790229530624,-0.230555,3.5486,2026-05-23 07:00:00+00:00,0.10093,0.1025526
DOGE/USDT,SELL,range,21.024709528455823,4,moderate,True,0.8,True,bullish,False,False,atr,TP,2.6532,2.4532,True,2.0,-0.465973563664855,34.782990815521536,-0.114416,0.7276,2026-05-28 02:00:00+00:00,0.10053,0.09786274
DOGE/USDT,SELL,trend,26.40734146051298,5,moderate,True,0.8,True,bullish,False,False,atr,SL,-1.5367,-1.7367,False,1.0,-0.9470903637545587,21.45419350867923,-0.309996,1.885,2026-05-28 04:00:00+00:00,0.09791,0.09941456
DOGE/USDT,SELL,expansion,33.538687891044745,5,moderate,False,0.0,False,,False,False,atr,TP,2.9004,2.7004,True,2.0,-0.8285622327503344,21.643759659113396,-0.288481,5.2577,2026-06-02 14:00:00+00:00,0.09806,0.09521584
DOGE/USDT,SELL,expansion,54.15363543462623,5,moderate,False,0.0,False,,False,False,atr,TP,4.1581,3.9581,True,2.0,-1.0,16.684608080756064,-0.269382,2.1702,2026-06-02 22:00:00+00:00,0.09356,0.08966967
DOGE/USDT,SELL,expansion,53.86792311703615,5,moderate,False,0.0,False,,True,True,atr,TP,4.6412,4.4412,True,2.0,-1.0,24.465396115040484,-0.358701,2.6812,2026-06-04 01:00:00+00:00,0.09027,0.08608038
DOGE/USDT,SELL,trend,43.55704315512077,5,moderate,False,0.0,False,,False,False,atr,TP,4.8859,4.6859,True,2.0,-1.0,30.121457299427593,-0.243501,2.0444,2026-06-05 05:00:00+00:00,0.08632,0.08210248
DOGE/USDT,SELL,range,52.200510825877195,5,moderate,False,0.0,False,,False,False,atr,TP,5.7507,5.5507,True,2.0,-1.0,28.478266206156405,-0.182753,2.0601,2026-06-05 13:00:00+00:00,0.08411,0.07927312
DOGE/USDT,SELL,expansion,39.757735817574826,5,moderate,False,0.0,False,,False,False,atr,SL,-1.5261,-1.7261,False,1.0,-1.0,19.36389585433174,-0.271871,3.8683,2026-06-18 15:00:00+00:00,0.08356,0.08483523
AVAX/USDT,SELL,expansion,30.88506779827018,5,moderate,False,0.0,False,,False,False,structural,SL,-1.0,-1.2,False,1.0,-0.5542397085454098,35.20344943149767,-0.068844,1.7436,2026-01-21 16:00:00+00:00,12.317,12.44017
AVAX/USDT,SELL,range,21.015232959465425,4,moderate,True,1.0,True,bullish,False,False,atr,SL,-1.6617,-1.8617,False,1.0,-0.6802073563176044,32.3327015132868,-0.192038,1.4322,2026-01-22 18:00:00+00:00,12.147,12.34884181
AVAX/USDT,SELL,expansion,36.78553854555585,5,moderate,False,0.0,False,,False,False,atr,TP,2.4072,2.2072,True,2.0,-0.6634270272091017,22.10979925458292,-0.199202,2.7511,2026-01-25 16:00:00+00:00,11.671,11.39005488
AVAX/USDT,SELL,expansion,43.43619618314666,5,moderate,False,0.0,False,,False,False,atr,SL,-1.534,-1.734,False,1.0,-1.0,11.747538020326575,-0.502143,2.0692,2026-01-25 19:00:00+00:00,11.497,11.67336178
AVAX/USDT,SELL,range,24.788643654352306,5,moderate,False,0.0,False,,False,False,atr,TP,2.6465,2.4465,True,2.0,-0.9128651685970589,22.98058617534738,-0.101465,1.521,2026-01-29 11:00:00+00:00,11.685,11.37575248
AVAX/USDT,SELL,expansion,30.766855377880454,5,moderate,False,0.0,False,,False,False,atr,TP,3.2947,3.0947,True,2.0,-1.0,12.2989283768419,-0.42667,3.1817,2026-01-29 14:00:00+00:00,11.574,11.19267391
AVAX/USDT,SELL,expansion,40.02990436935378,5,moderate,False,0.0,False,,True,True,atr,TP,3.9954,3.7954,True,2.0,-1.0,9.004443527508137,-0.573918,1.5684,2026-01-29 18:00:00+00:00,11.004,10.56434721
AVAX/USDT,SELL,expansion,25.49130717227287,4,moderate,True,1.0,False,,False,False,atr,SL,-2.1701,-2.3701,False,1.0,-0.5862058756705665,33.72467574158702,-0.353758,1.4382,2026-02-03 17:00:00+00:00,9.846,10.05966512
AVAX/USDT,SELL,expansion,37.58942565268262,5,moderate,False,0.0,False,,False,False,atr,TP,6.6564,6.4564,True,2.0,-1.0,11.769764147748107,-0.502554,3.7073,2026-02-05 15:00:00+00:00,8.895,8.30291552
AVAX/USDT,SELL,expansion,45.103778339261005,5,moderate,False,0.0,False,,False,False,structural,TP,8.0448,7.8448,True,2.63,-1.0,15.748954670151415,-0.691557,2.039,2026-02-05 20:00:00+00:00,8.653,7.95688072
AVAX/USDT,SELL,expansion,40.03245249933144,5,moderate,False,0.0,False,,False,False,atr,SL,-1.5568,-1.7568,False,1.0,-1.0,12.842156485891302,-0.405355,2.9477,2026-02-23 01:00:00+00:00,8.511,8.64349779
AVAX/USDT,SELL,trend,30.51807760004951,4,moderate,False,0.0,True,bearish,False,False,atr,SL,-1.8953,-2.0953,False,1.0,-0.9148442339586563,32.86087418143005,-0.202637,0.8659,2026-02-23 18:00:00+00:00,8.438,8.59792766
AVAX/USDT,SELL,expansion,37.752286724232,5,moderate,False,0.0,False,,False,False,structural,TP,3.3636,3.1636,True,2.27,-1.0,14.917719880357412,-0.263813,2.3954,2026-02-28 06:00:00+00:00,8.837,8.53975494
AVAX/USDT,SELL,range,33.19110781186591,3,weak,False,0.0,True,bearish,False,False,atr,TP,2.7847,2.5847,True,2.0,-1.0,34.96696993025479,0.076263,0.9469,2026-03-19 10:00:00+00:00,9.591,9.32392358
AVAX/USDT,SELL,expansion,41.09446221149271,5,moderate,False,0.0,False,,False,False,atr,TP,2.9278,2.7278,True,2.0,-1.0,11.791188455835346,-0.29818,1.9276,2026-03-27 10:00:00+00:00,8.932,8.67048645
AVAX/USDT,SELL,trend,39.17266182381341,4,moderate,True,1.0,True,bullish,False,False,atr,SL,-1.7497,-1.9497,False,1.0,-1.0,16.26499994369079,-0.696678,0.9106,2026-04-07 03:00:00+00:00,8.644,8.79524782
AVAX/USDT,SELL,trend,38.091524466197306,5,moderate,False,0.0,False,,False,False,atr,SL,-1.3808,-1.5808,False,1.0,-0.8531500284529864,22.312467279636774,-0.176475,1.5974,2026-04-19 22:00:00+00:00,9.041,9.16584155
AVAX/USDT,SELL,compression,28.040024629272583,4,moderate,True,0.8,False,,False,False,structural,SL,-1.0,-1.2,False,1.0,-0.2626760899343054,44.251553059140484,0.121147,2.1851,2026-04-28 02:00:00+00:00,9.249,9.34149
AVAX/USDT,SELL,trend,29.744149265678118,4,moderate,False,0.0,False,,False,False,atr,SL,-1.2291,-1.4291,False,1.0,-0.4565114174851466,40.825242683083715,-0.007726,2.3774,2026-05-14 11:00:00+00:00,9.69,9.80910223
AVAX/USDT,SELL,expansion,23.066543166406802,5,moderate,True,0.8,True,bullish,False,False,atr,SL,-1.1986,-1.3986,False,1.0,-0.28838054314766376,31.30113142772073,-0.103812,1.8664,2026-05-17 23:00:00+00:00,9.22,9.33050795
AVAX/USDT,SELL,range,32.765825195033955,4,moderate,False,0.0,False,,False,False,atr,SL,-1.4872,-1.6872,False,1.0,-1.0,33.385608402804166,-0.000798,1.5794,2026-05-28 10:00:00+00:00,8.866,8.99785114
AVAX/USDT,SELL,range,21.18754489088785,2,weak,True,0.8,False,,True,True,structural,SL,-1.0,-1.2,False,1.0,-0.2202761700732932,44.089461067480116,-0.016206,0.7547,2026-05-29 19:00:00+00:00,8.807,8.89507
AVAX/USDT,SELL,trend,36.75434906553412,5,moderate,False,0.0,False,,False,False,atr,TP,3.4527,3.2527,True,2.0,-1.0,23.578159444059374,-0.242454,1.8866,2026-06-02 14:00:00+00:00,8.662,8.36292762
AVAX/USDT,SELL,trend,49.58890860898672,5,moderate,False,0.0,False,,False,False,atr,TP,4.4676,4.2676,True,2.0,-1.0,26.99460931455117,-0.296632,1.6577,2026-06-03 20:00:00+00:00,8.084,7.722843
AVAX/USDT,SELL,trend,54.34177700051373,5,moderate,False,0.0,False,,False,False,atr,SL,-4.6375,-4.8375,False,1.0,-1.0,26.642126702808856,-0.547649,1.6448,2026-06-06 04:00:00+00:00,6.371,6.66645655
AVAX/USDT,SELL,expansion,33.7155827176618,5,moderate,False,0.0,False,,False,False,atr,TP,4.4774,4.2774,True,2.0,-1.0,15.420004298284617,-0.50628,2.0061,2026-06-18 15:00:00+00:00,6.533,6.24049236
AVAX/USDT,SELL,range,47.0603906574924,4,moderate,False,0.0,False,,False,False,atr,TP,4.1339,3.9339,True,2.0,-1.0,30.455902944921494,0.095612,1.8876,2026-06-19 17:00:00+00:00,6.092,5.84016094
LINK/USDT,SELL,trend,40.858295622050896,5,moderate,False,0.0,False,,True,True,atr,TP,3.1666,2.9666,True,2.58,-0.5875963978799428,27.526660887668875,-0.102313,2.9712,2026-01-20 06:00:00+00:00,12.758,12.354
LINK/USDT,SELL,expansion,50.702722649762855,5,moderate,False,0.0,False,,False,False,atr,TP,2.792,2.592,True,2.0,-1.0,23.13602017505117,-0.102935,1.8478,2026-01-20 16:00:00+00:00,12.419,12.0722574
LINK/USDT,SELL,range,36.77345787487279,3,weak,False,0.0,True,bearish,False,False,atr,SL,-1.254,-1.454,False,1.0,-0.40612631533445975,41.225021151006445,0.048925,0.2728,2026-01-21 10:00:00+00:00,12.3,12.45424437
LINK/USDT,SELL,expansion,32.52075307780436,5,moderate,False,0.0,True,bearish,False,False,structural,TP,3.6869,3.4869,True,3.69,-0.4965067456684988,33.84502205096478,-0.073897,2.4355,2026-01-21 16:00:00+00:00,12.356,11.90044165
LINK/USDT,SELL,expansion,42.18809920052505,5,moderate,False,0.0,False,,False,False,atr,TP,2.3587,2.1587,True,2.0,-1.0,11.311528401509358,-0.374663,2.7272,2026-01-25 18:00:00+00:00,11.697,11.42110261
LINK/USDT,SELL,expansion,45.212523059845076,5,moderate,False,0.0,False,,False,False,atr,SL,-1.3466,-1.5466,False,1.0,-1.0,8.149201519468807,-0.514267,2.161,2026-01-25 19:00:00+00:00,11.605,11.76127379
LINK/USDT,SELL,expansion,32.45842275002161,5,moderate,False,0.0,False,,False,False,atr,TP,2.7646,2.5646,True,2.0,-1.0,14.452012241395632,-0.209604,4.0622,2026-01-29 14:00:00+00:00,11.579,11.25888388
LINK/USDT,SELL,expansion,39.81795172779286,5,moderate,False,0.0,False,,True,True,atr,TP,3.4973,3.2973,True,2.0,-1.0,14.771163908675396,-0.426722,1.8575,2026-01-29 17:00:00+00:00,11.146,10.75618837
LINK/USDT,SELL,trend,59.051729271490956,5,moderate,False,0.0,False,,False,False,atr,SL,-2.6243,-2.8243,False,1.0,-1.0,22.513830151918427,-0.274227,2.5731,2026-02-01 15:00:00+00:00,9.61,9.86219937
LINK/USDT,SELL,range,24.555209791932914,3,weak,True,1.0,False,,True,True,structural,TP,6.0197,5.8197,True,4.05,-1.0,41.036856901349445,0.022912,0.3226,2026-02-05 00:00:00+00:00,9.212,8.65746329
LINK/USDT,SELL,expansion,35.62859456988669,5,moderate,False,0.0,False,,False,False,atr,TP,7.3534,7.1534,True,2.0,-1.0,16.56351797979979,-0.518959,4.0371,2026-02-05 15:00:00+00:00,8.571,7.94073593
LINK/USDT,SELL,expansion,44.33267772484437,5,moderate,False,0.0,False,,False,False,atr,TP,8.612,8.412,True,2.0,-1.0,15.78932262309198,-0.775044,2.708,2026-02-05 20:00:00+00:00,8.233,7.52397574
LINK/USDT,SELL,expansion,30.54859539621716,3,weak,False,0.0,False,,False,False,structural,TP,3.7345,3.5345,True,3.73,-1.0,33.42820851947839,0.047098,4.1426,2026-02-11 14:00:00+00:00,8.53,8.21144738
LINK/USDT,SELL,expansion,27.123819341275098,3,weak,False,0.0,False,,False,False,atr,SL,-2.0948,-2.2948,False,1.0,-1.0,28.472115795874586,-0.027043,1.6842,2026-02-11 16:00:00+00:00,8.34,8.51470508
LINK/USDT,SELL,range,21.288329246386965,4,moderate,True,1.0,False,,False,False,atr,SL,-2.0297,-2.2297,False,1.0,-0.3805223758674943,34.64952128054495,-0.475504,1.3671,2026-02-12 17:00:00+00:00,8.211,8.37766033
LINK/USDT,SELL,range,20.761359383087072,4,moderate,True,1.0,False,,False,False,atr,SL,-2.0692,-2.2692,False,1.0,-0.5320885891242698,42.43608178213845,-0.282841,1.254,2026-02-12 19:00:00+00:00,8.279,8.45030661
LINK/USDT,SELL,compression,20.26771330814939,5,moderate,True,1.0,True,bullish,False,False,atr,TP,2.0448,1.8448,True,2.0,-0.5774585258812306,27.21221848336708,-0.120512,2.2959,2026-02-22 15:00:00+00:00,8.708,8.52993494
LINK/USDT,SELL,expansion,30.164284049600603,5,moderate,False,0.0,False,,False,False,atr,SL,-1.5488,-1.7488,False,1.0,-1.0,12.51144538551891,-0.448672,6.4786,2026-02-23 01:00:00+00:00,8.318,8.44682823
LINK/USDT,SELL,trend,25.861934972063995,4,moderate,False,0.0,True,bearish,False,False,atr,SL,-1.7989,-1.9989,False,1.0,-0.8059191655660507,32.86655846599651,-0.163496,0.6371,2026-02-23 18:00:00+00:00,8.295,8.44422285
LINK/USDT,SELL,expansion,33.666315412006526,5,moderate,False,0.0,False,,False,False,structural,TP,3.684,3.484,True,2.35,-1.0,14.657252809114581,-0.311433,3.8623,2026-02-28 06:00:00+00:00,8.609,8.2918447
LINK/USDT,SELL,expansion,23.100221250936883,5,moderate,False,0.0,False,,False,False,atr,TP,3.5274,3.3274,True,2.0,-1.0,15.163572215411254,-0.695506,2.5317,2026-03-18 14:00:00+00:00,9.326,8.99703831
LINK/USDT,SELL,expansion,28.050246737210244,5,moderate,False,0.0,True,bearish,False,False,bos,TP,2.8285,2.6285,True,2.83,-1.0,15.053948493336392,-0.294983,3.1439,2026-03-27 10:00:00+00:00,8.768,8.51999685
LINK/USDT,SELL,trend,33.284510242770224,4,moderate,True,1.0,False,,False,False,atr,SL,-1.6615,-1.8615,False,1.0,-1.0,27.485700720968588,-0.40684,0.683,2026-04-02 06:00:00+00:00,8.529,8.67071164
LINK/USDT,SELL,expansion,24.93109045366305,5,moderate,True,1.0,True,bullish,False,False,atr,SL,-1.355,-1.555,False,1.0,-0.7254039572861425,28.63921744426692,-0.284198,1.9471,2026-04-29 18:00:00+00:00,8.961,9.08241744
LINK/USDT,SELL,range,26.78900888614768,3,weak,True,1.0,True,bullish,False,False,atr,SL,-1.2219,-1.4219,False,1.0,-0.43825752663722467,41.251645970225944,0.091035,0.2525,2026-04-30 02:00:00+00:00,9.165,9.27698887
LINK/USDT,SELL,trend,35.22514302885226,5,moderate,False,0.0,False,,False,False,atr,TP,2.371,2.171,True,2.0,-0.894476069501216,22.102823593375557,-0.105495,2.1924,2026-05-16 06:00:00+00:00,9.913,9.67796652
LINK/USDT,SELL,trend,41.968612845939425,5,moderate,False,0.0,False,,False,False,atr,TP,2.6336,2.4336,True,2.0,-1.0,13.356065329108223,-0.278937,1.8513,2026-05-16 09:00:00+00:00,9.767,9.50977203
LINK/USDT,SELL,expansion,20.154155938561832,5,moderate,True,1.0,True,bullish,False,False,structural,TP,2.6458,2.4458,True,2.28,-0.35709181970065373,28.18241796867965,-0.147361,2.8347,2026-05-17 23:00:00+00:00,9.664,9.40830964
LINK/USDT,SELL,trend,37.60310662693658,4,moderate,True,1.0,False,,False,False,atr,SL,-1.2251,-1.4251,False,1.0,-0.946053764741942,23.293166274900013,-0.069046,1.1147,2026-05-18 10:00:00+00:00,9.416,9.53135248
LINK/USDT,SELL,range,34.08751333790805,4,moderate,True,1.0,False,,False,False,atr,SL,-1.3723,-1.5723,False,1.0,-0.5865046028187455,42.50175233130778,0.124992,1.6399,2026-05-18 13:00:00+00:00,9.547,9.67801819
LINK/USDT,SELL,trend,28.94889545646592,4,moderate,True,0.8,True,bullish,False,False,atr,TP,3.4263,3.2263,True,2.0,-1.0,27.605947707208937,-0.343753,0.7313,2026-05-22 23:00:00+00:00,9.542,9.21506319
LINK/USDT,SELL,trend,41.85836427299405,5,moderate,True,0.8,False,,False,False,atr,SL,-1.5672,-1.7672,False,1.0,-1.0,14.84451254430501,-0.218249,2.2891,2026-05-23 07:00:00+00:00,9.301,9.44676465
LINK/USDT,SELL,range,24.59322200845113,4,moderate,False,0.0,False,,False,False,atr,SL,-1.3037,-1.5037,False,1.0,-0.37290942109295727,42.55883464691407,0.017896,2.257,2026-05-25 01:00:00+00:00,9.449,9.57218758
LINK/USDT,SELL,range,43.01776634366051,5,moderate,False,0.0,False,,False,False,atr,TP,3.8633,3.6633,True,2.0,-0.4458490999233787,36.42007710580457,-0.043338,1.8336,2026-06-03 15:00:00+00:00,8.454,8.12739933
LINK/USDT,SELL,trend,45.91624706766241,5,moderate,False,0.0,False,,False,False,atr,SL,-2.2282,-2.4282,False,1.0,-1.0,25.735218245214426,-0.330173,2.3773,2026-06-03 20:00:00+00:00,8.263,8.44711891
LINK/USDT,SELL,trend,39.07048261523013,5,moderate,False,0.0,False,,False,False,atr,TP,5.386,5.186,True,2.0,-1.0,28.937745533188007,-0.292943,1.8143,2026-06-05 05:00:00+00:00,7.821,7.39976006
LINK/USDT,SELL,range,49.30414024944392,5,moderate,False,0.0,False,,False,False,atr,TP,6.2924,6.0924,True,2.0,-1.0,29.41780848474098,-0.177594,1.5513,2026-06-05 13:00:00+00:00,7.598,7.1199064
LINK/USDT,SELL,compression,20.744693500138247,5,moderate,True,0.8,True,bullish,False,False,atr,SL,-1.0,-1.2,False,1.0,-0.5501416379837387,26.160902067615265,-0.082154,2.0457,2026-06-14 18:00:00+00:00,7.827,7.90527
LINK/USDT,SELL,range,24.297205133579162,5,moderate,False,0.0,False,,False,False,atr,SL,-1.8108,-2.0108,False,1.0,-0.8942480129081508,30.952946294448378,-0.117011,3.679,2026-06-18 04:00:00+00:00,7.965,8.10923091
ADA/USDT,SELL,trend,36.07582989851895,5,moderate,False,0.0,False,,False,False,structural,SL,-1.051,-1.251,False,1.0,-0.8773066694342397,20.975457170773144,-0.173248,5.2889,2026-01-16 15:00:00+00:00,0.3901,0.3942
ADA/USDT,SELL,range,31.394558010944166,3,weak,False,0.0,True,bearish,True,True,structural,SL,-1.0,-1.2,False,1.0,-0.4162768754049078,44.93365475843747,0.091596,0.5958,2026-01-20 00:00:00+00:00,0.3695,0.373195
ADA/USDT,SELL,expansion,38.98560403198951,5,moderate,False,0.0,False,,False,False,atr,TP,3.9436,3.7436,True,2.0,-1.0,18.0835404634126,-0.419964,2.0013,2026-01-29 18:00:00+00:00,0.3341,0.32092445
ADA/USDT,SELL,range,20.747161161311443,4,moderate,True,1.0,False,,True,True,atr,TP,6.2644,6.0644,True,2.0,-1.0,41.28463329587608,-0.071571,0.8018,2026-02-04 23:00:00+00:00,0.2843,0.26649028
ADA/USDT,SELL,expansion,36.12820601077564,5,moderate,False,0.0,False,,False,False,atr,TP,7.3044,7.1044,True,2.0,-1.0,17.36779128082846,-0.39199,3.0838,2026-02-05 15:00:00+00:00,0.2638,0.2445309
ADA/USDT,SELL,expansion,44.358305506417985,5,moderate,False,0.0,False,,True,True,atr,TP,8.4598,8.2598,True,2.0,-1.0,15.758758355149464,-0.653129,2.3755,2026-02-05 20:00:00+00:00,0.2534,0.23196284
ADA/USDT,SELL,expansion,26.557261547732445,4,moderate,False,0.0,False,,False,False,atr,SL,-1.9645,-2.1645,False,1.0,-1.0,28.92559045402532,-0.034857,1.6289,2026-02-11 16:00:00+00:00,0.2564,0.26143707
ADA/USDT,SELL,range,22.740715486341013,4,moderate,True,1.0,False,,False,False,atr,SL,-1.7154,-1.9154,False,1.0,-0.8456424338846998,32.504006728322814,-0.070273,1.2101,2026-02-19 17:00:00+00:00,0.2706,0.27524177
ADA/USDT,SELL,trend,28.430689346713596,4,moderate,False,0.0,True,bearish,False,False,atr,TP,3.7264,3.5264,True,2.0,-0.49767145301425203,36.59634672615664,-0.260941,0.5953,2026-02-23 18:00:00+00:00,0.264,0.25416218
ADA/USDT,SELL,trend,27.220668343511516,4,moderate,True,0.8,True,bullish,False,False,atr,SL,-2.0009,-2.2009,False,1.0,-1.0,19.0490220246841,-0.664525,1.2177,2026-03-18 15:00:00+00:00,0.2709,0.27632049
ADA/USDT,SELL,range,23.62209819761747,3,weak,True,0.8,True,bullish,False,False,atr,TP,3.1562,2.9562,True,2.0,-1.0,37.46415750261748,0.166856,0.2782,2026-03-19 04:00:00+00:00,0.2732,0.26457728
ADA/USDT,SELL,range,24.077877919254473,5,moderate,False,0.0,False,,False,False,atr,SL,-1.5896,-1.7896,False,1.0,-1.0,27.50180922035366,-0.093089,2.542,2026-03-19 12:00:00+00:00,0.2682,0.27246336
ADA/USDT,SELL,range,21.328757960029794,4,moderate,True,1.0,False,,False,False,atr,SL,-1.979,-2.179,False,1.0,-1.0,26.21944134904955,-0.594801,1.3418,2026-04-02 04:00:00+00:00,0.2382,0.24291389
ADA/USDT,SELL,range,24.60235408289091,4,moderate,True,1.0,True,bullish,False,False,structural,SL,-1.0548,-1.2548,False,1.0,-0.3520972866637272,28.18991163969586,-0.207945,0.1676,2026-04-21 19:00:00+00:00,0.2465,0.2491
ADA/USDT,SELL,expansion,22.561247610269383,5,moderate,False,0.0,False,,False,False,atr,SL,-1.5218,-1.7218,False,1.0,-0.5677168128754673,28.19354953172073,-0.333714,1.9479,2026-05-13 13:00:00+00:00,0.2685,0.27258591
ADA/USDT,SELL,trend,36.118692521256804,5,moderate,False,0.0,False,,False,False,atr,SL,-1.3287,-1.5287,False,1.0,-1.0,18.26720486049357,-0.209841,8.2513,2026-05-16 09:00:00+00:00,0.2544,0.25778014
ADA/USDT,SELL,expansion,22.55454368659356,5,moderate,True,0.8,True,bullish,False,False,atr,TP,2.4506,2.2506,True,2.0,-0.264741283030299,31.608729452252412,-0.094871,4.9556,2026-05-17 23:00:00+00:00,0.2534,0.24719011
ADA/USDT,SELL,trend,37.120035378494514,4,moderate,True,0.8,False,,False,False,atr,SL,-1.3931,-1.5931,False,1.0,-0.7073136872238249,28.03711942826306,-0.101247,1.1886,2026-05-18 06:00:00+00:00,0.2493,0.25277298
ADA/USDT,SELL,range,22.04483290025046,4,moderate,True,0.8,False,,False,False,atr,SL,-1.296,-1.496,False,1.0,-0.2522436864510524,36.91067503279405,-0.120841,0.0744,2026-05-19 14:00:00+00:00,0.2489,0.25212581
ADA/USDT,SELL,range,20.448424962999617,4,moderate,True,0.8,True,bullish,False,False,atr,TP,2.9131,2.7131,True,2.0,-0.694612871275649,32.17767151035481,-0.281778,0.6118,2026-05-22 20:00:00+00:00,0.2453,0.2381541
ADA/USDT,SELL,trend,47.560820322747446,5,moderate,False,0.0,False,,False,False,atr,TP,3.9392,3.7392,True,2.0,-0.5657393144649995,34.994786617942275,-0.093429,1.5704,2026-06-03 15:00:00+00:00,0.2134,0.20499372
ADA/USDT,SELL,trend,49.98023526582782,5,moderate,False,0.0,False,,False,False,atr,TP,4.4374,4.2374,True,2.0,-1.0,21.003508913816905,-0.422116,2.4827,2026-06-03 19:00:00+00:00,0.208,0.19877015
ADA/USDT,SELL,expansion,55.148962282666105,5,moderate,False,0.0,False,,False,False,atr,TP,5.198,4.998,True,2.0,-1.0,21.102714856806546,-0.449223,2.8366,2026-06-04 00:00:00+00:00,0.201,0.19055194
ADA/USDT,SELL,trend,54.51158084782935,5,moderate,False,0.0,False,,False,False,atr,TP,6.9119,6.7119,True,2.0,-1.0,18.80100472837971,-0.401041,1.9912,2026-06-05 00:00:00+00:00,0.1754,0.16327654
ADA/USDT,SELL,expansion,56.54939257337559,5,moderate,False,0.0,False,,False,False,atr,TP,7.694,7.494,True,2.0,-1.0,11.919986396575016,-0.984211,2.985,2026-06-05 02:00:00+00:00,0.1703,0.15719712
ADA/USDT,SELL,compression,18.80593189224379,4,moderate,True,0.8,False,,False,False,atr,SL,-1.4496,-1.6496,False,1.0,-0.8706731907824135,20.506756417969893,-0.263883,2.362,2026-06-14 14:00:00+00:00,0.1675,0.16992803
ADA/USDT,SELL,trend,29.661012844034502,5,moderate,False,0.0,False,,False,False,atr,SL,-1.8593,-2.0593,False,1.0,-1.0,27.95233467648764,-0.136504,5.4557,2026-06-17 10:00:00+00:00,0.1694,0.17254961
ADA/USDT,SELL,expansion,31.11648646115054,5,moderate,False,0.0,False,,False,False,atr,TP,4.6637,4.4637,True,2.0,-0.8786787414281572,31.501932446463403,-0.066222,2.0114,2026-06-17 19:00:00+00:00,0.1697,0.16178578
ADA/USDT,SELL,compression,22.24798820878495,5,moderate,True,0.8,False,,False,False,structural,SL,-1.1809,-1.3809,False,1.0,-0.22432717936669583,37.77713964610616,-0.146301,5.0649,2026-06-20 18:00:00+00:00,0.1609,0.1628
DOT/USDT,SELL,trend,27.770510517506597,5,moderate,False,0.0,False,,False,False,structural,SL,-1.7469,-1.9469,False,1.0,-0.7653562536183006,27.07981358799858,-0.200029,3.0257,2026-01-16 15:00:00+00:00,2.118,2.155
DOT/USDT,SELL,expansion,23.95385684198281,5,moderate,True,0.8,False,,True,True,atr,SL,-3.4271,-3.6271,False,1.0,-1.0,17.33849655103347,-1.097912,9.562,2026-01-19 00:00:00+00:00,1.941,2.00752062
DOT/USDT,SELL,range,20.45708084704265,3,weak,True,1.0,True,bullish,True,True,structural,TP,8.45,8.25,True,5.83,-0.2607770361225751,38.560713191629176,-0.218349,0.6282,2026-01-20 07:00:00+00:00,2.0,1.831
DOT/USDT,SELL,expansion,32.407044544317145,5,moderate,False,0.0,False,,False,False,atr,SL,-1.7524,-1.9524,False,1.0,-1.0,10.962269500793415,-0.560472,2.8607,2026-01-25 19:00:00+00:00,1.82,1.8518934
DOT/USDT,SELL,expansion,20.28846954731082,3,weak,True,1.0,False,,False,False,structural,SL,-1.0,-1.2,False,1.0,-0.3606623747202588,38.94243261621464,-0.025004,1.3714,2026-01-27 17:00:00+00:00,1.846,1.86446
DOT/USDT,SELL,trend,31.39488112954097,5,moderate,False,0.0,False,,False,False,atr,TP,3.271,3.071,True,2.0,-1.0,22.47036217804652,-0.143465,2.5773,2026-01-29 14:00:00+00:00,1.792,1.73338441
DOT/USDT,SELL,trend,38.19583861648103,5,moderate,False,0.0,False,,False,False,atr,TP,4.1165,3.9165,True,2.0,-1.0,23.22859276145467,-0.28903,1.5055,2026-01-29 17:00:00+00:00,1.753,1.68083694
DOT/USDT,SELL,expansion,59.05306875076673,5,moderate,False,0.0,False,,False,False,atr,TP,5.1703,4.9703,True,2.0,-1.0,13.723884873304222,-0.515906,1.8787,2026-01-31 16:00:00+00:00,1.568,1.48692926
DOT/USDT,SELL,expansion,61.37455704529084,5,moderate,False,0.0,False,,False,False,atr,TP,6.3658,6.1658,True,2.0,-1.0,9.18859583121973,-0.80007,4.7718,2026-01-31 17:00:00+00:00,1.499,1.40357717
DOT/USDT,SELL,range,60.75318560001279,3,weak,False,0.0,True,bearish,False,False,structural,SL,-1.0,-1.2,False,1.0,-0.8578302094570467,36.109751230187534,0.130808,0.0958,2026-02-01 10:00:00+00:00,1.555,1.57055
DOT/USDT,SELL,range,23.84161298287954,5,moderate,True,1.0,True,bullish,True,True,structural,TP,4.3421,4.1421,True,4.12,-0.309036248151416,45.91284440409748,-0.096207,3.0677,2026-02-03 12:00:00+00:00,1.52,1.454
DOT/USDT,SELL,expansion,31.49179158872698,5,moderate,True,1.0,True,bullish,False,False,atr,SL,-2.6449,-2.8449,False,1.0,-1.0,25.96429611134839,-0.623179,1.9182,2026-02-03 18:00:00+00:00,1.458,1.49656212
DOT/USDT,SELL,trend,27.99251748320163,5,moderate,False,0.0,False,,False,False,atr,TP,5.8335,5.6335,True,2.0,-1.0,30.668499309787087,-0.111184,1.6214,2026-02-05 07:00:00+00:00,1.428,1.34469755
DOT/USDT,SELL,expansion,38.64708773322386,5,moderate,False,0.0,False,,False,False,atr,TP,7.2186,7.0186,True,2.0,-1.0,11.148827015696297,-0.524238,3.5113,2026-02-05 15:00:00+00:00,1.334,1.23770382
DOT/USDT,SELL,expansion,49.32307105700927,5,moderate,False,0.0,False,,False,False,atr,TP,8.7014,8.5014,True,2.0,-1.0,15.699660946075221,-0.649949,1.7631,2026-02-05 20:00:00+00:00,1.289,1.17683934
DOT/USDT,SELL,expansion,24.02452872106488,5,moderate,True,1.0,False,,False,False,structural,SL,-1.0,-1.2,False,1.0,-0.2814062335203687,40.9923266685263,-0.080378,2.0003,2026-02-16 15:00:00+00:00,1.358,1.37158
DOT/USDT,SELL,range,20.903125536305808,4,moderate,True,1.0,False,,False,False,atr,TP,3.784,3.584,True,2.0,-1.0,25.880537170090598,-0.176441,0.4669,2026-03-14 01:00:00+00:00,1.446,1.39128394
DOT/USDT,SELL,range,33.089971687871966,3,weak,True,0.8,True,bullish,False,False,atr,TP,6.1657,5.9657,True,3.29,-0.8195540327011207,38.84192856564416,0.10858,0.3991,2026-03-19 01:00:00+00:00,1.557,1.461
DOT/USDT,SELL,range,23.07433450169083,5,moderate,False,0.0,False,,False,False,atr,TP,3.8614,3.6614,True,2.0,-0.8815696611612535,33.924267791549376,-0.13113,1.7229,2026-03-24 15:00:00+00:00,1.393,1.33921014
DOT/USDT,SELL,range,24.262771625205726,5,moderate,False,0.0,False,,False,False,atr,SL,-1.785,-1.985,False,1.0,-1.0,19.70416642599462,-0.481526,1.5332,2026-04-12 05:00:00+00:00,1.224,1.24584801
DOT/USDT,SELL,range,41.05538895128889,4,moderate,False,0.0,False,,True,True,atr,SL,-2.4655,-2.6655,False,1.0,-1.0,36.81876103463447,0.150901,3.7065,2026-04-13 15:00:00+00:00,1.174,1.20294539
DOT/USDT,SELL,trend,27.586247153672893,5,moderate,False,0.0,False,,False,False,atr,SL,-2.0897,-2.2897,False,1.0,-1.0,33.40791946729352,-0.151983,3.8314,2026-04-14 20:00:00+00:00,1.157,1.18117786
DOT/USDT,SELL,range,24.783300191471568,4,moderate,True,0.8,True,bullish,False,False,atr,SL,-1.7151,-1.9151,False,1.0,-0.8026002885311208,29.223568454216004,-0.337091,1.2971,2026-04-29 18:00:00+00:00,1.186,1.20634163
DOT/USDT,SELL,trend,27.490572366713206,4,moderate,True,0.8,True,bullish,False,False,atr,SL,-1.6448,-1.8448,False,1.0,-0.9772476062222926,35.11929973233981,-0.23135,0.2474,2026-04-29 20:00:00+00:00,1.199,1.21872059
DOT/USDT,SELL,compression,25.48383299275212,4,moderate,True,0.8,True,bullish,False,False,structural,SL,-1.063,-1.263,False,1.0,-0.38594664965196124,43.49234267733751,0.121421,3.3013,2026-04-30 02:00:00+00:00,1.223,1.236
DOT/USDT,SELL,range,21.163571952930628,4,moderate,True,0.8,True,bullish,False,False,atr,SL,-1.5743,-1.7743,False,1.0,-0.6045178670730478,27.012151132563822,-0.184977,0.2671,2026-05-12 11:00:00+00:00,1.335,1.35601691
DOT/USDT,SELL,expansion,20.892881516910922,5,moderate,True,1.0,True,bullish,False,False,atr,TP,3.1051,2.9051,True,2.0,-0.34761816440287274,30.583703099787897,-0.172707,2.0374,2026-05-17 23:00:00+00:00,1.258,1.21893768
DOT/USDT,SELL,trend,36.261512403375754,4,moderate,True,1.0,False,,False,False,atr,SL,-1.5484,-1.7484,False,1.0,-1.0,20.146282738681265,-0.200961,0.9141,2026-05-18 06:00:00+00:00,1.226,1.24498326
DOT/USDT,SELL,range,37.973728030407145,3,weak,True,1.0,False,,False,False,atr,SL,-1.6893,-1.8893,False,1.0,-0.7127346675806489,36.4539478338492,0.114961,1.0463,2026-05-18 14:00:00+00:00,1.234,1.25484618
DOT/USDT,SELL,trend,37.15912312746232,5,moderate,False,0.0,False,,False,False,atr,SL,-2.1339,-2.3339,False,1.0,-1.0,17.96643053267151,-0.333978,1.5817,2026-05-23 07:00:00+00:00,1.242,1.26850362
DOT/USDT,SELL,range,23.20047563827091,5,moderate,False,0.0,False,,False,False,atr,SL,-1.6922,-1.8922,False,1.0,-0.9190470587522174,26.348385837169126,-0.243827,1.5065,2026-05-24 22:00:00+00:00,1.246,1.26708474
DOT/USDT,SELL,range,24.071587936480107,3,weak,True,0.8,True,bullish,False,False,atr,TP,4.1375,3.9375,True,2.0,-0.5102634640780097,42.477020530353734,0.153907,0.9818,2026-06-01 21:00:00+00:00,1.155,1.10721136
DOT/USDT,SELL,expansion,35.716248488968155,5,moderate,False,0.0,False,,False,False,atr,TP,6.617,6.417,True,2.0,-0.7932936138040932,32.18622327771913,-0.451837,2.563,2026-06-04 01:00:00+00:00,1.086,1.01413945
DOT/USDT,SELL,trend,54.29953906787658,5,moderate,False,0.0,False,,False,False,atr,SL,-4.262,-4.462,False,1.0,-1.0,27.44993239137987,-0.313265,2.6618,2026-06-06 04:00:00+00:00,0.912,0.95086974
DOT/USDT,SELL,range,20.472629372129735,4,moderate,True,1.0,True,bullish,False,False,structural,TP,4.4814,4.2814,True,2.13,-0.813310550023891,30.774623260088063,-0.22419,0.2476,2026-06-18 03:00:00+00:00,0.996,0.95136523
DOT/USDT,SELL,expansion,32.34629023732134,5,moderate,False,0.0,False,,False,False,atr,EOB,3.0832,2.8832,True,1.37,-1.0,24.328525877471975,-0.210876,4.0193,2026-06-18 15:00:00+00:00,0.973,0.943
UNI/USDT,SELL,range,30.77732890348745,5,moderate,True,1.0,False,,False,False,structural,TP,3.5057,3.3057,True,2.51,-1.0,28.708618400739848,-0.035779,1.534,2026-01-15 14:00:00+00:00,5.503,5.31008132
UNI/USDT,SELL,trend,36.84436352738102,4,moderate,True,1.0,False,,False,False,atr,TP,3.9966,3.7966,True,2.0,-1.0,20.104499131024273,-0.213341,1.4252,2026-01-15 18:00:00+00:00,5.349,5.13522242
UNI/USDT,SELL,trend,48.519099212116565,5,moderate,False,0.0,False,,False,False,structural,SL,-1.1178,-1.3178,False,1.0,-0.9668218993361422,21.085169503762053,-0.1824,3.9758,2026-01-16 15:00:00+00:00,5.278,5.337
UNI/USDT,SELL,range,25.36793294364423,4,moderate,False,0.0,False,,True,True,structural,SL,-1.0,-1.2,False,1.0,-0.6299675666368673,38.296102056180565,-0.006751,2.9141,2026-01-23 00:00:00+00:00,4.835,4.88335
UNI/USDT,SELL,trend,31.098080398457675,5,moderate,False,0.0,False,,False,False,atr,TP,2.9899,2.7899,True,2.0,-1.0,23.20206979896365,-0.205158,1.8934,2026-01-29 14:00:00+00:00,4.68,4.54007083
UNI/USDT,SELL,expansion,34.03816079125142,5,moderate,False,0.0,False,,False,False,atr,TP,3.7108,3.5108,True,2.0,-1.0,15.829973531229871,-0.485966,4.8186,2026-01-29 15:00:00+00:00,4.437,4.27235149
UNI/USDT,SELL,expansion,33.1833751965747,5,moderate,False,0.0,False,,False,False,atr,SL,-2.5897,-2.7897,False,1.0,-0.9421238193018412,29.75131587317599,-0.552783,2.3289,2026-02-03 18:00:00+00:00,3.78,3.87789059
UNI/USDT,SELL,expansion,33.98721491884503,5,moderate,False,0.0,False,,False,False,atr,TP,7.719,7.519,True,2.0,-1.0,13.419286430382535,-0.832001,4.2784,2026-02-05 15:00:00+00:00,3.505,3.2344487
UNI/USDT,SELL,expansion,30.126555510536217,5,moderate,False,0.0,False,,False,False,atr,SL,-1.9469,-2.1469,False,1.0,-1.0,16.400982447038636,-0.395317,3.4553,2026-02-23 01:00:00+00:00,3.348,3.41318137
UNI/USDT,SELL,trend,26.335426218283214,3,weak,False,0.0,True,bearish,False,False,atr,SL,-2.4044,-2.6044,False,1.0,-0.27154910199634125,41.85072567636258,-0.100184,0.7923,2026-02-23 16:00:00+00:00,3.364,3.44488326
UNI/USDT,SELL,trend,30.089398316943754,5,moderate,False,0.0,False,,False,False,atr,SL,-2.1078,-2.3078,False,1.0,-1.0,20.74160158887828,-0.284813,1.764,2026-02-28 06:00:00+00:00,3.686,3.76369221
UNI/USDT,SELL,expansion,35.041645012622595,5,moderate,False,0.0,False,,False,False,atr,TP,3.3769,3.1769,True,2.0,-1.0,12.106631500654977,-0.409977,1.6575,2026-03-18 12:00:00+00:00,3.845,3.71515718
UNI/USDT,SELL,expansion,29.44359165500976,5,moderate,False,0.0,False,,False,False,atr,TP,4.6374,4.4374,True,2.0,-1.0,14.232754153604118,-0.968046,2.6614,2026-04-02 04:00:00+00:00,3.397,3.23946735
UNI/USDT,SELL,expansion,39.734384557781524,5,moderate,False,0.0,False,,False,False,atr,TP,4.961,4.761,True,2.0,-1.0,14.25855646433975,-0.411341,4.5606,2026-04-02 13:00:00+00:00,3.289,3.12583339
UNI/USDT,SELL,range,20.972842964388228,4,moderate,True,1.0,True,bullish,False,False,atr,SL,-1.4588,-1.6588,False,1.0,-0.5525129828216871,28.76756655879514,-0.435964,0.2993,2026-04-29 16:00:00+00:00,3.187,3.23349183
UNI/USDT,SELL,range,41.296676233710436,4,moderate,False,0.0,False,,False,False,structural,SL,-1.3341,-1.5341,False,1.0,-0.8860374782451466,37.740808459004015,0.081766,1.7956,2026-05-14 08:00:00+00:00,3.598,3.646
UNI/USDT,SELL,expansion,21.931211254785307,4,moderate,True,0.8,True,bullish,False,False,atr,TP,4.4807,4.2807,True,2.0,-1.0,23.41042159820164,-0.621603,1.2531,2026-05-28 00:00:00+00:00,3.085,2.94677099
UNI/USDT,SELL,expansion,32.78742875268452,5,moderate,False,0.0,False,,False,False,atr,TP,5.5199,5.3199,True,2.0,-0.8516175079679698,36.033552548035765,-0.332134,4.7668,2026-06-04 00:00:00+00:00,2.817,2.66150391
UNI/USDT,SELL,expansion,34.69353610749344,5,moderate,False,0.0,False,,False,False,atr,TP,6.244,6.044,True,2.0,-1.0,25.897469240449862,-0.677978,7.3881,2026-06-04 01:00:00+00:00,2.738,2.56703935
UNI/USDT,SELL,trend,47.75304277731144,5,moderate,False,0.0,False,,False,False,structural,TP,7.1639,6.9639,True,2.03,-1.0,30.30372040948971,-0.202358,1.5824,2026-06-05 13:00:00+00:00,2.525,2.3441121
NEAR/USDT,SELL,expansion,22.00339760564959,5,moderate,False,0.0,False,,False,False,atr,TP,4.2123,4.0123,True,2.0,-0.811000112759367,22.091876386608245,-0.40194,5.2338,2026-01-18 23:00:00+00:00,1.702,1.63030672
NEAR/USDT,SELL,expansion,22.01786642291768,5,moderate,True,0.8,False,,True,True,structural,SL,-1.0,-1.2,False,1.0,-0.3724223340614786,37.308818064744734,-0.054449,2.2919,2026-01-21 16:00:00+00:00,1.543,1.55843
NEAR/USDT,SELL,trend,31.584901787046586,5,moderate,False,0.0,False,,False,False,atr,TP,3.3439,3.1439,True,2.0,-1.0,22.854926549908647,-0.188065,2.7686,2026-01-29 14:00:00+00:00,1.424,1.37638315
NEAR/USDT,SELL,expansion,37.657942664612705,5,moderate,False,0.0,False,,False,False,atr,TP,4.3407,4.1407,True,2.0,-1.0,23.74915811485216,-0.339443,5.7985,2026-01-29 17:00:00+00:00,1.396,1.33540371
NEAR/USDT,SELL,range,20.99648912936587,4,moderate,True,1.0,False,,False,False,atr,SL,-2.6068,-2.8068,False,1.0,-0.7330875826670569,33.240566013350076,-0.417494,1.3967,2026-02-03 17:00:00+00:00,1.164,1.19434315
NEAR/USDT,SELL,range,20.804278890481505,3,weak,True,1.0,False,,True,True,structural,TP,5.7923,5.5923,True,2.31,-0.6633641653359075,44.575096485777784,0.040567,0.4525,2026-02-05 00:00:00+00:00,1.155,1.08809841
NEAR/USDT,SELL,expansion,37.369585916104874,5,moderate,False,0.0,False,,False,False,atr,TP,7.5721,7.3721,True,2.0,-1.0,21.93618004730864,-0.364849,2.9169,2026-02-05 15:00:00+00:00,1.077,0.99544841
NEAR/USDT,SELL,expansion,45.24667473361195,5,moderate,False,0.0,False,,True,True,atr,TP,9.2947,9.0947,True,2.0,-1.0,13.8368264943218,-0.97167,2.1493,2026-02-05 20:00:00+00:00,1.007,0.91340229
NEAR/USDT,SELL,trend,37.239785830647634,5,moderate,False,0.0,False,,False,False,atr,SL,-2.2779,-2.4779,False,1.0,-1.0,19.678964981362913,-0.39375,2.6197,2026-02-28 06:00:00+00:00,1.068,1.09232757
NEAR/USDT,SELL,trend,25.928898148718112,4,moderate,False,0.0,True,bearish,False,False,bos,TP,3.3857,3.1857,True,1.64,-1.0,20.97103167811714,-0.126569,0.7744,2026-03-19 08:00:00+00:00,1.351,1.3052592
NEAR/USDT,SELL,range,32.72814863291259,4,moderate,False,0.0,False,,False,False,atr,SL,-1.4914,-1.6914,False,1.0,-0.321823000062155,34.84438804333961,-0.02261,1.5359,2026-03-23 06:00:00+00:00,1.275,1.29401478
NEAR/USDT,SELL,range,21.853791492140125,4,moderate,True,1.0,True,bullish,False,False,atr,TP,3.17,2.97,True,2.0,-1.0,20.311523130848958,-0.294897,1.2064,2026-03-26 05:00:00+00:00,1.242,1.20262922
NEAR/USDT,SELL,range,22.374268675691912,4,moderate,True,1.0,True,bullish,False,False,atr,SL,-1.734,-1.934,False,1.0,-1.0,25.90876112784276,-0.434594,0.4818,2026-04-02 04:00:00+00:00,1.157,1.17706252
NEAR/USDT,SELL,trend,26.742714826435154,4,moderate,True,1.0,True,bullish,False,False,atr,SL,-1.6335,-1.8335,False,1.0,-1.0,29.422587177340176,-0.104681,0.3183,2026-04-14 23:00:00+00:00,1.355,1.37713331
NEAR/USDT,SELL,expansion,24.31741039192993,5,moderate,True,1.0,False,,False,False,atr,SL,-1.4515,-1.6515,False,1.0,-0.8853208792388011,27.60277503405946,-0.286591,1.935,2026-04-29 18:00:00+00:00,1.303,1.32191354
NEAR/USDT,SELL,expansion,27.601488111812788,5,moderate,True,1.0,False,,False,False,atr,SL,-1.406,-1.606,False,1.0,-0.9850960527022846,35.83938652885925,-0.164147,1.9851,2026-04-29 20:00:00+00:00,1.315,1.33348922
NEAR/USDT,SELL,range,25.771030169780275,3,weak,True,1.0,False,,False,False,atr,TP,3.5101,3.3101,True,2.63,-0.4326542674975603,42.08951358236352,0.132859,0.2065,2026-04-30 02:00:00+00:00,1.339,1.292
NEAR/USDT,SELL,range,23.076876417454354,5,moderate,False,0.0,False,,True,True,atr,SL,-1.9699,-2.1699,False,1.0,-1.0,32.47844208578766,-0.179253,2.112,2026-05-16 10:00:00+00:00,1.498,1.52750874
NEAR/USDT,SELL,range,30.26004189458277,4,moderate,True,1.0,True,bullish,False,False,atr,SL,-4.0209,-4.2209,False,1.0,-1.0,31.271872472093193,0.016012,1.5745,2026-05-27 09:00:00+00:00,2.507,2.60780354
NEAR/USDT,SELL,range,28.07396239888306,5,moderate,False,0.0,False,,False,False,structural,SL,-1.3835,-1.5835,False,1.0,-0.4137534552181116,46.43995419634337,0.207871,1.6943,2026-05-31 14:00:00+00:00,2.313,2.345
NEAR/USDT,SELL,range,26.038910623524163,4,moderate,False,0.0,False,,False,False,structural,SL,-2.4017,-2.6017,False,1.0,-0.47632678517457994,40.33475191587297,0.014552,1.5309,2026-05-31 16:00:00+00:00,2.29,2.345
NEAR/USDT,SELL,trend,25.814314328263382,5,moderate,False,0.0,False,,False,False,atr,TP,14.4555,14.2555,True,2.0,-1.0,20.0405569893189,-1.796391,1.7393,2026-06-04 08:00:00+00:00,2.36,2.01884996
NEAR/USDT,SELL,range,20.373818950471524,4,moderate,True,1.0,False,,False,False,atr,SL,-2.5755,-2.7755,False,1.0,-0.9177697134670864,35.08318667212324,-0.417527,0.7087,2026-06-21 21:00:00+00:00,2.114,2.16844656
APT/USDT,SELL,trend,36.366627564694106,5,moderate,False,0.0,False,,False,False,atr,SL,-1.6156,-1.8156,False,1.0,-1.0,25.497593426253033,-0.100284,1.7408,2026-01-16 16:00:00+00:00,1.76,1.78843404
APT/USDT,SELL,range,45.92465921897033,3,weak,True,1.0,False,,False,False,structural,TP,5.4017,5.2017,True,3.06,-0.779313406922251,38.97127868076031,0.062236,0.7771,2026-01-20 11:00:00+00:00,1.5995,1.5131
APT/USDT,SELL,expansion,20.587136545493856,5,moderate,True,0.8,True,bullish,False,False,atr,SL,-2.2264,-2.4264,False,1.0,-1.0,18.730902898895188,-0.658595,2.4205,2026-01-25 19:00:00+00:00,1.4843,1.51734678
APT/USDT,SELL,trend,28.020047972881432,5,moderate,True,0.8,True,bullish,False,False,atr,TP,3.9492,3.7492,True,2.31,-0.9710212471091563,26.81265769249538,-0.162106,2.1046,2026-01-29 14:00:00+00:00,1.556,1.49455
APT/USDT,SELL,expansion,30.882090248316658,5,moderate,True,0.8,True,bullish,False,False,atr,SL,-2.1047,-2.3047,False,1.0,-1.0,20.64789986805384,-0.405291,4.2923,2026-01-29 15:00:00+00:00,1.4688,1.49971373
APT/USDT,SELL,trend,34.94996280793599,4,moderate,True,0.8,True,bullish,False,False,atr,TP,4.5171,4.3171,True,2.0,-1.0,21.850086337664997,-0.505899,1.3376,2026-01-29 17:00:00+00:00,1.5066,1.43854519
APT/USDT,SELL,expansion,39.85484190655132,4,moderate,True,0.8,True,bullish,False,False,atr,TP,5.0271,4.8271,True,2.0,-1.0,37.74241305000539,0.231883,1.9834,2026-01-30 01:00:00+00:00,1.5019,1.42639776
APT/USDT,SELL,range,24.691390698414125,5,moderate,False,0.0,False,,False,False,atr,TP,5.7377,5.5377,True,2.0,-1.0,30.468826750967064,-0.06799,1.7014,2026-02-05 07:00:00+00:00,1.2015,1.13256117
APT/USDT,SELL,expansion,34.29574636779916,5,moderate,False,0.0,False,,False,False,atr,TP,7.4571,7.2571,True,2.0,-1.0,12.069980706635155,-0.487463,2.9961,2026-02-05 15:00:00+00:00,1.1196,1.03611003
APT/USDT,SELL,expansion,44.01758960102443,5,moderate,False,0.0,False,,True,True,atr,TP,9.0758,8.8758,True,2.0,-1.0,9.105511492802973,-0.752976,2.1466,2026-02-05 20:00:00+00:00,1.0691,0.97207057
APT/USDT,SELL,expansion,28.65112729554184,5,moderate,False,0.0,False,,False,False,atr,SL,-2.79,-2.99,False,1.0,-1.0,19.199081753461627,-0.24432,2.8288,2026-02-11 15:00:00+00:00,0.9343,0.96036658
APT/USDT,SELL,range,23.544157475326507,4,moderate,True,0.8,True,bullish,False,False,atr,TP,4.6743,4.4743,True,2.06,-1.0,30.121911120217465,-0.037234,0.5825,2026-02-28 04:00:00+00:00,0.9242,0.881
APT/USDT,SELL,trend,26.907461460019686,5,moderate,True,0.8,False,,False,False,atr,TP,5.4956,5.2956,True,2.16,-1.0,16.400101224724004,-0.417972,4.0727,2026-02-28 06:00:00+00:00,0.9171,0.8667
APT/USDT,SELL,trend,37.58917835691916,4,moderate,True,0.8,False,,False,False,atr,SL,-2.7565,-2.9565,False,1.0,-1.0,21.791355917689813,-0.366546,0.6829,2026-02-28 11:00:00+00:00,0.8778,0.9019963
APT/USDT,SELL,range,24.184021346285306,4,moderate,True,0.8,False,,False,False,atr,SL,-2.5317,-2.7317,False,1.0,-0.9130387034970915,27.56724225214112,-0.421011,0.6627,2026-03-01 20:00:00+00:00,0.9114,0.93447361
APT/USDT,SELL,trend,32.33197819691523,5,moderate,False,0.0,False,,False,False,atr,TP,3.9045,3.7045,True,2.0,-1.0,18.516938065364172,-0.266081,1.8373,2026-03-22 10:00:00+00:00,0.952,0.91482929
APT/USDT,SELL,range,35.389035298054424,4,moderate,False,0.0,False,,False,False,atr,SL,-1.8988,-2.0988,False,1.0,-0.3935963047703538,32.3728079866392,0.002741,1.5174,2026-03-23 06:00:00+00:00,0.9269,0.94449983
APT/USDT,SELL,trend,33.378281118408765,5,moderate,False,0.0,False,,False,False,atr,TP,7.5509,7.3509,True,4.15,-1.0,20.792147877574067,-0.328064,2.2782,2026-03-27 10:00:00+00:00,1.0012,0.9256
APT/USDT,SELL,compression,29.158068525867307,4,moderate,True,1.0,True,bullish,True,True,atr,TP,3.1544,2.9544,True,2.0,-1.0,28.723798247417886,0.004241,4.4619,2026-04-02 12:00:00+00:00,0.8619,0.83471215
APT/USDT,SELL,range,24.127149600159754,5,moderate,False,0.0,False,,False,False,atr,SL,-1.7015,-1.9015,False,1.0,-0.7343379190996954,28.472329370410137,-0.180708,2.395,2026-04-19 22:00:00+00:00,0.9175,0.93311083
APT/USDT,SELL,compression,31.017693605176945,5,moderate,True,0.8,True,bullish,False,False,structural,SL,-1.3614,-1.5614,False,1.0,-0.9473063210672419,28.14115378796053,-0.241655,2.0508,2026-04-27 10:00:00+00:00,0.9549,0.9679
APT/USDT,SELL,range,27.36320969268153,5,moderate,True,0.8,True,bullish,False,False,structural,SL,-1.3296,-1.5296,False,1.0,-0.8925887381044613,27.046383077482744,-0.050352,2.036,2026-04-27 15:00:00+00:00,0.9552,0.9679
APT/USDT,SELL,range,24.118655854758845,5,moderate,False,0.0,False,,False,False,atr,TP,3.6869,3.4869,True,2.0,-0.7702928794702137,23.49073705636017,-0.517785,1.8996,2026-05-15 05:00:00+00:00,1.0313,0.99327705
APT/USDT,SELL,trend,49.49537263576714,5,moderate,False,0.0,False,,False,False,atr,TP,3.5056,3.3056,True,2.0,-1.0,14.80533312831744,-0.268212,1.6871,2026-05-16 09:00:00+00:00,0.9535,0.92007439
APT/USDT,SELL,range,23.396965275468204,4,moderate,True,1.0,True,bullish,False,False,atr,SL,-2.5915,-2.7915,False,1.0,-1.0,39.31169475753481,0.148885,1.7935,2026-05-28 14:00:00+00:00,0.9183,0.94209747
APT/USDT,SELL,trend,39.36021322078185,5,moderate,False,0.0,False,,False,False,atr,TP,6.1987,5.9987,True,2.0,-1.0,27.470174853011798,-0.473652,1.9609,2026-06-03 20:00:00+00:00,0.8258,0.77461142
APT/USDT,SELL,trend,37.42890938281799,5,moderate,False,0.0,False,,False,False,atr,TP,7.379,7.179,True,2.0,-1.0,28.927412294280078,-0.363093,2.2303,2026-06-05 03:00:00+00:00,0.7199,0.66677831
APT/USDT,SELL,range,22.426385397309417,4,moderate,True,1.0,True,bullish,True,True,structural,SL,-1.5538,-1.7538,False,1.0,-0.6176310367232277,30.871511462125444,-0.619844,1.2923,2026-06-09 01:00:00+00:00,0.65,0.6601
ARB/USDT,SELL,expansion,25.814644436404894,5,moderate,False,0.0,False,,True,True,atr,TP,6.6845,6.4845,True,2.0,-1.0,16.759262706798115,-1.320111,8.9277,2026-01-19 00:00:00+00:00,0.1942,0.18121863
ARB/USDT,SELL,range,20.160948742330188,4,moderate,True,0.8,True,bullish,True,True,structural,TP,4.6953,4.4953,True,4.7,-0.8759421156945049,38.45896350720103,-0.195402,0.4221,2026-01-22 11:00:00+00:00,0.1807,0.1722156
ARB/USDT,SELL,expansion,34.688979005944304,5,moderate,False,0.0,False,,False,False,atr,SL,-2.0303,-2.2303,False,1.0,-1.0,13.197374132612127,-0.573241,1.9207,2026-01-25 19:00:00+00:00,0.1671,0.17049256
ARB/USDT,SELL,expansion,63.24835186970178,5,moderate,True,0.8,True,bullish,False,False,atr,TP,5.5027,5.3027,True,2.0,-1.0,9.95328817268861,-0.672811,2.3101,2026-01-31 16:00:00+00:00,0.1416,0.13380819
ARB/USDT,SELL,expansion,65.31439775018714,5,moderate,True,0.8,True,bullish,False,False,atr,TP,6.6241,6.4241,True,2.0,-1.0,6.800626322420616,-0.877051,4.859,2026-01-31 17:00:00+00:00,0.1364,0.12736475
ARB/USDT,SELL,expansion,67.37554913135952,5,moderate,True,0.8,True,bullish,False,False,atr,SL,-3.9797,-4.1797,False,1.0,-1.0,5.856017283226463,-0.984011,3.7388,2026-01-31 18:00:00+00:00,0.1361,0.14151637
ARB/USDT,SELL,range,64.60325027987174,3,weak,True,0.8,True,bullish,False,False,atr,TP,10.7244,10.5244,True,3.81,-1.0,38.51285520577992,0.368989,0.1752,2026-02-01 06:00:00+00:00,0.1408,0.1257
ARB/USDT,SELL,expansion,38.684547718561724,5,moderate,False,0.0,False,,True,True,atr,SL,-2.965,-3.165,False,1.0,-1.0,16.99321889196717,-0.999056,1.8072,2026-02-03 18:00:00+00:00,0.1255,0.12922103
ARB/USDT,SELL,range,20.681153370894386,4,moderate,True,0.8,False,,True,True,atr,TP,6.6198,6.4198,True,2.0,-0.8430992714849604,33.46975144076835,-0.277397,0.6757,2026-02-04 21:00:00+00:00,0.1305,0.1218611
ARB/USDT,SELL,range,39.91509982137824,5,moderate,True,0.8,False,,False,False,atr,TP,6.6679,6.4679,True,2.0,-1.0,28.327633186912394,-0.035743,1.9344,2026-02-05 11:00:00+00:00,0.123,0.11479844
ARB/USDT,SELL,expansion,43.42655181425387,5,moderate,True,0.8,False,,False,False,atr,TP,8.0828,7.8828,True,2.0,-1.0,13.951854432316635,-0.515689,2.3992,2026-02-05 15:00:00+00:00,0.1179,0.10837041
ARB/USDT,SELL,expansion,52.144514563056234,5,moderate,False,0.0,False,,False,False,atr,TP,9.6041,9.4041,True,2.0,-1.0,12.84913132097367,-0.829313,1.5407,2026-02-05 20:00:00+00:00,0.112,0.10124337
ARB/USDT,SELL,compression,20.924551811128197,5,moderate,True,0.8,False,,False,False,atr,TP,6.6965,6.4965,True,3.03,-0.49679061428541255,27.797921339808976,-0.286894,2.2459,2026-02-08 16:00:00+00:00,0.1173,0.109445
ARB/USDT,SELL,compression,22.395402314990093,3,weak,True,0.6,False,,False,False,atr,SL,-2.5318,-2.7318,False,1.0,-0.7823247512963196,41.48385172968539,0.043061,2.4503,2026-02-11 15:00:00+00:00,0.1055,0.10817104
ARB/USDT,SELL,expansion,22.527020493713565,3,weak,True,0.8,False,,False,False,atr,SL,-2.5549,-2.7549,False,1.0,-0.8712187009195934,37.265541276921056,-0.02949,1.6363,2026-02-11 16:00:00+00:00,0.1084,0.11116954
ARB/USDT,SELL,range,21.27261268543626,3,weak,True,1.0,False,,False,False,structural,SL,-1.9196,-2.1196,False,1.0,-0.27140207840838476,41.57273549725996,-0.195807,0.7736,2026-02-12 20:00:00+00:00,0.1094,0.1115
ARB/USDT,SELL,trend,39.532144088893105,4,moderate,True,1.0,False,,False,False,atr,SL,-2.2602,-2.4602,False,1.0,-1.0,33.832255310091874,-0.150978,0.7517,2026-02-15 20:00:00+00:00,0.1134,0.11596307
ARB/USDT,SELL,range,23.361056713872884,5,moderate,False,0.0,False,,False,False,structural,TP,6.3897,6.1897,True,2.32,-1.0,24.711543212259258,-0.53732,2.8469,2026-02-28 06:00:00+00:00,0.0982,0.09192536
ARB/USDT,SELL,compression,29.596188490332075,5,moderate,False,0.0,True,bearish,False,False,atr,TP,3.4945,3.2945,True,2.0,-1.0,31.536898999305173,-0.042927,2.6173,2026-03-19 10:00:00+00:00,0.1009,0.09737402
ARB/USDT,SELL,compression,32.37281668160329,5,moderate,True,0.8,True,bullish,False,False,atr,SL,-1.4374,-1.6374,False,1.0,-1.0,20.271939395004203,-0.141679,3.9694,2026-03-26 12:00:00+00:00,0.0938,0.09514831
ARB/USDT,SELL,range,20.61984427341825,4,moderate,False,0.0,True,bearish,False,False,atr,SL,-1.6676,-1.8676,False,1.0,-0.5297685168883567,38.429468214165155,-0.030838,0.237,2026-04-28 15:00:00+00:00,0.1241,0.12616943
ARB/USDT,SELL,range,27.279800298829677,4,moderate,False,0.0,False,,False,False,atr,TP,3.2784,3.0784,True,2.0,-1.0,27.49012793156259,-0.02891,3.3508,2026-05-03 10:00:00+00:00,0.1197,0.11577572
ARB/USDT,SELL,range,26.955659022109582,5,moderate,False,0.0,False,,False,False,atr,TP,3.8035,3.6035,True,2.0,-1.0,34.021368627441866,-0.043627,1.8292,2026-05-15 12:00:00+00:00,0.1278,0.12293912
ARB/USDT,SELL,trend,40.427199526342804,5,moderate,False,0.0,False,,False,False,atr,TP,3.5059,3.3059,True,2.0,-1.0,16.396175673796243,-0.290436,2.187,2026-05-16 08:00:00+00:00,0.1203,0.11608243
ARB/USDT,SELL,expansion,30.44228639672991,5,moderate,True,1.0,True,bullish,False,False,atr,TP,3.7837,3.5837,True,2.0,-0.8120953519228343,26.575388523478292,-0.21779,1.5035,2026-05-17 23:00:00+00:00,0.1177,0.11324656
ARB/USDT,SELL,range,23.248480409099255,4,moderate,True,0.8,False,,False,False,atr,SL,-1.5686,-1.7686,False,1.0,-0.698665223612876,32.709476729340324,-0.101624,0.2738,2026-05-19 22:00:00+00:00,0.1141,0.11588973
ARB/USDT,SELL,range,23.88495189850767,5,moderate,False,0.0,False,,False,False,atr,TP,5.0645,4.8645,True,2.0,-1.0,22.513618228992755,-0.252724,1.7816,2026-06-02 14:00:00+00:00,0.0975,0.09256208
ARB/USDT,SELL,expansion,31.959068105390067,5,moderate,False,0.0,False,,False,False,atr,TP,7.4048,7.2048,True,2.0,-1.0,28.916349977876088,-0.546414,1.6722,2026-06-04 01:00:00+00:00,0.0916,0.08481723
ARB/USDT,SELL,trend,44.746689210912656,5,moderate,False,0.0,False,,False,False,atr,TP,8.1815,7.9815,True,2.0,-1.0,30.843291343676416,-0.258662,1.8106,2026-06-05 13:00:00+00:00,0.0825,0.07575028
OP/USDT,SELL,trend,27.034487781324533,5,moderate,False,0.0,False,,False,False,atr,SL,-1.9797,-2.1797,False,1.0,-1.0,20.74051012501345,-0.282211,1.9915,2026-01-16 15:00:00+00:00,0.3365,0.34316171
OP/USDT,SELL,range,20.58654985129437,4,moderate,True,1.0,False,,True,True,structural,SL,-1.4554,-1.6554,False,1.0,-0.6711838073415841,40.31021845835469,-0.276855,1.1813,2026-01-20 09:00:00+00:00,0.3092,0.3137
OP/USDT,SELL,range,20.527669547268523,4,moderate,True,1.0,False,,False,False,atr,SL,-2.5578,-2.7578,False,1.0,-1.0,26.493372967331588,-0.320126,1.0555,2026-01-20 16:00:00+00:00,0.3047,0.31249376
OP/USDT,SELL,expansion,22.445754027952557,5,moderate,False,0.0,False,,False,False,atr,SL,-2.0522,-2.2522,False,1.0,-1.0,20.25903783061259,-0.517623,1.9444,2026-01-25 18:00:00+00:00,0.2884,0.29431854
OP/USDT,SELL,trend,53.417656578178075,5,moderate,False,0.0,False,,False,False,atr,SL,-3.0891,-3.2891,False,1.0,-1.0,23.717151603967697,-0.310262,1.5683,2026-02-01 15:00:00+00:00,0.2294,0.2364864
OP/USDT,SELL,expansion,25.741081836110084,5,moderate,False,0.0,False,,False,False,atr,SL,-2.7829,-2.9829,False,1.0,-1.0,20.585022946921875,-0.554976,2.5175,2026-02-03 16:00:00+00:00,0.2176,0.22365555
OP/USDT,SELL,expansion,33.874226651192835,5,moderate,False,0.0,False,,False,False,atr,TP,8.4997,8.2997,True,2.0,-1.0,13.944655785907779,-0.64802,2.746,2026-02-05 15:00:00+00:00,0.1981,0.18126207
OP/USDT,SELL,expansion,45.37382820517138,5,moderate,False,0.0,False,,False,False,atr,TP,9.8714,9.6714,True,2.0,-1.0,16.461514753236987,-0.764384,2.1121,2026-02-05 20:00:00+00:00,0.1899,0.17115421
OP/USDT,SELL,trend,46.67337220062819,5,moderate,False,0.0,False,,False,False,atr,TP,6.6637,6.4637,True,2.0,-1.0,10.837471806200586,-0.60863,2.2605,2026-02-19 04:00:00+00:00,0.1572,0.14672474
OP/USDT,SELL,trend,54.12311093152466,5,moderate,False,0.0,False,,True,True,atr,TP,7.515,7.315,True,2.0,-1.0,7.374819636918604,-0.768723,3.0128,2026-02-19 07:00:00+00:00,0.1485,0.13734022
OP/USDT,SELL,range,66.23356089113372,4,moderate,False,0.0,False,,False,False,structural,TP,8.741,8.541,True,2.17,-1.0,13.227040954916816,0.110228,1.8381,2026-02-19 14:00:00+00:00,0.1389,0.12675874
OP/USDT,SELL,compression,18.324384500609128,4,moderate,True,0.8,True,bullish,False,False,atr,TP,5.754,5.554,True,2.0,-0.8668289498182234,33.1027409064318,-0.173063,3.5035,2026-02-22 00:00:00+00:00,0.1268,0.11950399
OP/USDT,SELL,compression,19.970491435103106,4,moderate,True,0.8,False,,False,False,atr,SL,-1.96,-2.16,False,1.0,-1.0,32.193206022580775,-0.087171,4.0104,2026-04-02 08:00:00+00:00,0.1071,0.10919914
OP/USDT,SELL,range,35.66699726391683,5,moderate,False,0.0,False,,False,False,atr,SL,-2.0421,-2.2421,False,1.0,-0.6579227283242869,27.841020823868746,-0.067328,1.6641,2026-04-19 17:00:00+00:00,0.1235,0.12602194
OP/USDT,SELL,range,20.352795004077116,5,moderate,True,0.8,True,bullish,False,False,atr,SL,-1.773,-1.973,False,1.0,-1.0,28.33074667181245,-0.342914,2.7841,2026-04-27 10:00:00+00:00,0.1221,0.12426479
OP/USDT,SELL,range,21.43584740050632,4,moderate,True,1.0,True,bullish,False,False,atr,SL,-1.9696,-2.1696,False,1.0,-0.46227368351996956,26.03685659615244,-0.536454,0.1028,2026-04-29 15:00:00+00:00,0.1191,0.12144578
OP/USDT,SELL,trend,43.47005935067596,5,moderate,False,0.0,True,bearish,False,False,bos,SL,-1.33,-1.53,False,1.0,-1.0,19.972282001841734,-0.231874,1.6239,2026-05-16 08:00:00+00:00,0.1332,0.1349715
OP/USDT,SELL,range,20.17525561453661,3,weak,True,1.0,True,bullish,False,False,structural,SL,-1.4972,-1.6972,False,1.0,-0.3045286807313926,38.966930595111855,-0.171749,0.0203,2026-05-19 15:00:00+00:00,0.1269,0.1288
OP/USDT,SELL,range,23.03692222050021,5,moderate,False,0.0,False,,False,False,atr,SL,-1.7917,-1.9917,False,1.0,-0.8819246385379077,23.289946296466876,-0.244363,1.7177,2026-05-24 21:00:00+00:00,0.1254,0.12764673
OP/USDT,SELL,trend,41.80597562498113,5,moderate,False,0.0,False,,False,False,atr,SL,-4.1116,-4.3116,False,1.0,-1.0,36.688012465423235,-0.037109,1.6319,2026-06-06 17:00:00+00:00,0.0941,0.097969
OP/USDT,SELL,range,20.247120161323167,4,moderate,True,0.8,False,,True,True,structural,SL,-1.0,-1.2,False,1.0,-1.0,29.256582014063245,-0.538166,0.7762,2026-06-09 02:00:00+00:00,0.0938,0.094738
SUI/USDT,SELL,expansion,27.791811596227927,5,moderate,False,0.0,False,,True,True,atr,TP,5.6853,5.4853,True,2.0,-1.0,10.609755671685642,-1.469115,2.7858,2026-01-19 01:00:00+00:00,1.5998,1.50884684
SUI/USDT,SELL,range,38.16525880343278,5,moderate,False,0.0,False,,False,False,structural,TP,3.5236,3.3236,True,3.52,-1.0,22.13492737988468,-0.110238,3.1023,2026-01-29 14:00:00+00:00,1.3614,1.31342946
SUI/USDT,SELL,expansion,44.55143172879815,5,moderate,False,0.0,False,,True,True,atr,TP,4.8397,4.6397,True,2.0,-1.0,23.93833536596719,-0.318939,1.6628,2026-01-29 18:00:00+00:00,1.3112,1.24774173
SUI/USDT,SELL,trend,63.04536024742784,4,moderate,True,0.8,True,bullish,False,False,atr,TP,4.361,4.161,True,2.0,-1.0,26.80115687300087,-0.073474,0.6219,2026-01-31 12:00:00+00:00,1.2207,1.16746518
SUI/USDT,SELL,expansion,65.80253041118023,5,moderate,True,0.8,True,bullish,False,False,atr,TP,5.3497,5.1497,True,2.0,-1.0,13.324811140729206,-0.390012,6.6061,2026-01-31 14:00:00+00:00,1.2075,1.14290212
SUI/USDT,SELL,expansion,70.60137295315022,5,moderate,True,0.8,True,bullish,False,False,atr,TP,7.1708,6.9708,True,2.0,-1.0,7.825337927929585,-0.806556,5.3412,2026-01-31 17:00:00+00:00,1.1167,1.03662385
SUI/USDT,SELL,expansion,72.28318515163951,5,moderate,True,0.8,True,bullish,False,False,atr,SL,-4.1779,-4.3779,False,1.0,-1.0,7.5336336816246625,-0.851709,3.3992,2026-01-31 18:00:00+00:00,1.1153,1.16189607
SUI/USDT,SELL,range,65.11620475558695,3,weak,True,0.8,True,bullish,False,False,atr,TP,9.3517,9.1517,True,2.91,-1.0,36.373210377612345,0.343689,0.3103,2026-02-01 05:00:00+00:00,1.1399,1.0333
SUI/USDT,SELL,trend,38.22449915283162,5,moderate,False,0.0,False,,False,False,atr,TP,6.4564,6.2564,True,2.0,-1.0,18.13515691551372,-0.291574,1.5804,2026-02-05 10:00:00+00:00,1.033,0.96630514
SUI/USDT,SELL,expansion,55.80283437477887,5,moderate,False,0.0,False,,True,True,structural,TP,9.6111,9.4111,True,2.68,-1.0,12.415120822462658,-0.726705,2.3351,2026-02-05 20:00:00+00:00,0.9177,0.82949918
SUI/USDT,SELL,range,27.606327664732852,4,moderate,True,1.0,False,,False,False,structural,SL,-1.0448,-1.2448,False,1.0,-0.253503224226554,41.76152099953106,-0.492186,0.719,2026-02-12 18:00:00+00:00,0.9093,0.9188
SUI/USDT,SELL,range,25.90716036427738,4,moderate,True,1.0,False,,False,False,structural,SL,-1.4912,-1.6912,False,1.0,-0.26777140447865544,46.68367307867885,-0.335212,1.0347,2026-02-12 19:00:00+00:00,0.9053,0.9188
SUI/USDT,SELL,range,30.387868124868923,5,moderate,False,0.0,False,,False,False,atr,SL,-2.1548,-2.3548,False,1.0,-1.0,29.356243249285182,-0.145578,1.7552,2026-02-24 03:00:00+00:00,0.8678,0.88649914
SUI/USDT,SELL,expansion,36.8022459447711,5,moderate,False,0.0,False,,False,False,atr,TP,4.5224,4.3224,True,2.0,-1.0,15.801003585106391,-0.460078,3.8673,2026-02-28 06:00:00+00:00,0.882,0.84211287
SUI/USDT,SELL,range,21.655876182089134,4,moderate,True,1.0,False,,False,False,structural,SL,-2.5609,-2.7609,False,1.0,-0.5281135122432876,36.17704168014195,-0.409676,0.5835,2026-03-01 19:00:00+00:00,0.8825,0.9051
SUI/USDT,SELL,compression,23.113745160149087,4,moderate,True,1.0,False,,False,False,atr,SL,-1.8154,-2.0154,False,1.0,-0.28442233118906896,42.93502774611707,0.014681,2.9306,2026-03-08 22:00:00+00:00,0.8776,0.89353161
SUI/USDT,SELL,expansion,22.215384667248358,5,moderate,False,0.0,False,,False,False,atr,TP,4.1744,3.9744,True,2.0,-1.0,19.451809798819646,-0.578228,1.9681,2026-03-18 14:00:00+00:00,0.9872,0.94599036
SUI/USDT,SELL,compression,31.747775023085246,5,moderate,False,0.0,True,bearish,False,False,bos,SL,-1.2228,-1.4228,False,1.0,-1.0,24.422510252128742,-0.137928,2.2077,2026-03-19 12:00:00+00:00,0.9594,0.9711315
SUI/USDT,SELL,range,22.906370554387063,4,moderate,True,1.0,True,bullish,False,False,atr,SL,-1.8752,-2.0752,False,1.0,-1.0,34.531631481114815,-0.337525,0.5745,2026-04-02 05:00:00+00:00,0.8549,0.87093072
SUI/USDT,SELL,range,35.182700469945324,4,moderate,False,0.0,False,,False,False,atr,TP,2.9121,2.7121,True,2.0,-1.0,32.07983355681126,0.096869,1.5143,2026-04-18 23:00:00+00:00,0.9607,0.93272362
SUI/USDT,SELL,compression,22.352493417834456,5,moderate,True,0.8,True,bullish,False,False,structural,TP,2.6684,2.4684,True,2.13,-0.6486227288222183,32.28454295649565,-0.052202,2.0323,2026-04-27 15:00:00+00:00,0.9274,0.90265365
SUI/USDT,SELL,range,24.62439789374291,4,moderate,True,1.0,True,bullish,False,False,atr,SL,-1.5185,-1.7185,False,1.0,-0.9320418464402939,27.433933679490615,-0.286484,0.6467,2026-04-29 18:00:00+00:00,0.8891,0.90260101
SUI/USDT,SELL,trend,28.481548548558916,4,moderate,True,1.0,True,bullish,False,False,atr,SL,-1.4427,-1.6427,False,1.0,-1.0,33.676309785414745,-0.164558,0.318,2026-04-29 20:00:00+00:00,0.8979,0.91085444
SUI/USDT,SELL,compression,23.94276836626406,4,moderate,True,1.0,False,,False,False,atr,SL,-1.1709,-1.3709,False,1.0,-0.27011246955955853,44.29580616144605,0.027684,7.254,2026-04-30 13:00:00+00:00,0.9056,0.91620361
SUI/USDT,SELL,range,21.209000485999173,3,weak,True,1.0,True,bullish,False,False,atr,SL,-1.6398,-1.8398,False,1.0,-0.7721156455170871,35.41631938416255,-0.029637,0.1615,2026-05-08 00:00:00+00:00,0.9696,0.98549957
SUI/USDT,SELL,range,48.2849489004307,5,moderate,False,0.0,False,,False,False,atr,TP,3.5748,3.3748,True,2.0,-1.0,18.186879635195204,-0.054356,1.6903,2026-05-16 06:00:00+00:00,1.0717,1.03338911
SUI/USDT,SELL,expansion,20.629681753811756,5,moderate,True,1.0,True,bullish,False,False,structural,SL,-1.1236,-1.3236,False,1.0,-0.2933484824293059,30.48917858285793,-0.208202,2.8359,2026-05-17 23:00:00+00:00,1.0591,1.071
SUI/USDT,SELL,trend,35.84277524146313,5,moderate,False,0.0,False,,False,False,atr,SL,-2.4665,-2.6665,False,1.0,-1.0,13.318287771739984,-0.322733,2.1344,2026-05-23 07:00:00+00:00,1.0242,1.04946187
SUI/USDT,SELL,range,22.719483744523245,5,moderate,False,0.0,False,,False,False,atr,SL,-1.7155,-1.9155,False,1.0,-0.7201440041019459,26.643211308563526,-0.229895,1.8781,2026-05-24 20:00:00+00:00,1.0369,1.05468841
SUI/USDT,SELL,range,20.654611945864524,4,moderate,True,1.0,False,,False,False,atr,TP,3.9497,3.7497,True,2.0,-1.0,24.925285824519808,-0.278699,0.6535,2026-05-26 21:00:00+00:00,1.0015,0.96194364
SUI/USDT,SELL,expansion,24.37350525916437,4,moderate,False,0.0,True,bearish,False,False,bos,TP,4.3014,4.1014,True,4.3,-1.0,27.91728695269184,-0.226344,1.3956,2026-05-27 21:00:00+00:00,0.9846,0.94224798
SUI/USDT,SELL,trend,32.923614959983276,5,moderate,False,0.0,False,,False,False,atr,TP,4.4781,4.2781,True,2.0,-1.0,15.596309496262071,-0.400746,2.5478,2026-05-28 03:00:00+00:00,0.9493,0.90678983
SUI/USDT,SELL,trend,34.400483732294354,5,moderate,False,0.0,False,,False,False,atr,SL,-2.7214,-2.9214,False,1.0,-0.6715689601892164,34.18730203695001,-0.295984,1.631,2026-06-03 20:00:00+00:00,0.8187,0.8409803
SUI/USDT,SELL,range,29.793387465343013,4,moderate,True,1.0,False,,False,False,structural,TP,5.9352,5.7352,True,3.37,-0.2782079605043075,44.068337818405546,-0.041869,1.0506,2026-06-04 00:00:00+00:00,0.8282,0.77904481
SUI/USDT,SELL,expansion,32.46777042557305,5,moderate,True,1.0,False,,False,False,atr,SL,-3.8394,-4.0394,False,1.0,-1.0,35.643135166186156,-0.47011,3.9464,2026-06-04 02:00:00+00:00,0.7768,0.80662456
SUI/USDT,SELL,trend,32.90431881905574,4,moderate,True,1.0,False,,False,False,structural,TP,8.6733,8.4733,True,8.67,-0.9968435057052759,43.69859340221624,-0.156764,0.8766,2026-06-04 04:00:00+00:00,0.8186,0.7476
SUI/USDT,SELL,trend,34.447964652143575,4,moderate,True,1.0,False,,False,False,atr,TP,6.9826,6.7826,True,2.0,-1.0,25.02582239043193,-0.390675,1.0255,2026-06-05 02:00:00+00:00,0.7531,0.7005139
SUI/USDT,SELL,expansion,38.029529786194765,5,moderate,False,0.0,False,,False,False,structural,SL,-3.9928,-4.1928,False,1.0,-1.0,21.755001072006795,-0.64977,3.4689,2026-06-05 06:00:00+00:00,0.7188,0.7475
SUI/USDT,SELL,range,22.05226534209812,4,moderate,True,0.8,False,,False,False,atr,TP,4.5316,4.3316,True,2.0,-1.0,32.87154824983787,-0.321299,0.5899,2026-06-18 00:00:00+00:00,0.7654,0.73071518
INJ/USDT,SELL,trend,34.92123735395284,5,moderate,False,0.0,False,,False,False,structural,SL,-1.0,-1.2,False,1.0,-0.6433041942095119,27.40805284051211,-0.143491,1.8655,2026-01-16 15:00:00+00:00,5.198,5.24998
INJ/USDT,SELL,expansion,38.71567182551823,5,moderate,False,0.0,False,,False,False,atr,SL,-1.9225,-2.1225,False,1.0,-1.0,11.066562394973177,-0.597509,1.6666,2026-01-25 19:00:00+00:00,4.287,4.36941632
INJ/USDT,SELL,range,41.96004428308854,4,moderate,False,0.0,False,,False,False,atr,SL,-2.2241,-2.4241,False,1.0,-1.0,35.408915076472134,0.173209,5.0894,2026-01-30 13:00:00+00:00,3.995,4.08385306
INJ/USDT,SELL,trend,28.83134542444762,5,moderate,False,0.0,False,,False,False,atr,TP,6.3049,6.1049,True,2.0,-1.0,19.770860006634535,-0.32488,4.2728,2026-02-05 13:00:00+00:00,3.328,3.11817159
INJ/USDT,SELL,expansion,31.692106233467847,5,moderate,False,0.0,False,,False,False,atr,TP,7.8413,7.6413,True,2.0,-1.0,13.762964256877938,-0.541683,2.244,2026-02-05 15:00:00+00:00,3.19,2.93986224
INJ/USDT,SELL,expansion,33.83970054237484,5,moderate,False,0.0,False,,False,False,atr,TP,4.6155,4.4155,True,2.0,-1.0,14.572586923323358,-0.447505,1.7478,2026-02-28 06:00:00+00:00,3.023,2.88347259
INJ/USDT,SELL,compression,21.544755220734498,3,weak,True,1.0,True,bullish,False,False,structural,SL,-1.0,-1.2,False,1.0,-0.2467006037948806,43.18494012079942,0.042819,2.2646,2026-04-13 07:00:00+00:00,2.914,2.94314
INJ/USDT,SELL,range,20.6254632723504,4,moderate,True,0.8,False,,False,False,atr,SL,-1.6812,-1.8812,False,1.0,-0.596783384247362,39.75383454628539,-0.055805,0.7768,2026-04-21 22:00:00+00:00,3.239,3.2934555
INJ/USDT,SELL,range,20.797579941719945,4,moderate,True,1.0,False,,False,False,atr,SL,-1.8237,-2.0237,False,1.0,-1.0,33.72500998967069,-0.144523,0.257,2026-04-29 20:00:00+00:00,3.438,3.50069991
INJ/USDT,SELL,range,20.725873939132757,4,moderate,True,0.8,True,bullish,False,False,atr,SL,-1.3596,-1.5596,False,1.0,-0.5871911784048631,35.11633766633669,-0.106856,0.604,2026-04-30 22:00:00+00:00,3.413,3.45940276
INJ/USDT,SELL,trend,28.128734960588663,5,moderate,False,0.0,False,,False,False,atr,SL,-2.4273,-2.6273,False,1.0,-1.0,34.20912332049453,-0.120787,1.5976,2026-05-18 10:00:00+00:00,4.537,4.64712734
INJ/USDT,SELL,range,23.079108823577684,5,moderate,False,0.0,False,,False,False,atr,SL,-4.1885,-4.3885,False,1.0,-1.0,37.82843918814586,-0.064576,2.6735,2026-05-23 11:00:00+00:00,4.974,5.18233365
INJ/USDT,SELL,trend,28.41105097630239,5,moderate,False,0.0,False,,False,False,atr,TP,9.7651,9.5651,True,2.0,-1.0,25.645675344974364,-0.456641,1.7955,2026-06-04 13:00:00+00:00,5.823,5.25437719
WIF/USDT,SELL,range,21.246048399447258,4,moderate,True,0.8,False,,False,False,atr,TP,3.547,3.347,True,2.0,-0.8721892786693868,22.508360735155545,-0.29176,0.9198,2026-01-25 17:00:00+00:00,0.3223,0.3108679
WIF/USDT,SELL,expansion,27.57179531252518,5,moderate,True,0.8,False,,False,False,atr,SL,-2.1239,-2.3239,False,1.0,-1.0,13.226094439607527,-0.573836,2.5302,2026-01-25 19:00:00+00:00,0.3176,0.32434547
WIF/USDT,SELL,range,35.559856022034275,5,moderate,False,0.0,False,,False,False,atr,TP,4.1573,3.9573,True,2.0,-1.0,21.919237189271726,-0.116845,2.4922,2026-01-29 14:00:00+00:00,0.3051,0.29241622
WIF/USDT,SELL,expansion,41.74699208479925,5,moderate,False,0.0,False,,True,True,atr,TP,5.3481,5.1481,True,2.0,-1.0,20.629406827186457,-0.335665,1.586,2026-01-29 18:00:00+00:00,0.2939,0.27818192
WIF/USDT,SELL,expansion,64.55434231743683,5,moderate,False,0.0,False,,False,False,atr,TP,7.6249,7.4249,True,2.0,-1.0,4.314574617806716,-1.092021,3.0388,2026-01-31 17:00:00+00:00,0.248,0.22909037
WIF/USDT,SELL,trend,52.026091431884446,5,moderate,False,0.0,False,,False,False,atr,SL,-3.4044,-3.6044,False,1.0,-1.0,30.236092479659142,-0.356652,2.1393,2026-02-01 16:00:00+00:00,0.2484,0.25685652
WIF/USDT,SELL,range,22.073480123838028,5,moderate,False,0.0,False,,False,False,atr,TP,6.2828,6.0828,True,2.0,-1.0,28.021646399023275,-0.288671,2.5658,2026-02-05 07:00:00+00:00,0.2403,0.22520252
WIF/USDT,SELL,expansion,32.91687396676972,5,moderate,False,0.0,False,,False,False,structural,SL,-2.2542,-2.4542,False,1.0,-1.0,28.94750337292912,-0.18432,1.7159,2026-02-11 16:00:00+00:00,0.2085,0.2132
WIF/USDT,SELL,compression,32.992583882611676,5,moderate,True,1.0,True,bullish,False,False,atr,TP,3.0415,2.8415,True,2.0,-1.0,24.678150329641127,-0.09686,2.457,2026-02-22 08:00:00+00:00,0.2181,0.21146638
WIF/USDT,SELL,trend,33.46003676376001,5,moderate,True,1.0,False,,False,False,atr,TP,4.5712,4.3712,True,2.0,-0.9369228571770744,35.39887482021454,-0.265404,2.0816,2026-02-23 17:00:00+00:00,0.2012,0.19200269
WIF/USDT,SELL,compression,37.457041290424485,5,moderate,True,1.0,False,,False,False,atr,SL,-1.9219,-2.1219,False,1.0,-1.0,21.521986830341614,-0.105669,2.7997,2026-02-24 13:00:00+00:00,0.1948,0.19854384
WIF/USDT,SELL,trend,30.09941693387982,5,moderate,False,0.0,False,,True,True,atr,TP,6.008,5.808,True,2.0,-1.0,17.46995052230671,-0.814746,1.7927,2026-03-06 13:00:00+00:00,0.1985,0.1865741
WIF/USDT,SELL,range,21.112029720905298,4,moderate,True,0.8,False,,False,False,structural,SL,-1.9477,-2.1477,False,1.0,-1.0,35.23020330943635,-0.055217,0.4291,2026-03-11 01:00:00+00:00,0.1643,0.1675
WIF/USDT,SELL,trend,28.044331575706913,4,moderate,True,0.8,True,bullish,False,False,atr,SL,-2.8782,-3.0782,False,1.0,-1.0,22.559850281578164,-0.630889,0.7045,2026-03-18 16:00:00+00:00,0.1749,0.17993393
WIF/USDT,SELL,compression,22.99160883881242,5,moderate,True,0.8,False,,False,False,atr,SL,-2.1108,-2.3108,False,1.0,-1.0,25.27902867960153,-0.238221,2.4929,2026-03-22 21:00:00+00:00,0.169,0.17256722
WIF/USDT,SELL,expansion,36.70342964401678,3,weak,False,0.0,False,,False,False,atr,TP,5.0567,4.8567,True,2.0,-1.0,31.3806151721162,0.096877,2.7551,2026-03-27 21:00:00+00:00,0.1792,0.17013836
WIF/USDT,SELL,compression,23.862900171041105,4,moderate,True,0.8,True,bullish,False,False,atr,SL,-1.9512,-2.1512,False,1.0,-1.0,34.75426088289746,-0.028194,11.6315,2026-04-02 11:00:00+00:00,0.1759,0.17933216
WIF/USDT,SELL,range,23.31901293997373,4,moderate,True,0.8,True,bullish,False,False,atr,SL,-2.173,-2.373,False,1.0,-0.7972345047190185,30.934769879876658,-0.615168,0.8988,2026-04-12 03:00:00+00:00,0.1906,0.19474178
WIF/USDT,SELL,expansion,22.773099720756868,4,moderate,True,1.0,False,,False,False,atr,TP,4.4628,4.2628,True,2.0,-1.0,22.317226789865074,-0.593486,0.5926,2026-04-23 00:00:00+00:00,0.1872,0.1788456
WIF/USDT,SELL,range,43.86921034815007,4,moderate,False,0.0,False,,False,False,atr,TP,4.2433,4.0433,True,2.0,-1.0,22.559917387677213,0.188481,2.0608,2026-04-23 12:00:00+00:00,0.1803,0.17264937
WIF/USDT,SELL,compression,22.756512868597166,5,moderate,True,0.8,True,bullish,False,False,atr,SL,-1.8611,-2.0611,False,1.0,-0.5908857114013154,34.998518736193915,-0.105285,7.4795,2026-04-27 15:00:00+00:00,0.1755,0.17876622
WIF/USDT,SELL,trend,27.419290499681445,5,moderate,False,0.0,False,,False,False,atr,SL,-2.4803,-2.6803,False,1.0,-1.0,36.33059984529338,-0.236015,2.0201,2026-05-13 19:00:00+00:00,0.2172,0.22258727
WIF/USDT,SELL,expansion,23.59224219977648,5,moderate,False,0.0,False,,False,False,atr,TP,5.2314,5.0314,True,2.0,-0.6809842992996848,31.40782276811499,-0.302813,2.259,2026-06-02 14:00:00+00:00,0.1868,0.17702769
WIF/USDT,SELL,range,31.83320453697341,4,moderate,False,0.0,False,,False,False,structural,TP,10.8488,10.6488,True,4.13,-1.0,38.4734562288702,0.084808,1.957,2026-06-05 11:00:00+00:00,0.1561,0.13916504
FLOKI/USDT,SELL,trend,27.443704358138756,5,moderate,False,0.0,False,,False,False,atr,SL,-1.7031,-1.9031,False,1.0,-0.7616930951450034,24.911138586425384,-0.162006,2.2989,2026-01-16 15:00:00+00:00,4.991e-05,5.076e-05
FLOKI/USDT,SELL,expansion,27.602308821990334,5,moderate,False,0.0,False,,True,True,atr,TP,3.6221,3.4221,True,2.0,-0.8302886454188049,22.635097729941442,-0.28183,3.2646,2026-01-18 23:00:00+00:00,4.859e-05,4.683e-05
FLOKI/USDT,SELL,range,25.722312569297273,3,weak,False,0.0,True,bearish,True,True,structural,TP,7.4883,7.2883,True,5.89,-0.34834649946068275,39.4845355465341,-0.100536,0.9821,2026-01-20 07:00:00+00:00,4.487e-05,4.151e-05
FLOKI/USDT,SELL,range,26.338190976126178,5,moderate,False,0.0,False,,False,False,structural,TP,3.0815,2.8815,True,3.02,-1.0,17.542968407219945,-0.151391,2.3237,2026-01-29 14:00:00+00:00,4.024e-05,3.9e-05
FLOKI/USDT,SELL,range,43.45736498042428,3,weak,True,1.0,True,bullish,False,False,structural,SL,-2.1866,-2.3866,False,1.0,-0.8084975905973787,44.03543964922886,0.089477,0.5712,2026-02-01 20:00:00+00:00,3.43e-05,3.505e-05
FLOKI/USDT,SELL,range,20.02864217698081,4,moderate,True,1.0,False,,False,False,structural,TP,5.7375,5.5375,True,2.39,-1.0,32.97985278479507,-0.120761,0.2137,2026-02-05 04:00:00+00:00,3.329e-05,3.138e-05
FLOKI/USDT,SELL,expansion,33.01468342167599,5,moderate,False,0.0,False,,False,False,atr,TP,4.3866,4.1866,True,1.98,-1.0,17.524003406482812,-0.423209,1.6853,2026-02-28 06:00:00+00:00,2.804e-05,2.681e-05
FLOKI/USDT,SELL,range,23.75349026043702,4,moderate,False,0.0,True,bearish,False,False,bos,SL,-1.1336,-1.3336,False,1.0,-1.0,31.29442093503047,-0.079676,0.8449,2026-03-19 16:00:00+00:00,2.911e-05,2.944e-05
FLOKI/USDT,SELL,compression,30.85355701424711,5,moderate,False,0.0,True,bearish,False,False,bos,SL,-2.0394,-2.2394,False,1.0,-1.0,27.479166841335534,-0.17058,9.9115,2026-03-27 15:00:00+00:00,2.795e-05,2.852e-05
FLOKI/USDT,SELL,range,32.567738982109354,4,moderate,False,0.0,False,,False,False,atr,SL,-1.8262,-2.0262,False,1.0,-1.0,30.26188838602038,0.037323,2.1301,2026-05-14 03:00:00+00:00,3.395e-05,3.457e-05
FLOKI/USDT,SELL,range,20.217838626572043,4,moderate,True,1.0,False,,False,False,structural,TP,4.1778,3.9778,True,2.56,-1.0,22.5189071018209,-0.417522,0.3979,2026-05-15 13:00:00+00:00,3.375e-05,3.234e-05
FLOKI/USDT,SELL,range,22.386158959162948,4,moderate,True,1.0,False,,False,False,atr,TP,4.4749,4.2749,True,2.01,-1.0,30.772870024994067,-0.438724,0.6494,2026-05-15 14:00:00+00:00,3.285e-05,3.138e-05
FLOKI/USDT,SELL,trend,39.640214345558185,5,moderate,False,0.0,False,,False,False,atr,SL,-1.7411,-1.9411,False,1.0,-1.0,14.984097816461365,-0.346223,1.8859,2026-05-16 09:00:00+00:00,3.159e-05,3.214e-05
FLOKI/USDT,SELL,expansion,28.752089880990013,5,moderate,False,0.0,False,,False,False,atr,TP,3.4054,3.2054,True,2.0,-1.0,18.849998188935455,-0.384277,4.8943,2026-05-18 02:00:00+00:00,3.054e-05,2.95e-05
FLOKI/USDT,SELL,range,20.828950942385774,4,moderate,True,1.0,True,bullish,False,False,atr,SL,-1.6032,-1.8032,False,1.0,-0.2445745647370397,37.912730677163594,-0.157541,0.0042,2026-05-19 11:00:00+00:00,2.994e-05,3.042e-05
FLOKI/USDT,SELL,expansion,30.790582245004714,5,moderate,False,0.0,False,,False,False,atr,TP,3.7466,3.5466,True,2.0,-1.0,18.714514855172464,-0.432737,2.4235,2026-05-22 23:00:00+00:00,2.936e-05,2.826e-05
FLOKI/USDT,SELL,range,46.17497348880505,4,moderate,True,1.0,False,,False,False,structural,SL,-1.4386,-1.6386,False,1.0,-1.0,30.45759991843124,0.094917,1.9144,2026-05-28 14:00:00+00:00,2.711e-05,2.75e-05
FLOKI/USDT,SELL,trend,39.06087804469471,5,moderate,False,0.0,True,bearish,False,False,structural,TP,4.7315,4.5315,True,2.25,-0.8684972772919547,27.718459613320007,-0.377149,1.5325,2026-06-03 20:00:00+00:00,2.663e-05,2.537e-05
FIL/USDT,SELL,range,22.181638605914006,5,moderate,False,0.0,False,,False,False,atr,SL,-3.1844,-3.3844,False,1.0,-1.0,23.90247382157511,-0.641242,1.6805,2026-01-15 18:00:00+00:00,1.485,1.53228838
FIL/USDT,SELL,range,22.384735166773087,3,weak,True,0.8,False,,True,True,structural,TP,6.331,6.131,True,3.71,-0.9033800531019524,41.461174054935064,-0.002563,0.7947,2026-02-05 01:00:00+00:00,1.054,0.98727109
FIL/USDT,SELL,trend,30.52397145337454,5,moderate,False,0.0,False,,False,False,atr,TP,6.4047,6.2047,True,2.0,-1.0,21.54881791103312,-0.383167,4.9265,2026-02-05 12:00:00+00:00,0.999,0.93501693
FIL/USDT,SELL,expansion,33.68973881152566,5,moderate,False,0.0,False,,False,False,atr,TP,8.0148,7.8148,True,2.0,-1.0,17.055033085366546,-0.585009,3.1892,2026-02-05 15:00:00+00:00,0.961,0.88397748
FIL/USDT,SELL,expansion,42.768704372253296,5,moderate,False,0.0,False,,True,True,atr,TP,9.3904,9.1904,True,2.0,-1.0,14.0453668320107,-0.805644,2.15,2026-02-05 20:00:00+00:00,0.921,0.83451478
FIL/USDT,SELL,expansion,23.392254682140003,5,moderate,True,0.8,False,,False,False,structural,SL,-1.2435,-1.4435,False,1.0,-0.2665029508348827,41.75454553554894,-0.109257,1.7899,2026-02-16 15:00:00+00:00,0.965,0.977
FIL/USDT,SELL,compression,22.88392430362948,5,moderate,False,0.0,True,bearish,False,False,bos,SL,-1.0,-1.2,False,1.0,-0.9552004320738534,22.059385567031313,-0.164512,2.4343,2026-02-19 13:00:00+00:00,0.915,0.92415
FIL/USDT,SELL,expansion,36.121769970473906,5,moderate,False,0.0,False,,False,False,atr,SL,-2.0276,-2.2276,False,1.0,-1.0,17.009158695424276,-0.383909,5.3429,2026-02-23 01:00:00+00:00,0.89,0.90804587
FIL/USDT,SELL,trend,29.085505910614145,5,moderate,False,0.0,False,,False,False,atr,TP,4.9226,4.7226,True,2.0,-1.0,17.245027331341785,-0.506992,3.6253,2026-02-28 06:00:00+00:00,0.97,0.92225096
FIL/USDT,SELL,expansion,20.08240000026185,5,moderate,True,0.8,True,bullish,False,False,atr,TP,5.5429,5.3429,True,2.0,-1.0,22.527506423364837,-0.578525,4.5125,2026-03-10 18:00:00+00:00,0.909,0.85861478
FIL/USDT,SELL,range,24.981351230567327,4,moderate,True,0.8,False,,False,False,atr,SL,-2.8648,-3.0648,False,1.0,-1.0,20.27413543800808,-0.769999,1.3587,2026-03-10 21:00:00+00:00,0.861,0.8856657
FIL/USDT,SELL,trend,31.731680270035408,4,moderate,True,0.6,True,bullish,False,False,atr,TP,5.2505,5.0505,True,2.0,-1.0,35.26266623429877,-0.698988,0.5885,2026-03-22 02:00:00+00:00,0.884,0.83758569
FIL/USDT,SELL,compression,23.245230382995373,5,moderate,True,1.0,True,bullish,False,False,atr,SL,-1.8046,-2.0046,False,1.0,-1.0,34.39476352775817,-0.244867,6.2175,2026-04-02 06:00:00+00:00,0.811,0.82563529
FIL/USDT,SELL,range,50.29208194478835,4,moderate,False,0.0,False,,False,False,atr,SL,-1.6994,-1.8994,False,1.0,-1.0,24.81284891450538,0.007649,2.9631,2026-04-19 08:00:00+00:00,0.921,0.9366518
FIL/USDT,SELL,range,39.23804053125879,5,moderate,False,0.0,False,,False,False,atr,SL,-1.7586,-1.9586,False,1.0,-0.8822624381949541,29.786605857417136,-0.111669,16.2362,2026-04-19 22:00:00+00:00,0.906,0.92193288
FIL/USDT,SELL,range,31.40818799722543,4,moderate,False,0.0,False,,False,False,atr,SL,-1.626,-1.826,False,1.0,-0.49595768032436643,39.76755906903232,0.075529,6.9103,2026-04-20 05:00:00+00:00,0.913,0.92784519
FIL/USDT,SELL,expansion,25.702449257484712,4,moderate,True,0.8,True,bullish,False,False,atr,SL,-1.5456,-1.7456,False,1.0,-1.0,23.679781611311753,-0.163809,1.2885,2026-04-27 15:00:00+00:00,0.918,0.93218901
FIL/USDT,SELL,range,27.549366384859916,4,moderate,False,0.0,False,,False,False,atr,TP,4.2861,4.0861,True,2.0,-1.0,36.925123410723174,0.051392,2.8708,2026-05-11 12:00:00+00:00,1.127,1.07869517
FIL/USDT,SELL,range,26.691334582919186,4,moderate,True,0.8,False,,False,False,structural,TP,3.6929,3.4929,True,3.69,-0.23586637816343917,34.188322668170855,-0.232501,0.5715,2026-05-15 04:00:00+00:00,1.047,1.0083358
FIL/USDT,SELL,expansion,37.302032243206554,5,moderate,True,0.8,False,,False,False,atr,TP,4.3,4.1,True,2.0,-1.0,20.67440042361139,-0.375155,1.6702,2026-05-15 13:00:00+00:00,1.023,0.97901053
FIL/USDT,SELL,trend,39.51806400551193,4,moderate,True,0.8,False,,False,False,atr,SL,-2.3172,-2.5172,False,1.0,-1.0,28.541880543122996,-0.408337,0.9862,2026-05-15 14:00:00+00:00,0.997,1.02010226
FIL/USDT,SELL,trend,34.695824523009385,5,moderate,False,0.0,False,,False,False,atr,TP,3.8118,3.6118,True,2.0,-0.8532296723517279,27.82327752897368,-0.176525,1.5636,2026-05-16 06:00:00+00:00,0.991,0.95322486
FIL/USDT,SELL,trend,36.98986260802026,4,moderate,True,0.8,False,,False,False,atr,TP,4.6293,4.4293,True,2.0,-1.0,33.35523660261376,-0.142541,0.2637,2026-05-23 03:00:00+00:00,0.969,0.9241425
FIL/USDT,SELL,trend,39.89539522962763,5,moderate,True,0.8,False,,False,False,atr,SL,-2.5045,-2.7045,False,1.0,-1.0,17.148082576080434,-0.331659,1.7264,2026-05-23 07:00:00+00:00,0.959,0.98301797
FIL/USDT,SELL,range,23.381206218771702,5,moderate,False,0.0,False,,False,False,atr,SL,-1.6145,-1.8145,False,1.0,-0.901839541304318,22.1647116475312,-0.216151,3.4776,2026-05-24 21:00:00+00:00,0.952,0.96737048
FIL/USDT,SELL,trend,32.61191488176607,4,moderate,False,0.0,True,bearish,True,True,atr,SL,-2.1231,-2.3231,False,1.0,-0.9820163383307585,36.20271084104034,-0.107003,0.8334,2026-06-01 11:00:00+00:00,0.922,0.94157459
FIL/USDT,SELL,expansion,23.517346659843,5,moderate,False,0.0,False,,False,False,structural,TP,5.9928,5.7928,True,5.99,-1.0,26.259194516605834,-0.577769,1.8392,2026-06-02 15:00:00+00:00,0.904,0.84982466
FIL/USDT,SELL,expansion,25.340078750337057,5,moderate,True,0.8,False,,False,False,structural,SL,-2.8103,-3.0103,False,1.0,-1.0,33.05498866122231,-1.033718,2.4905,2026-06-04 02:00:00+00:00,0.854,0.878
FIL/USDT,SELL,trend,26.57296478661948,4,moderate,True,1.0,False,,False,False,structural,SL,-1.0,-1.2,False,1.0,-1.0,41.35968230525637,-0.781697,0.7766,2026-06-04 03:00:00+00:00,0.886,0.89486
FIL/USDT,SELL,trend,42.43646987552488,5,moderate,False,0.0,False,,False,False,structural,TP,10.4467,10.2467,True,5.52,-1.0,30.71729934240975,-0.302332,1.6278,2026-06-05 13:00:00+00:00,0.793,0.71015797
GRT/USDT,SELL,expansion,30.62232945036436,5,moderate,False,0.0,False,,False,False,atr,TP,7.2628,7.0628,True,2.0,-1.0,14.03652595764838,-0.602841,1.9097,2026-02-05 15:00:00+00:00,0.02653,0.02460319
GRT/USDT,SELL,trend,35.620112327532816,4,moderate,False,0.0,True,bearish,False,False,bos,TP,3.7061,3.5061,True,2.19,-1.0,23.32310887420262,-0.231462,1.1902,2026-05-16 06:00:00+00:00,0.02621,0.02523862
GRT/USDT,SELL,range,25.143717830369802,5,moderate,False,0.0,False,,False,False,atr,TP,4.7987,4.5987,True,2.0,-0.9603018030997282,32.39263766288566,-0.065752,1.6845,2026-06-02 14:00:00+00:00,0.02476,0.02357183
GRT/USDT,SELL,range,42.49856432375219,5,moderate,False,0.0,False,,False,False,atr,TP,7.4833,7.2833,True,2.0,-1.0,32.6421970343294,-0.120435,1.8446,2026-06-05 11:00:00+00:00,0.02023,0.01871613
